ID,Gender,Age,Major,Sleep,Study,Social_Hours,Attendance,Attendance_Grade,P_CGPA,F_CGPA,CGPA_Diff,Trend,Efficiency,Top_15
ID00001,Male,20,Engineering,9.1,4.4,8,83.9,Normal,2.65,2.78,0.1299999999999999,Other,0.63,False
ID00002,Female,24,Business,4.0,4.0,4,80.7,Normal,3.58,3.76,0.17999999999999972,Other,0.94,False
ID00003,Female,20,Mathematics,6.7,3.9,4,91.5,Excellent,3.29,3.75,0.45999999999999996,Other,0.96,False
ID00004,Female,23,Engineering,4.0,8.8,6,73.9,Danger,3.48,3.69,0.20999999999999996,Other,0.42,False
ID00005,Male,21,Economics,8.7,2.2,6,79.8,Normal,2.66,2.34,-0.3200000000000003,Other,1.06,False
ID00006,Male,20,Business,7.0,3.5,7,86.8,Normal,2.16,2.41,0.25,Other,0.69,False
ID00007,Male,22,Mathematics,8.7,3.6,5,77.5,Normal,2.66,2.69,0.029999999999999805,Maintain,0.75,False
ID00008,Female,20,Psychology,7.4,4.7,4,95.0,Excellent,3.44,3.76,0.31999999999999984,Other,0.8,False
ID00009,Female,22,Computer Science,5.0,4.3,12,100.0,Excellent,4.0,4.0,0.0,Maintain,0.93,True
ID00010,Female,24,Economics,5.5,4.1,3,73.7,Danger,2.89,3.01,0.11999999999999966,Other,0.73,False
ID00011,Male,20,Business,6.8,2.2,14,60.0,Danger,4.0,4.0,0.0,Maintain,1.82,True
ID00012,Female,22,Computer Science,7.9,4.3,4,55.0,Danger,3.51,3.38,-0.1299999999999999,Other,0.79,False
ID00013,Female,20,Psychology,7.1,6.0,9,82.7,Normal,2.4,2.75,0.3500000000000001,Other,0.46,False
ID00014,Male,24,Engineering,7.3,4.8,6,75.1,Normal,3.21,3.2,-0.009999999999999787,Maintain,0.67,False
ID00015,Male,20,Engineering,6.5,2.1,10,88.1,Normal,3.53,3.71,0.18000000000000016,Other,1.77,False
ID00016,Male,19,Mathematics,8.7,4.5,11,87.0,Normal,1.89,2.03,0.1399999999999999,Other,0.45,False
ID00017,Male,22,Business,7.2,4.3,8,61.0,Danger,3.42,3.36,-0.06000000000000005,Maintain,0.78,False
ID00018,Male,24,Business,7.1,3.4,14,57.8,Danger,3.69,3.31,-0.3799999999999999,Other,0.97,False
ID00019,Male,22,Mathematics,7.4,4.8,8,89.4,Normal,3.3,3.75,0.4500000000000002,Other,0.78,False
ID00020,Male,22,Computer Science,6.4,2.9,11,87.0,Normal,3.07,3.41,0.3400000000000003,Other,1.18,False
ID00021,Female,18,Engineering,6.5,6.2,7,78.6,Normal,3.01,3.11,0.10000000000000009,Other,0.5,False
ID00022,Male,24,Engineering,7.7,11.0,7,60.1,Danger,2.98,3.26,0.2799999999999998,Other,0.3,False
ID00023,Male,20,Business,8.2,6.5,8,92.1,Excellent,2.51,2.93,0.4200000000000004,Other,0.45,False
ID00024,Male,22,Business,8.3,2.6,6,100.0,Excellent,2.76,2.79,0.03000000000000025,Maintain,1.07,False
ID00025,Male,23,Mathematics,6.7,6.0,4,89.2,Normal,2.89,3.2,0.31000000000000005,Other,0.53,False
ID00026,Female,18,Psychology,7.2,6.8,12,72.3,Danger,3.16,3.3,0.13999999999999968,Other,0.49,False
ID00027,Male,19,Computer Science,6.1,5.2,9,85.7,Normal,2.82,3.26,0.43999999999999995,Other,0.63,False
ID00028,Male,22,Economics,8.2,5.6,5,64.5,Danger,2.67,2.79,0.1200000000000001,Other,0.5,False
ID00029,Female,22,Psychology,5.6,4.0,9,100.0,Excellent,3.48,3.8,0.31999999999999984,Other,0.95,False
ID00030,Male,18,Psychology,7.3,1.9,7,86.2,Normal,3.29,3.49,0.20000000000000018,Other,1.84,False
ID00031,Female,20,Business,8.3,3.9,6,58.5,Danger,2.83,2.54,-0.29000000000000004,Other,0.65,False
ID00032,Male,23,Business,7.2,2.3,7,80.5,Normal,3.35,3.5,0.1499999999999999,Other,1.52,False
ID00033,Male,19,Business,7.5,3.7,8,91.9,Excellent,2.87,3.2,0.33000000000000007,Other,0.86,False
ID00034,Female,22,Psychology,6.6,3.0,10,80.0,Normal,3.13,3.48,0.3500000000000001,Other,1.16,False
ID00035,Female,20,Computer Science,4.2,2.2,10,80.9,Normal,3.59,3.85,0.26000000000000023,Other,1.75,False
ID00036,Female,24,Business,6.0,8.6,7,66.6,Danger,2.8,2.91,0.11000000000000032,Other,0.34,False
ID00037,Male,23,Engineering,7.1,4.2,7,93.5,Excellent,2.51,2.71,0.20000000000000018,Other,0.65,False
ID00038,Male,24,Computer Science,6.0,3.1,4,75.3,Normal,3.03,2.86,-0.16999999999999993,Other,0.92,False
ID00039,Female,23,Engineering,7.7,1.4,7,52.7,Danger,2.42,2.06,-0.3599999999999999,Other,1.47,False
ID00040,Male,19,Computer Science,4.8,6.6,4,79.4,Normal,2.96,3.07,0.10999999999999988,Other,0.47,False
ID00041,Male,21,Business,4.1,4.8,10,99.7,Excellent,2.96,3.05,0.08999999999999986,Maintain,0.64,False
ID00042,Male,23,Economics,8.0,11.9,9,79.2,Normal,1.87,2.38,0.5099999999999998,Improve,0.2,False
ID00043,Male,21,Mathematics,6.5,2.7,7,100.0,Excellent,3.37,3.76,0.3899999999999997,Other,1.39,False
ID00044,Female,24,Business,7.5,8.2,10,91.4,Excellent,3.01,3.42,0.41000000000000014,Other,0.42,False
ID00045,Male,23,Psychology,6.2,3.9,4,90.1,Excellent,3.69,3.97,0.28000000000000025,Other,1.02,True
ID00046,Female,19,Economics,7.8,2.4,8,83.1,Normal,3.21,3.62,0.41000000000000014,Other,1.51,False
ID00047,Male,18,Psychology,9.0,3.3,8,84.0,Normal,3.47,3.76,0.2899999999999996,Other,1.14,False
ID00048,Male,19,Computer Science,9.1,4.5,5,81.0,Normal,3.7,3.9,0.19999999999999973,Other,0.87,True
ID00049,Male,19,Psychology,6.0,3.1,7,80.5,Normal,3.03,3.43,0.40000000000000036,Other,1.11,False
ID00050,Male,18,Economics,6.4,2.0,9,93.0,Excellent,3.1,3.5,0.3999999999999999,Other,1.75,False
ID00051,Female,18,Economics,7.3,2.4,6,71.0,Danger,2.31,2.2,-0.10999999999999988,Other,0.92,False
ID00052,Female,20,Business,9.8,5.7,12,68.9,Danger,3.72,3.83,0.10999999999999988,Other,0.67,False
ID00053,Female,23,Engineering,5.3,2.2,10,68.2,Danger,3.03,2.73,-0.2999999999999998,Other,1.24,False
ID00054,Female,24,Business,5.3,2.9,11,100.0,Excellent,2.6,2.62,0.020000000000000018,Maintain,0.9,False
ID00055,Female,20,Computer Science,8.3,2.2,7,93.0,Excellent,3.47,3.66,0.18999999999999995,Other,1.66,False
ID00056,Female,18,Psychology,6.0,4.9,7,89.6,Normal,2.01,2.4,0.3900000000000001,Other,0.49,False
ID00057,Male,21,Engineering,8.0,14.0,7,69.1,Danger,2.89,3.56,0.6699999999999999,Improve,0.25,False
ID00058,Male,24,Mathematics,6.1,5.6,9,94.4,Excellent,3.55,4.0,0.4500000000000002,Other,0.71,True
ID00059,Male,21,Economics,7.5,2.6,5,83.3,Normal,2.88,3.07,0.18999999999999995,Other,1.18,False
ID00060,Male,19,Engineering,6.2,4.9,8,88.2,Normal,2.74,3.14,0.3999999999999999,Other,0.64,False
ID00061,Male,22,Engineering,5.5,2.7,9,70.4,Danger,2.89,2.88,-0.010000000000000231,Maintain,1.07,False
ID00062,Male,19,Business,7.2,4.7,2,87.4,Normal,2.1,2.39,0.29000000000000004,Other,0.51,False
ID00063,Female,19,Mathematics,5.2,9.1,8,78.6,Normal,3.46,3.61,0.1499999999999999,Other,0.4,False
ID00064,Male,22,Economics,7.7,4.1,4,73.5,Danger,3.04,2.92,-0.1200000000000001,Other,0.71,False
ID00065,Male,23,Computer Science,6.6,5.1,16,96.0,Excellent,2.96,2.92,-0.040000000000000036,Maintain,0.57,False
ID00066,Male,18,Computer Science,5.0,4.2,6,61.9,Danger,2.97,2.97,0.0,Maintain,0.71,False
ID00067,Male,21,Engineering,7.4,7.0,13,93.5,Excellent,3.11,3.61,0.5,Improve,0.52,False
ID00068,Female,19,Engineering,7.4,6.1,7,95.3,Excellent,3.43,3.75,0.31999999999999984,Other,0.61,False
ID00069,Male,22,Psychology,4.0,3.4,6,71.8,Danger,3.07,2.79,-0.2799999999999998,Other,0.82,False
ID00070,Female,20,Mathematics,6.9,6.1,6,72.7,Danger,2.42,2.44,0.020000000000000018,Maintain,0.4,False
ID00071,Female,19,Economics,7.0,4.7,2,81.7,Normal,3.39,3.87,0.48,Other,0.82,True
ID00072,Male,21,Engineering,7.1,3.2,9,89.2,Normal,3.35,3.5,0.1499999999999999,Other,1.09,False
ID00073,Male,18,Psychology,4.3,3.3,5,82.7,Normal,3.2,3.38,0.17999999999999972,Other,1.02,False
ID00074,Female,19,Mathematics,7.5,4.6,4,91.5,Excellent,3.64,3.92,0.2799999999999998,Other,0.85,True
ID00075,Female,19,Economics,7.8,5.1,6,100.0,Excellent,3.12,3.54,0.41999999999999993,Other,0.69,False
ID00076,Female,23,Computer Science,5.6,3.8,9,77.4,Normal,3.66,3.6,-0.06000000000000005,Maintain,0.95,False
ID00077,Female,22,Psychology,4.9,5.1,4,59.3,Danger,3.8,3.7,-0.09999999999999964,Maintain,0.73,False
ID00078,Male,20,Mathematics,5.5,2.6,5,97.4,Excellent,3.39,3.68,0.29000000000000004,Other,1.42,False
ID00079,Male,20,Psychology,7.2,2.1,7,100.0,Excellent,2.73,3.16,0.43000000000000016,Other,1.5,False
ID00080,Male,24,Engineering,5.1,1.5,6,90.9,Excellent,3.03,3.19,0.16000000000000014,Other,2.13,False
ID00081,Female,18,Business,5.0,5.6,6,68.7,Danger,3.72,3.85,0.1299999999999999,Other,0.69,False
ID00082,Female,24,Computer Science,10.0,1.5,17,83.1,Normal,2.35,2.33,-0.020000000000000018,Maintain,1.55,False
ID00083,Male,21,Engineering,7.0,5.1,6,68.2,Danger,2.9,2.82,-0.08000000000000007,Maintain,0.55,False
ID00084,Male,18,Engineering,6.5,3.1,13,94.6,Excellent,2.93,3.4,0.46999999999999975,Other,1.1,False
ID00085,Male,19,Mathematics,6.0,3.5,6,64.7,Danger,2.67,2.58,-0.08999999999999986,Maintain,0.74,False
ID00086,Male,19,Psychology,6.4,3.5,8,80.5,Normal,3.54,3.95,0.41000000000000014,Other,1.13,True
ID00087,Female,20,Computer Science,9.7,13.7,10,69.9,Danger,3.29,3.83,0.54,Improve,0.28,False
ID00088,Female,21,Engineering,8.2,2.9,6,86.9,Normal,2.74,2.78,0.03999999999999959,Maintain,0.96,False
ID00089,Female,22,Mathematics,10.0,2.3,12,79.5,Normal,3.4,3.45,0.050000000000000266,Maintain,1.5,False
ID00090,Male,21,Computer Science,7.6,10.7,9,87.7,Normal,3.02,3.88,0.8599999999999999,Improve,0.36,True
ID00091,Male,19,Psychology,5.6,1.7,8,85.3,Normal,2.65,2.85,0.20000000000000018,Other,1.68,False
ID00092,Female,22,Engineering,7.4,1.9,1,70.2,Danger,2.74,2.55,-0.1900000000000004,Other,1.34,False
ID00093,Female,21,Economics,7.8,6.7,6,94.4,Excellent,3.32,3.83,0.5100000000000002,Improve,0.57,False
ID00094,Female,21,Engineering,7.9,5.2,2,84.3,Normal,3.57,3.92,0.3500000000000001,Other,0.75,True
ID00095,Female,22,Engineering,6.3,3.3,12,70.2,Danger,2.86,3.05,0.18999999999999995,Other,0.92,False
ID00096,Male,19,Computer Science,9.7,2.2,10,100.0,Excellent,3.37,3.49,0.1200000000000001,Other,1.59,False
ID00097,Male,21,Computer Science,5.1,1.0,8,92.1,Excellent,3.89,4.0,0.10999999999999988,Other,4.0,True
ID00098,Male,22,Computer Science,7.5,9.4,10,82.7,Normal,2.47,3.14,0.6699999999999999,Improve,0.33,False
ID00099,Male,23,Computer Science,6.6,6.1,5,100.0,Excellent,3.28,3.64,0.3600000000000003,Other,0.6,False
ID00100,Male,23,Mathematics,5.8,8.9,9,100.0,Excellent,3.52,4.0,0.48,Other,0.45,True
ID00101,Male,19,Business,7.4,7.4,10,82.8,Normal,3.05,3.53,0.48,Other,0.48,False
ID00102,Female,22,Mathematics,8.9,5.4,8,90.2,Excellent,3.72,3.99,0.27,Other,0.74,True
ID00103,Male,23,Engineering,7.6,2.9,16,70.2,Danger,4.0,3.84,-0.16000000000000014,Other,1.32,False
ID00104,Male,22,Mathematics,7.4,2.2,6,82.8,Normal,3.27,3.39,0.1200000000000001,Other,1.54,False
ID00105,Female,21,Psychology,4.0,7.8,9,82.0,Normal,2.98,3.38,0.3999999999999999,Other,0.43,False
ID00106,Male,19,Economics,8.4,3.1,8,87.8,Normal,3.59,3.6,0.010000000000000231,Maintain,1.16,False
ID00107,Male,23,Computer Science,6.4,2.2,11,90.0,Normal,3.52,3.68,0.16000000000000014,Other,1.67,False
ID00108,Female,24,Psychology,7.8,2.7,7,93.4,Excellent,1.84,2.17,0.32999999999999985,Other,0.8,False
ID00109,Male,21,Economics,8.4,8.1,11,88.6,Normal,3.1,3.39,0.29000000000000004,Other,0.42,False
ID00110,Male,24,Psychology,7.3,2.4,15,66.8,Danger,2.9,2.78,-0.1200000000000001,Other,1.16,False
ID00111,Male,24,Engineering,4.0,3.3,11,70.9,Danger,3.3,3.37,0.07000000000000028,Maintain,1.02,False
ID00112,Male,18,Computer Science,9.1,3.9,5,76.8,Normal,3.0,3.02,0.020000000000000018,Maintain,0.77,False
ID00113,Female,18,Psychology,9.7,4.7,8,80.8,Normal,3.06,3.17,0.10999999999999988,Other,0.67,False
ID00114,Female,19,Engineering,8.2,2.3,9,100.0,Excellent,2.67,3.03,0.3599999999999999,Other,1.32,False
ID00115,Female,23,Computer Science,5.9,3.8,6,67.6,Danger,3.47,3.59,0.11999999999999966,Other,0.94,False
ID00116,Female,23,Business,8.8,6.8,8,79.6,Normal,3.93,3.88,-0.050000000000000266,Maintain,0.57,True
ID00117,Female,23,Engineering,6.6,11.9,12,99.3,Excellent,2.68,3.59,0.9099999999999997,Improve,0.3,False
ID00118,Male,22,Mathematics,6.9,2.0,5,80.5,Normal,2.4,2.67,0.27,Other,1.34,False
ID00119,Female,21,Computer Science,8.8,2.2,5,91.9,Excellent,3.11,3.44,0.33000000000000007,Other,1.56,False
ID00120,Male,23,Psychology,8.0,2.4,6,82.9,Normal,3.09,3.55,0.45999999999999996,Other,1.48,False
ID00121,Female,21,Economics,4.0,5.9,9,88.9,Normal,3.69,4.0,0.31000000000000005,Other,0.68,True
ID00122,Female,19,Psychology,7.3,2.1,8,81.6,Normal,2.49,2.66,0.16999999999999993,Other,1.27,False
ID00123,Male,24,Mathematics,8.8,3.7,8,95.0,Excellent,2.83,3.23,0.3999999999999999,Other,0.87,False
ID00124,Male,23,Mathematics,5.0,3.5,6,61.8,Danger,2.03,1.98,-0.04999999999999982,Maintain,0.57,False
ID00125,Male,19,Psychology,8.5,12.5,11,79.6,Normal,3.79,4.0,0.20999999999999996,Other,0.32,True
ID00126,Male,23,Economics,4.5,2.9,4,89.4,Normal,3.23,3.41,0.18000000000000016,Other,1.18,False
ID00127,Female,18,Computer Science,6.7,2.8,8,93.0,Excellent,2.87,3.12,0.25,Other,1.11,False
ID00128,Female,20,Engineering,7.8,5.9,6,100.0,Excellent,2.44,3.06,0.6200000000000001,Improve,0.52,False
ID00129,Male,19,Mathematics,6.6,4.9,6,79.1,Normal,2.48,2.7,0.2200000000000002,Other,0.55,False
ID00130,Male,23,Mathematics,8.8,2.7,11,100.0,Excellent,3.31,3.31,0.0,Maintain,1.23,False
ID00131,Male,20,Mathematics,4.9,8.4,3,75.1,Normal,2.55,2.52,-0.029999999999999805,Maintain,0.3,False
ID00132,Male,19,Economics,8.2,1.6,10,100.0,Excellent,3.15,3.11,-0.040000000000000036,Maintain,1.94,False
ID00133,Male,22,Business,7.1,4.0,9,97.3,Excellent,4.0,4.0,0.0,Maintain,1.0,True
ID00134,Male,23,Economics,5.7,3.4,4,71.3,Danger,2.93,2.98,0.04999999999999982,Maintain,0.88,False
ID00135,Female,22,Computer Science,7.7,3.8,13,89.6,Normal,2.62,2.97,0.3500000000000001,Other,0.78,False
ID00136,Male,18,Computer Science,6.9,2.7,7,84.2,Normal,3.29,3.59,0.2999999999999998,Other,1.33,False
ID00137,Male,23,Computer Science,9.2,3.8,11,94.4,Excellent,2.49,2.63,0.13999999999999968,Other,0.69,False
ID00138,Female,24,Computer Science,7.9,4.6,6,81.7,Normal,3.96,4.0,0.040000000000000036,Maintain,0.87,True
ID00139,Male,18,Computer Science,7.6,0.7,9,80.4,Normal,3.8,3.89,0.0900000000000003,Maintain,5.56,True
ID00140,Female,20,Psychology,6.0,3.1,5,100.0,Excellent,3.02,3.23,0.20999999999999996,Other,1.04,False
ID00141,Female,19,Mathematics,7.2,2.5,6,83.5,Normal,2.65,2.88,0.22999999999999998,Other,1.15,False
ID00142,Male,21,Economics,6.1,10.3,7,97.4,Excellent,2.89,3.37,0.48,Other,0.33,False
ID00143,Male,18,Psychology,6.9,5.3,5,81.6,Normal,2.95,3.55,0.5999999999999996,Improve,0.67,False
ID00144,Male,21,Economics,8.9,2.4,11,100.0,Excellent,3.29,3.63,0.33999999999999986,Other,1.51,False
ID00145,Male,21,Business,6.6,3.0,6,74.8,Danger,3.62,3.74,0.1200000000000001,Other,1.25,False
ID00146,Male,19,Engineering,4.8,3.4,9,75.8,Normal,2.58,2.53,-0.050000000000000266,Maintain,0.74,False
ID00147,Female,20,Mathematics,7.7,2.9,10,100.0,Excellent,3.61,4.0,0.3900000000000001,Other,1.38,True
ID00148,Male,19,Business,8.2,5.5,9,78.3,Normal,3.41,3.62,0.20999999999999996,Other,0.66,False
ID00149,Male,23,Psychology,9.4,9.3,11,100.0,Excellent,2.85,3.28,0.4299999999999997,Other,0.35,False
ID00150,Male,18,Engineering,8.3,0.4,10,98.4,Excellent,2.56,2.58,0.020000000000000018,Maintain,6.45,False
ID00151,Female,21,Business,6.6,3.3,8,82.7,Normal,3.16,3.57,0.4099999999999997,Other,1.08,False
ID00152,Male,19,Economics,7.4,11.9,15,57.8,Danger,2.57,2.77,0.20000000000000018,Other,0.23,False
ID00153,Male,19,Engineering,7.6,3.4,3,84.7,Normal,3.61,4.0,0.3900000000000001,Other,1.18,True
ID00154,Male,19,Economics,7.7,4.7,8,86.5,Normal,2.54,2.86,0.31999999999999984,Other,0.61,False
ID00155,Female,18,Business,4.0,0.8,7,100.0,Excellent,3.37,3.38,0.009999999999999787,Maintain,4.22,False
ID00156,Male,20,Psychology,6.1,8.3,6,100.0,Excellent,3.06,3.66,0.6000000000000001,Improve,0.44,False
ID00157,Female,24,Economics,7.7,2.0,4,74.7,Danger,2.82,2.63,-0.18999999999999995,Other,1.32,False
ID00158,Female,19,Engineering,8.6,5.2,8,97.0,Excellent,3.05,3.18,0.13000000000000034,Other,0.61,False
ID00159,Male,18,Business,6.0,2.2,9,96.5,Excellent,3.64,3.8,0.1599999999999997,Other,1.73,False
ID00160,Female,21,Economics,6.4,0.5,3,100.0,Excellent,2.5,2.54,0.040000000000000036,Maintain,5.08,False
ID00161,Male,23,Psychology,6.6,4.9,7,92.5,Excellent,2.89,3.09,0.19999999999999973,Other,0.63,False
ID00162,Female,24,Mathematics,6.8,6.2,7,55.9,Danger,2.72,2.69,-0.03000000000000025,Maintain,0.43,False
ID00163,Female,22,Psychology,8.3,3.9,9,82.7,Normal,3.08,3.34,0.2599999999999998,Other,0.86,False
ID00164,Male,24,Psychology,5.9,1.8,10,67.7,Danger,2.76,2.67,-0.08999999999999986,Maintain,1.48,False
ID00165,Male,24,Mathematics,8.3,13.2,8,82.0,Normal,2.22,2.8,0.5799999999999996,Improve,0.21,False
ID00166,Female,18,Psychology,9.1,6.0,9,99.7,Excellent,2.57,2.82,0.25,Other,0.47,False
ID00167,Male,22,Mathematics,6.4,4.5,5,89.6,Normal,3.92,4.0,0.08000000000000007,Maintain,0.89,True
ID00168,Male,19,Mathematics,6.4,7.6,4,100.0,Excellent,3.22,3.95,0.73,Improve,0.52,True
ID00169,Male,19,Economics,7.2,2.9,11,90.1,Excellent,3.21,3.35,0.14000000000000012,Other,1.16,False
ID00170,Female,24,Economics,6.1,10.9,6,65.5,Danger,2.96,3.19,0.22999999999999998,Other,0.29,False
ID00171,Female,18,Mathematics,6.9,6.1,7,47.2,Danger,3.07,2.97,-0.09999999999999964,Maintain,0.49,False
ID00172,Male,22,Business,4.8,7.2,5,87.2,Normal,2.89,3.23,0.33999999999999986,Other,0.45,False
ID00173,Male,19,Engineering,8.3,3.3,6,81.8,Normal,3.36,3.73,0.3700000000000001,Other,1.13,False
ID00174,Male,21,Business,9.5,2.0,10,70.3,Danger,3.15,3.13,-0.020000000000000018,Maintain,1.56,False
ID00175,Female,20,Mathematics,6.0,4.5,2,59.5,Danger,2.51,2.43,-0.07999999999999963,Maintain,0.54,False
ID00176,Male,20,Engineering,4.5,3.0,7,74.0,Danger,3.23,3.22,-0.009999999999999787,Maintain,1.07,False
ID00177,Female,19,Economics,8.4,11.6,14,82.1,Normal,1.87,2.35,0.48,Other,0.2,False
ID00178,Male,22,Engineering,6.4,1.6,3,95.0,Excellent,3.31,3.37,0.06000000000000005,Maintain,2.11,False
ID00179,Female,23,Mathematics,6.0,8.7,11,87.8,Normal,2.4,2.81,0.41000000000000014,Other,0.32,False
ID00180,Male,19,Economics,6.8,1.2,5,100.0,Excellent,3.05,3.38,0.33000000000000007,Other,2.82,False
ID00181,Male,23,Engineering,5.2,2.2,8,69.5,Danger,2.5,2.42,-0.08000000000000007,Maintain,1.1,False
ID00182,Male,23,Engineering,7.7,1.2,5,98.2,Excellent,3.1,3.5,0.3999999999999999,Other,2.92,False
ID00183,Female,22,Business,5.1,2.9,10,85.7,Normal,3.39,3.64,0.25,Other,1.26,False
ID00184,Female,23,Engineering,5.2,3.6,10,95.4,Excellent,3.85,3.98,0.1299999999999999,Other,1.11,True
ID00185,Male,21,Mathematics,5.2,2.7,12,78.5,Normal,2.33,2.05,-0.28000000000000025,Other,0.76,False
ID00186,Female,22,Computer Science,7.2,5.2,6,100.0,Excellent,3.59,3.95,0.3600000000000003,Other,0.76,True
ID00187,Female,19,Computer Science,4.3,3.6,7,89.4,Normal,3.17,3.28,0.10999999999999988,Other,0.91,False
ID00188,Female,24,Computer Science,10.0,0.9,11,74.8,Danger,2.87,2.72,-0.1499999999999999,Other,3.02,False
ID00189,Male,21,Mathematics,6.4,2.1,4,84.8,Normal,3.48,3.57,0.08999999999999986,Maintain,1.7,False
ID00190,Male,18,Computer Science,4.0,3.3,9,81.4,Normal,2.98,3.3,0.31999999999999984,Other,1.0,False
ID00191,Male,20,Business,5.4,7.4,12,92.3,Excellent,3.46,3.96,0.5,Improve,0.54,True
ID00192,Female,19,Mathematics,7.9,4.3,11,67.3,Danger,2.6,2.76,0.1599999999999997,Other,0.64,False
ID00193,Female,19,Economics,9.0,3.0,10,84.6,Normal,2.78,3.17,0.3900000000000001,Other,1.06,False
ID00194,Female,19,Mathematics,7.2,1.5,5,90.9,Excellent,3.57,3.86,0.29000000000000004,Other,2.57,False
ID00195,Male,21,Mathematics,7.1,4.5,5,85.5,Normal,3.84,4.0,0.16000000000000014,Other,0.89,True
ID00196,Male,18,Engineering,4.7,8.4,9,100.0,Excellent,3.08,3.38,0.2999999999999998,Other,0.4,False
ID00197,Female,24,Engineering,9.2,3.4,11,96.6,Excellent,1.71,2.11,0.3999999999999999,Other,0.62,False
ID00198,Female,22,Engineering,7.8,2.3,10,84.9,Normal,3.0,3.15,0.1499999999999999,Other,1.37,False
ID00199,Female,18,Psychology,7.5,5.6,10,88.3,Normal,3.12,3.55,0.4299999999999997,Other,0.63,False
ID00200,Female,21,Business,7.0,7.6,11,89.4,Normal,2.98,3.69,0.71,Improve,0.49,False
ID00201,Female,19,Mathematics,7.8,3.6,6,91.0,Excellent,3.27,3.47,0.20000000000000018,Other,0.96,False
ID00202,Male,20,Mathematics,5.8,6.0,7,57.6,Danger,2.86,2.42,-0.43999999999999995,Other,0.4,False
ID00203,Male,19,Engineering,8.4,3.1,9,80.5,Normal,3.52,3.64,0.1200000000000001,Other,1.17,False
ID00204,Female,22,Mathematics,8.2,6.2,3,62.7,Danger,2.52,2.44,-0.08000000000000007,Maintain,0.39,False
ID00205,Female,23,Economics,6.9,8.6,10,100.0,Excellent,3.72,4.0,0.2799999999999998,Other,0.47,True
ID00206,Male,20,Mathematics,6.6,6.7,3,84.1,Normal,3.88,4.0,0.1200000000000001,Other,0.6,True
ID00207,Male,19,Computer Science,4.0,5.5,8,82.1,Normal,2.64,2.79,0.1499999999999999,Other,0.51,False
ID00208,Female,24,Economics,4.4,10.2,5,98.5,Excellent,2.64,3.36,0.7199999999999998,Improve,0.33,False
ID00209,Male,20,Economics,7.8,3.5,13,91.3,Excellent,3.31,3.45,0.14000000000000012,Other,0.99,False
ID00210,Male,23,Mathematics,8.4,5.5,15,68.1,Danger,2.51,2.44,-0.06999999999999984,Maintain,0.44,False
ID00211,Male,18,Psychology,8.6,3.5,7,83.9,Normal,2.85,2.97,0.1200000000000001,Other,0.85,False
ID00212,Female,21,Engineering,5.0,5.5,5,80.0,Normal,3.65,3.78,0.1299999999999999,Other,0.69,False
ID00213,Female,19,Business,10.0,6.1,10,58.8,Danger,3.47,3.09,-0.38000000000000034,Other,0.51,False
ID00214,Male,22,Business,8.5,7.0,7,74.6,Danger,4.0,4.0,0.0,Maintain,0.57,True
ID00215,Female,18,Computer Science,6.1,4.2,6,82.2,Normal,3.19,3.37,0.18000000000000016,Other,0.8,False
ID00216,Male,19,Business,7.2,1.1,6,83.3,Normal,2.79,2.8,0.009999999999999787,Maintain,2.55,False
ID00217,Male,18,Business,4.5,3.6,6,62.8,Danger,3.13,3.11,-0.020000000000000018,Maintain,0.86,False
ID00218,Female,22,Engineering,6.1,5.9,11,100.0,Excellent,3.02,3.3,0.2799999999999998,Other,0.56,False
ID00219,Female,19,Engineering,7.8,4.9,9,83.5,Normal,3.03,3.37,0.3400000000000003,Other,0.69,False
ID00220,Female,23,Psychology,7.1,5.3,14,85.6,Normal,3.09,3.31,0.2200000000000002,Other,0.62,False
ID00221,Female,23,Computer Science,9.6,6.3,14,91.0,Excellent,2.63,2.94,0.31000000000000005,Other,0.47,False
ID00222,Female,22,Business,4.8,1.9,9,73.2,Danger,3.24,3.01,-0.23000000000000043,Other,1.58,False
ID00223,Male,20,Psychology,6.8,6.5,4,91.8,Excellent,2.4,2.92,0.52,Improve,0.45,False
ID00224,Male,22,Computer Science,5.3,10.5,10,79.5,Normal,2.74,3.01,0.2699999999999996,Other,0.29,False
ID00225,Male,20,Economics,9.3,3.3,8,71.6,Danger,3.04,3.03,-0.010000000000000231,Maintain,0.92,False
ID00226,Male,19,Business,7.4,7.0,9,93.6,Excellent,1.97,2.64,0.6700000000000002,Improve,0.38,False
ID00227,Female,20,Business,7.0,4.3,10,100.0,Excellent,3.48,3.96,0.48,Other,0.92,True
ID00228,Male,19,Engineering,6.8,5.2,9,95.9,Excellent,2.07,2.65,0.5800000000000001,Improve,0.51,False
ID00229,Female,19,Mathematics,5.7,6.7,12,98.8,Excellent,3.43,3.64,0.20999999999999996,Other,0.54,False
ID00230,Female,24,Computer Science,8.8,4.9,4,77.2,Normal,2.45,2.64,0.18999999999999995,Other,0.54,False
ID00231,Female,21,Business,7.3,3.1,16,61.0,Danger,2.9,2.53,-0.3700000000000001,Other,0.82,False
ID00232,Male,19,Computer Science,7.4,5.0,3,100.0,Excellent,3.36,3.67,0.31000000000000005,Other,0.73,False
ID00233,Female,20,Psychology,7.9,2.3,3,100.0,Excellent,4.0,4.0,0.0,Maintain,1.74,True
ID00234,Male,21,Psychology,5.7,1.5,11,100.0,Excellent,3.16,3.4,0.23999999999999977,Other,2.27,False
ID00235,Male,21,Mathematics,10.0,0.8,3,80.0,Normal,2.11,2.38,0.27,Other,2.97,False
ID00236,Female,19,Business,9.4,8.9,10,67.7,Danger,3.58,3.8,0.21999999999999975,Other,0.43,False
ID00237,Male,22,Engineering,6.9,5.4,8,69.0,Danger,2.98,2.96,-0.020000000000000018,Maintain,0.55,False
ID00238,Male,22,Business,6.5,6.1,7,59.7,Danger,3.13,2.87,-0.2599999999999998,Other,0.47,False
ID00239,Female,23,Computer Science,8.0,4.7,12,83.4,Normal,3.38,3.73,0.3500000000000001,Other,0.79,False
ID00240,Male,21,Economics,8.7,1.2,5,100.0,Excellent,1.99,2.05,0.05999999999999983,Maintain,1.71,False
ID00241,Female,19,Psychology,9.6,8.6,7,82.9,Normal,3.1,3.48,0.3799999999999999,Other,0.4,False
ID00242,Female,24,Computer Science,8.0,3.1,7,89.5,Normal,2.9,3.35,0.4500000000000002,Other,1.08,False
ID00243,Female,22,Mathematics,7.2,0.8,12,100.0,Excellent,3.71,3.81,0.10000000000000009,Other,4.76,False
ID00244,Male,24,Psychology,7.2,3.5,8,78.9,Normal,3.46,3.52,0.06000000000000005,Maintain,1.01,False
ID00245,Male,19,Engineering,4.2,8.0,17,100.0,Excellent,2.29,2.43,0.14000000000000012,Other,0.3,False
ID00246,Female,19,Psychology,6.4,2.3,9,100.0,Excellent,3.73,4.0,0.27,Other,1.74,True
ID00247,Male,21,Economics,7.5,3.4,9,83.0,Normal,3.32,3.69,0.3700000000000001,Other,1.09,False
ID00248,Female,24,Business,4.0,3.2,9,76.3,Normal,2.33,2.17,-0.16000000000000014,Other,0.68,False
ID00249,Female,23,Economics,7.3,2.2,7,95.5,Excellent,3.13,3.45,0.3200000000000003,Other,1.57,False
ID00250,Female,21,Economics,5.8,4.4,5,79.8,Normal,3.62,3.52,-0.10000000000000009,Other,0.8,False
ID00251,Male,18,Business,9.4,2.4,6,67.7,Danger,2.49,2.2,-0.29000000000000004,Other,0.92,False
ID00252,Male,24,Psychology,6.6,8.8,8,100.0,Excellent,3.79,4.0,0.20999999999999996,Other,0.45,True
ID00253,Female,22,Mathematics,6.6,1.4,11,100.0,Excellent,2.34,2.7,0.3600000000000003,Other,1.93,False
ID00254,Male,22,Business,6.8,1.8,7,87.3,Normal,2.7,3.1,0.3999999999999999,Other,1.72,False
ID00255,Male,22,Business,7.0,3.4,14,66.1,Danger,2.63,2.67,0.040000000000000036,Maintain,0.79,False
ID00256,Female,20,Engineering,8.2,4.1,10,66.6,Danger,3.79,3.82,0.029999999999999805,Maintain,0.93,False
ID00257,Female,19,Psychology,6.5,2.7,9,86.6,Normal,2.85,3.18,0.33000000000000007,Other,1.18,False
ID00258,Female,21,Business,7.0,6.3,9,77.5,Normal,2.52,2.81,0.29000000000000004,Other,0.45,False
ID00259,Female,22,Mathematics,8.2,3.6,10,79.9,Normal,3.32,3.09,-0.22999999999999998,Other,0.86,False
ID00260,Male,18,Computer Science,7.0,5.6,6,100.0,Excellent,3.43,3.82,0.3899999999999997,Other,0.68,False
ID00261,Female,22,Psychology,8.0,8.5,9,96.0,Excellent,3.43,3.91,0.48,Other,0.46,True
ID00262,Female,23,Engineering,6.3,10.1,10,100.0,Excellent,2.96,3.42,0.45999999999999996,Other,0.34,False
ID00263,Male,19,Economics,7.5,3.4,3,70.1,Danger,3.23,3.38,0.1499999999999999,Other,0.99,False
ID00264,Male,24,Business,9.0,4.3,12,79.9,Normal,2.77,2.59,-0.18000000000000016,Other,0.6,False
ID00265,Female,19,Mathematics,7.9,4.9,8,96.4,Excellent,3.94,4.0,0.06000000000000005,Maintain,0.82,True
ID00266,Female,24,Psychology,4.2,3.5,9,91.7,Excellent,3.67,4.0,0.33000000000000007,Other,1.14,True
ID00267,Female,24,Mathematics,7.8,2.1,12,100.0,Excellent,3.64,3.98,0.33999999999999986,Other,1.9,True
ID00268,Female,21,Mathematics,5.3,7.3,12,91.3,Excellent,3.5,3.94,0.43999999999999995,Other,0.54,True
ID00269,Male,20,Economics,5.6,2.1,4,100.0,Excellent,3.36,3.44,0.08000000000000007,Maintain,1.64,False
ID00270,Male,24,Engineering,7.7,7.7,5,93.1,Excellent,2.48,3.02,0.54,Improve,0.39,False
ID00271,Female,24,Psychology,5.5,5.3,5,100.0,Excellent,3.42,3.56,0.14000000000000012,Other,0.67,False
ID00272,Female,21,Business,5.3,4.8,8,80.1,Normal,3.16,3.54,0.3799999999999999,Other,0.74,False
ID00273,Female,22,Engineering,7.0,2.5,12,85.2,Normal,3.73,3.9,0.16999999999999993,Other,1.56,True
ID00274,Female,23,Business,6.1,1.0,4,98.7,Excellent,3.5,3.69,0.18999999999999995,Other,3.69,False
ID00275,Male,18,Computer Science,4.6,7.2,7,100.0,Excellent,3.38,3.63,0.25,Other,0.5,False
ID00276,Male,21,Mathematics,7.8,2.5,6,95.9,Excellent,2.26,2.62,0.3600000000000003,Other,1.05,False
ID00277,Female,20,Computer Science,8.5,5.5,9,83.8,Normal,3.06,3.54,0.48,Other,0.64,False
ID00278,Female,21,Mathematics,8.4,5.7,5,100.0,Excellent,2.82,3.14,0.3200000000000003,Other,0.55,False
ID00279,Female,19,Economics,5.7,4.1,11,52.1,Danger,3.23,2.72,-0.5099999999999998,Decline,0.66,False
ID00280,Female,22,Engineering,7.6,4.8,6,63.7,Danger,2.89,3.16,0.27,Other,0.66,False
ID00281,Female,22,Business,6.3,5.3,11,95.2,Excellent,2.96,3.35,0.3900000000000001,Other,0.63,False
ID00282,Male,24,Economics,5.1,4.6,3,85.2,Normal,3.33,3.44,0.10999999999999988,Other,0.75,False
ID00283,Male,22,Business,5.9,2.4,6,94.1,Excellent,2.88,2.93,0.050000000000000266,Maintain,1.22,False
ID00284,Male,22,Engineering,4.0,1.4,7,86.0,Normal,3.16,3.13,-0.03000000000000025,Maintain,2.24,False
ID00285,Female,22,Psychology,5.4,2.7,7,93.6,Excellent,2.34,2.4,0.06000000000000005,Maintain,0.89,False
ID00286,Male,22,Computer Science,4.8,3.2,9,72.8,Danger,2.68,2.45,-0.22999999999999998,Other,0.77,False
ID00287,Male,18,Computer Science,7.3,8.7,8,93.6,Excellent,3.43,4.0,0.5699999999999998,Improve,0.46,True
ID00288,Male,20,Business,7.4,1.8,10,99.9,Excellent,2.48,2.6,0.1200000000000001,Other,1.44,False
ID00289,Male,24,Business,4.5,9.4,4,100.0,Excellent,3.72,4.0,0.2799999999999998,Other,0.43,True
ID00290,Female,22,Business,8.2,11.1,5,100.0,Excellent,3.59,4.0,0.41000000000000014,Other,0.36,True
ID00291,Male,24,Engineering,6.1,2.7,4,88.7,Normal,2.97,3.33,0.3599999999999999,Other,1.23,False
ID00292,Male,20,Psychology,5.4,10.9,4,89.1,Normal,4.0,4.0,0.0,Maintain,0.37,True
ID00293,Female,23,Computer Science,4.3,3.7,7,62.2,Danger,3.72,3.84,0.11999999999999966,Other,1.04,False
ID00294,Male,22,Economics,5.8,3.4,6,77.0,Normal,2.63,2.58,-0.04999999999999982,Maintain,0.76,False
ID00295,Male,24,Mathematics,6.8,8.7,7,82.1,Normal,3.47,4.0,0.5299999999999998,Improve,0.46,True
ID00296,Male,21,Engineering,8.5,4.7,8,100.0,Excellent,3.13,3.37,0.2400000000000002,Other,0.72,False
ID00297,Female,24,Computer Science,6.8,4.3,12,75.8,Normal,2.71,2.75,0.040000000000000036,Maintain,0.64,False
ID00298,Male,22,Psychology,6.5,2.7,9,96.9,Excellent,2.57,2.7,0.13000000000000034,Other,1.0,False
ID00299,Female,19,Engineering,7.9,2.8,2,85.0,Normal,3.6,3.96,0.3599999999999999,Other,1.41,True
ID00300,Male,18,Economics,7.2,4.3,6,82.3,Normal,2.8,3.07,0.27,Other,0.71,False
ID00301,Male,21,Computer Science,4.7,8.7,10,88.7,Normal,3.05,3.37,0.3200000000000003,Other,0.39,False
ID00302,Male,21,Engineering,6.3,1.8,12,79.1,Normal,2.64,2.42,-0.2200000000000002,Other,1.34,False
ID00303,Male,19,Computer Science,6.1,3.9,4,78.6,Normal,2.73,2.86,0.1299999999999999,Other,0.73,False
ID00304,Female,22,Computer Science,6.8,1.6,6,59.4,Danger,3.04,2.56,-0.48,Other,1.6,False
ID00305,Female,18,Psychology,6.3,2.6,10,81.3,Normal,3.29,3.68,0.3900000000000001,Other,1.42,False
ID00306,Female,21,Mathematics,5.8,6.0,9,77.8,Normal,1.81,2.02,0.20999999999999996,Other,0.34,False
ID00307,Male,18,Psychology,9.2,2.3,5,77.3,Normal,3.11,2.91,-0.19999999999999973,Other,1.27,False
ID00308,Male,21,Computer Science,6.9,7.5,9,91.3,Excellent,2.73,3.37,0.6400000000000001,Improve,0.45,False
ID00309,Female,22,Engineering,7.7,2.2,8,94.9,Excellent,3.8,4.0,0.20000000000000018,Other,1.82,True
ID00310,Male,23,Economics,6.8,2.9,10,88.5,Normal,4.0,4.0,0.0,Maintain,1.38,True
ID00311,Male,21,Psychology,8.2,1.1,3,99.9,Excellent,2.92,2.95,0.03000000000000025,Maintain,2.68,False
ID00312,Male,23,Mathematics,6.9,7.5,7,93.6,Excellent,2.24,2.94,0.6999999999999997,Improve,0.39,False
ID00313,Male,21,Computer Science,8.5,6.9,7,80.6,Normal,3.16,3.75,0.5899999999999999,Improve,0.54,False
ID00314,Female,20,Economics,4.0,1.6,7,78.1,Normal,3.0,2.78,-0.2200000000000002,Other,1.74,False
ID00315,Female,22,Psychology,7.1,3.4,14,89.7,Normal,4.0,4.0,0.0,Maintain,1.18,True
ID00316,Female,19,Psychology,7.4,3.2,7,93.6,Excellent,3.93,4.0,0.06999999999999984,Maintain,1.25,True
ID00317,Male,23,Psychology,7.5,3.0,7,100.0,Excellent,3.53,3.86,0.33000000000000007,Other,1.29,False
ID00318,Male,19,Psychology,5.4,11.2,8,100.0,Excellent,2.81,3.62,0.81,Improve,0.32,False
ID00319,Male,22,Economics,5.9,3.0,5,76.9,Normal,3.44,3.46,0.020000000000000018,Maintain,1.15,False
ID00320,Male,24,Engineering,5.4,2.3,7,83.5,Normal,3.23,3.53,0.2999999999999998,Other,1.53,False
ID00321,Male,19,Mathematics,7.7,1.2,12,95.1,Excellent,3.22,3.52,0.2999999999999998,Other,2.93,False
ID00322,Female,22,Mathematics,8.4,2.4,4,100.0,Excellent,2.32,2.43,0.11000000000000032,Other,1.01,False
ID00323,Female,19,Computer Science,4.5,8.7,4,99.1,Excellent,3.63,4.0,0.3700000000000001,Other,0.46,True
ID00324,Male,23,Business,7.3,4.6,10,84.0,Normal,3.15,3.52,0.3700000000000001,Other,0.77,False
ID00325,Female,20,Engineering,5.7,4.6,5,66.2,Danger,3.05,2.99,-0.05999999999999961,Maintain,0.65,False
ID00326,Female,19,Computer Science,9.6,2.5,5,70.0,Danger,2.8,2.55,-0.25,Other,1.02,False
ID00327,Female,23,Computer Science,7.8,7.9,9,89.1,Normal,2.7,3.17,0.46999999999999975,Other,0.4,False
ID00328,Female,21,Psychology,6.5,5.6,10,90.1,Excellent,3.26,3.49,0.23000000000000043,Other,0.62,False
ID00329,Male,22,Business,6.8,3.1,8,68.5,Danger,2.23,2.3,0.06999999999999984,Maintain,0.74,False
ID00330,Male,18,Business,8.9,2.1,9,85.7,Normal,3.49,3.69,0.19999999999999973,Other,1.76,False
ID00331,Male,24,Engineering,7.1,3.9,8,94.5,Excellent,2.57,2.88,0.31000000000000005,Other,0.74,False
ID00332,Female,18,Business,4.3,2.2,5,67.7,Danger,2.07,2.12,0.050000000000000266,Maintain,0.96,False
ID00333,Male,22,Computer Science,9.3,3.6,6,100.0,Excellent,4.0,4.0,0.0,Maintain,1.11,True
ID00334,Male,20,Business,8.2,4.4,18,79.3,Normal,2.67,2.24,-0.4299999999999997,Other,0.51,False
ID00335,Male,19,Business,6.2,2.6,9,100.0,Excellent,2.74,2.97,0.22999999999999998,Other,1.14,False
ID00336,Male,20,Mathematics,7.9,0.7,7,77.0,Normal,3.67,3.56,-0.10999999999999988,Other,5.09,False
ID00337,Female,18,Computer Science,6.1,5.2,6,69.6,Danger,4.0,4.0,0.0,Maintain,0.77,True
ID00338,Female,24,Economics,6.0,2.6,10,78.1,Normal,2.33,2.22,-0.10999999999999988,Other,0.85,False
ID00339,Male,23,Business,6.8,4.4,11,83.6,Normal,2.62,2.89,0.27,Other,0.66,False
ID00340,Male,24,Business,7.9,3.7,4,79.2,Normal,2.66,2.61,-0.050000000000000266,Maintain,0.71,False
ID00341,Male,22,Psychology,7.7,10.1,8,81.8,Normal,3.57,4.0,0.43000000000000016,Other,0.4,True
ID00342,Male,22,Business,8.4,4.1,14,90.0,Normal,3.92,4.0,0.08000000000000007,Maintain,0.98,True
ID00343,Male,20,Business,7.7,6.8,9,82.4,Normal,2.56,3.0,0.43999999999999995,Other,0.44,False
ID00344,Male,23,Mathematics,9.2,3.2,6,84.0,Normal,3.81,4.0,0.18999999999999995,Other,1.25,True
ID00345,Male,20,Computer Science,9.6,2.2,4,59.4,Danger,2.75,2.18,-0.5699999999999998,Decline,0.99,False
ID00346,Female,19,Engineering,7.5,5.3,8,90.9,Excellent,3.27,3.74,0.4700000000000002,Other,0.71,False
ID00347,Female,21,Computer Science,6.5,2.5,6,83.7,Normal,2.46,2.8,0.33999999999999986,Other,1.12,False
ID00348,Male,23,Psychology,6.7,6.2,8,100.0,Excellent,3.04,3.33,0.29000000000000004,Other,0.54,False
ID00349,Male,21,Computer Science,4.1,1.8,3,70.9,Danger,3.04,2.76,-0.28000000000000025,Other,1.53,False
ID00350,Female,24,Business,7.0,4.9,3,57.9,Danger,2.94,2.72,-0.21999999999999975,Other,0.56,False
ID00351,Male,19,Psychology,6.1,4.0,5,94.3,Excellent,3.29,3.77,0.48,Other,0.94,False
ID00352,Female,21,Computer Science,5.9,9.0,10,90.2,Excellent,2.6,3.19,0.5899999999999999,Improve,0.35,False
ID00353,Female,18,Psychology,6.9,5.2,5,69.9,Danger,2.66,2.92,0.2599999999999998,Other,0.56,False
ID00354,Male,24,Engineering,4.0,3.7,6,62.1,Danger,3.32,3.4,0.08000000000000007,Maintain,0.92,False
ID00355,Male,21,Computer Science,6.7,6.4,13,100.0,Excellent,3.77,4.0,0.22999999999999998,Other,0.62,True
ID00356,Female,19,Economics,7.3,0.7,4,100.0,Excellent,3.09,3.32,0.22999999999999998,Other,4.74,False
ID00357,Male,21,Business,4.7,5.6,8,47.7,Danger,3.35,3.25,-0.10000000000000009,Other,0.58,False
ID00358,Female,22,Psychology,9.0,5.9,11,78.1,Normal,3.48,3.62,0.14000000000000012,Other,0.61,False
ID00359,Female,20,Economics,7.7,6.3,13,100.0,Excellent,3.52,3.93,0.41000000000000014,Other,0.62,True
ID00360,Female,18,Economics,8.9,6.0,12,77.9,Normal,2.62,2.61,-0.010000000000000231,Maintain,0.44,False
ID00361,Male,22,Mathematics,7.7,5.5,14,77.6,Normal,2.71,2.78,0.06999999999999984,Maintain,0.51,False
ID00362,Female,22,Psychology,7.5,3.3,8,80.8,Normal,2.75,3.06,0.31000000000000005,Other,0.93,False
ID00363,Male,19,Economics,9.3,4.4,6,68.2,Danger,4.0,3.91,-0.08999999999999986,Maintain,0.89,True
ID00364,Male,20,Mathematics,9.0,2.7,9,59.4,Danger,3.35,2.81,-0.54,Decline,1.04,False
ID00365,Female,20,Economics,9.9,2.4,8,100.0,Excellent,3.33,3.54,0.20999999999999996,Other,1.48,False
ID00366,Male,23,Business,6.8,3.3,9,57.4,Danger,3.28,3.14,-0.13999999999999968,Other,0.95,False
ID00367,Female,24,Engineering,5.8,3.6,3,88.7,Normal,2.44,2.67,0.22999999999999998,Other,0.74,False
ID00368,Female,18,Mathematics,5.3,5.1,10,98.3,Excellent,4.0,4.0,0.0,Maintain,0.78,True
ID00369,Male,24,Engineering,5.5,8.2,4,63.2,Danger,3.34,3.63,0.29000000000000004,Other,0.44,False
ID00370,Male,19,Psychology,8.0,6.8,7,71.1,Danger,3.46,3.75,0.29000000000000004,Other,0.55,False
ID00371,Male,18,Business,10.0,4.8,8,100.0,Excellent,2.22,2.59,0.36999999999999966,Other,0.54,False
ID00372,Male,23,Mathematics,9.3,7.7,2,93.0,Excellent,3.49,3.99,0.5,Improve,0.52,True
ID00373,Male,21,Psychology,6.7,4.1,5,75.7,Normal,2.92,3.09,0.16999999999999993,Other,0.75,False
ID00374,Female,22,Economics,8.1,5.5,11,100.0,Excellent,2.44,2.9,0.45999999999999996,Other,0.53,False
ID00375,Male,18,Computer Science,6.2,3.3,7,100.0,Excellent,2.62,3.09,0.46999999999999975,Other,0.94,False
ID00376,Male,24,Psychology,6.3,4.0,6,89.0,Normal,2.47,2.86,0.3899999999999997,Other,0.72,False
ID00377,Female,22,Engineering,5.4,3.5,5,71.5,Danger,2.46,2.34,-0.1200000000000001,Other,0.67,False
ID00378,Male,19,Business,5.5,1.3,7,78.8,Normal,3.13,2.78,-0.3500000000000001,Other,2.14,False
ID00379,Female,24,Business,7.8,1.3,10,89.3,Normal,2.91,3.21,0.2999999999999998,Other,2.47,False
ID00380,Male,21,Psychology,9.2,1.6,14,82.2,Normal,3.27,3.26,-0.010000000000000231,Maintain,2.04,False
ID00381,Male,19,Economics,8.6,4.9,10,99.1,Excellent,3.94,4.0,0.06000000000000005,Maintain,0.82,True
ID00382,Female,21,Computer Science,9.2,8.3,9,62.1,Danger,3.04,3.17,0.1299999999999999,Other,0.38,False
ID00383,Female,21,Engineering,8.2,7.7,8,62.6,Danger,1.98,2.27,0.29000000000000004,Other,0.29,False
ID00384,Female,22,Psychology,6.9,1.3,8,87.7,Normal,2.98,3.2,0.2200000000000002,Other,2.46,False
ID00385,Female,19,Psychology,6.2,5.6,10,77.6,Normal,3.7,3.81,0.10999999999999988,Other,0.68,False
ID00386,Female,19,Business,7.9,2.9,8,75.6,Normal,3.06,3.0,-0.06000000000000005,Maintain,1.03,False
ID00387,Male,18,Engineering,4.5,2.3,6,58.5,Danger,3.86,3.25,-0.6099999999999999,Decline,1.41,False
ID00388,Male,24,Computer Science,6.1,4.4,11,85.3,Normal,3.33,3.5,0.16999999999999993,Other,0.8,False
ID00389,Female,19,Business,5.8,2.9,14,84.2,Normal,2.18,2.38,0.19999999999999973,Other,0.82,False
ID00390,Female,18,Psychology,8.9,1.5,8,94.8,Excellent,3.15,3.44,0.29000000000000004,Other,2.29,False
ID00391,Female,20,Business,4.9,2.1,10,86.0,Normal,3.25,3.44,0.18999999999999995,Other,1.64,False
ID00392,Male,20,Business,8.4,3.3,10,83.0,Normal,3.64,4.0,0.3599999999999999,Other,1.21,True
ID00393,Male,20,Mathematics,7.6,8.2,10,100.0,Excellent,4.0,4.0,0.0,Maintain,0.49,True
ID00394,Female,23,Business,7.6,1.2,13,65.3,Danger,3.55,3.33,-0.21999999999999975,Other,2.78,False
ID00395,Male,19,Economics,6.3,1.8,9,93.0,Excellent,3.32,3.62,0.30000000000000027,Other,2.01,False
ID00396,Female,23,Business,4.8,3.4,10,59.9,Danger,3.44,3.03,-0.41000000000000014,Other,0.89,False
ID00397,Female,24,Economics,7.8,2.5,9,72.4,Danger,3.02,2.88,-0.14000000000000012,Other,1.15,False
ID00398,Male,19,Engineering,8.3,5.2,4,66.8,Danger,2.37,2.28,-0.0900000000000003,Maintain,0.44,False
ID00399,Female,18,Business,7.7,3.5,8,96.7,Excellent,3.12,3.34,0.21999999999999975,Other,0.95,False
ID00400,Female,23,Computer Science,6.8,1.5,4,84.0,Normal,3.28,3.6,0.3200000000000003,Other,2.4,False
ID00401,Male,23,Economics,5.3,2.9,10,84.8,Normal,2.5,2.64,0.14000000000000012,Other,0.91,False
ID00402,Female,24,Economics,6.1,4.5,5,68.4,Danger,3.76,3.74,-0.019999999999999574,Maintain,0.83,False
ID00403,Male,23,Psychology,7.7,5.9,4,80.5,Normal,3.6,4.0,0.3999999999999999,Other,0.68,True
ID00404,Female,21,Engineering,5.8,1.8,10,73.5,Danger,2.41,2.06,-0.3500000000000001,Other,1.14,False
ID00405,Male,18,Business,5.6,4.6,12,90.8,Excellent,3.78,4.0,0.2200000000000002,Other,0.87,True
ID00406,Female,20,Computer Science,4.8,3.3,6,70.1,Danger,2.95,3.05,0.09999999999999964,Maintain,0.92,False
ID00407,Male,18,Psychology,7.8,7.6,8,100.0,Excellent,2.71,3.29,0.5800000000000001,Improve,0.43,False
ID00408,Male,21,Engineering,7.8,2.9,6,59.9,Danger,3.64,3.35,-0.29000000000000004,Other,1.16,False
ID00409,Female,24,Economics,8.7,1.5,12,72.9,Danger,3.07,2.72,-0.34999999999999964,Other,1.81,False
ID00410,Male,24,Computer Science,4.0,2.6,4,100.0,Excellent,4.0,4.0,0.0,Maintain,1.54,True
ID00411,Male,19,Business,8.8,0.9,12,78.5,Normal,2.67,2.41,-0.2599999999999998,Other,2.68,False
ID00412,Female,18,Mathematics,8.7,1.0,4,65.3,Danger,2.23,2.14,-0.08999999999999986,Maintain,2.14,False
ID00413,Female,24,Mathematics,8.8,1.2,13,88.3,Normal,2.96,3.19,0.22999999999999998,Other,2.66,False
ID00414,Female,23,Engineering,7.2,5.2,4,77.9,Normal,3.49,3.47,-0.020000000000000018,Maintain,0.67,False
ID00415,Female,24,Computer Science,7.3,4.9,12,72.5,Danger,2.64,2.74,0.10000000000000009,Other,0.56,False
ID00416,Male,24,Psychology,7.3,5.4,3,68.6,Danger,2.43,2.69,0.2599999999999998,Other,0.5,False
ID00417,Male,24,Computer Science,5.6,2.7,8,100.0,Excellent,3.21,3.44,0.22999999999999998,Other,1.27,False
ID00418,Male,24,Economics,5.7,2.1,10,81.2,Normal,2.37,2.52,0.1499999999999999,Other,1.2,False
ID00419,Female,20,Mathematics,7.3,12.2,10,56.1,Danger,3.25,3.57,0.31999999999999984,Other,0.29,False
ID00420,Female,20,Engineering,6.6,4.3,11,100.0,Excellent,2.93,3.48,0.5499999999999998,Improve,0.81,False
ID00421,Female,19,Business,8.1,2.0,6,94.2,Excellent,3.35,3.39,0.040000000000000036,Maintain,1.7,False
ID00422,Female,24,Computer Science,6.5,8.8,7,73.5,Danger,2.41,2.57,0.1599999999999997,Other,0.29,False
ID00423,Male,18,Mathematics,4.8,8.1,8,71.0,Danger,3.75,4.0,0.25,Other,0.49,True
ID00424,Male,21,Psychology,4.9,5.7,6,95.1,Excellent,3.01,3.24,0.23000000000000043,Other,0.57,False
ID00425,Male,19,Engineering,5.9,3.6,6,81.3,Normal,3.48,3.85,0.3700000000000001,Other,1.07,False
ID00426,Male,18,Business,8.1,2.3,11,56.1,Danger,3.58,3.07,-0.5100000000000002,Decline,1.33,False
ID00427,Male,24,Computer Science,6.2,3.0,9,100.0,Excellent,2.52,2.63,0.10999999999999988,Other,0.88,False
ID00428,Female,22,Psychology,7.4,7.5,9,78.5,Normal,3.54,3.73,0.18999999999999995,Other,0.5,False
ID00429,Male,24,Business,4.5,2.5,5,100.0,Excellent,2.39,2.38,-0.010000000000000231,Maintain,0.95,False
ID00430,Male,20,Economics,7.2,1.7,6,100.0,Excellent,2.41,2.53,0.11999999999999966,Other,1.49,False
ID00431,Male,21,Mathematics,7.1,5.6,7,70.0,Danger,4.0,4.0,0.0,Maintain,0.71,True
ID00432,Female,23,Economics,8.8,3.9,11,100.0,Excellent,3.66,3.72,0.06000000000000005,Maintain,0.95,False
ID00433,Female,21,Mathematics,7.2,2.6,6,75.2,Normal,4.0,3.79,-0.20999999999999996,Other,1.46,False
ID00434,Male,23,Psychology,8.1,2.7,6,57.0,Danger,2.91,2.36,-0.5500000000000003,Decline,0.87,False
ID00435,Male,21,Economics,9.9,0.8,12,78.6,Normal,3.15,2.93,-0.21999999999999975,Other,3.66,False
ID00436,Female,20,Mathematics,7.1,2.9,3,91.0,Excellent,3.36,3.84,0.48,Other,1.32,False
ID00437,Male,23,Engineering,9.3,7.1,7,78.1,Normal,3.09,3.03,-0.06000000000000005,Maintain,0.43,False
ID00438,Female,18,Psychology,7.2,2.1,7,80.4,Normal,2.73,3.03,0.2999999999999998,Other,1.44,False
ID00439,Female,23,Mathematics,6.2,13.3,8,100.0,Excellent,2.65,3.46,0.81,Improve,0.26,False
ID00440,Male,19,Computer Science,6.8,3.9,7,86.6,Normal,3.21,3.38,0.16999999999999993,Other,0.87,False
ID00441,Male,18,Mathematics,6.2,1.4,7,72.4,Danger,2.57,2.3,-0.27,Other,1.64,False
ID00442,Female,19,Economics,6.3,0.2,5,95.5,Excellent,2.55,2.6,0.050000000000000266,Maintain,13.0,False
ID00443,Male,24,Engineering,6.1,4.5,8,88.0,Normal,3.3,3.75,0.4500000000000002,Other,0.83,False
ID00444,Male,21,Business,6.5,2.1,8,47.2,Danger,3.05,2.89,-0.1599999999999997,Other,1.38,False
ID00445,Female,18,Business,8.1,5.7,8,91.4,Excellent,3.57,3.93,0.3600000000000003,Other,0.69,True
ID00446,Female,21,Mathematics,4.4,7.8,7,90.9,Excellent,2.89,3.15,0.2599999999999998,Other,0.4,False
ID00447,Female,24,Business,7.4,6.4,6,85.3,Normal,2.81,3.18,0.3700000000000001,Other,0.5,False
ID00448,Female,22,Mathematics,7.2,6.3,9,98.4,Excellent,3.31,3.95,0.6400000000000001,Improve,0.63,True
ID00449,Male,21,Engineering,9.1,3.0,6,74.9,Danger,2.69,2.4,-0.29000000000000004,Other,0.8,False
ID00450,Male,24,Business,6.5,2.2,8,90.0,Normal,2.77,3.07,0.2999999999999998,Other,1.4,False
ID00451,Female,21,Economics,8.7,5.3,11,61.5,Danger,2.79,2.68,-0.10999999999999988,Other,0.51,False
ID00452,Female,24,Economics,5.7,2.3,7,91.1,Excellent,3.0,2.99,-0.009999999999999787,Maintain,1.3,False
ID00453,Male,19,Computer Science,6.3,3.1,10,100.0,Excellent,3.99,4.0,0.009999999999999787,Maintain,1.29,True
ID00454,Female,24,Mathematics,7.6,2.3,12,70.1,Danger,2.41,2.55,0.13999999999999968,Other,1.11,False
ID00455,Male,23,Business,7.9,2.5,8,73.6,Danger,3.75,3.83,0.08000000000000007,Maintain,1.53,False
ID00456,Male,22,Economics,6.6,5.6,12,74.3,Danger,3.47,3.47,0.0,Maintain,0.62,False
ID00457,Male,21,Engineering,7.3,2.4,12,86.9,Normal,3.88,3.98,0.10000000000000009,Other,1.66,True
ID00458,Male,24,Engineering,6.8,5.6,11,69.1,Danger,4.0,4.0,0.0,Maintain,0.71,True
ID00459,Male,24,Computer Science,8.2,7.7,9,91.3,Excellent,3.82,4.0,0.18000000000000016,Other,0.52,True
ID00460,Male,21,Engineering,6.8,2.8,8,97.7,Excellent,3.56,3.81,0.25,Other,1.36,False
ID00461,Male,22,Engineering,6.7,1.9,6,93.0,Excellent,2.44,2.81,0.3700000000000001,Other,1.48,False
ID00462,Female,22,Business,8.5,6.9,3,58.5,Danger,2.51,2.31,-0.19999999999999973,Other,0.33,False
ID00463,Female,24,Mathematics,7.3,4.7,3,99.9,Excellent,3.28,3.82,0.54,Improve,0.81,False
ID00464,Female,18,Psychology,8.0,2.4,6,99.1,Excellent,2.25,2.64,0.3900000000000001,Other,1.1,False
ID00465,Female,19,Engineering,10.0,3.2,2,97.5,Excellent,3.41,3.64,0.22999999999999998,Other,1.14,False
ID00466,Male,22,Engineering,4.0,5.0,3,90.6,Excellent,2.03,2.45,0.4200000000000004,Other,0.49,False
ID00467,Male,22,Psychology,5.5,1.3,14,88.3,Normal,3.68,3.63,-0.050000000000000266,Maintain,2.79,False
ID00468,Female,20,Engineering,5.6,9.6,7,100.0,Excellent,2.94,3.35,0.41000000000000014,Other,0.35,False
ID00469,Male,23,Business,5.7,6.5,9,100.0,Excellent,3.16,3.62,0.45999999999999996,Other,0.56,False
ID00470,Female,22,Business,9.1,4.0,7,70.7,Danger,2.73,2.48,-0.25,Other,0.62,False
ID00471,Male,19,Psychology,4.0,9.3,6,100.0,Excellent,2.15,2.47,0.3200000000000003,Other,0.27,False
ID00472,Female,23,Economics,7.7,8.4,11,83.7,Normal,3.72,4.0,0.2799999999999998,Other,0.48,True
ID00473,Male,23,Engineering,4.7,3.5,4,83.1,Normal,3.77,4.0,0.22999999999999998,Other,1.14,True
ID00474,Female,21,Economics,7.0,3.3,8,62.0,Danger,2.92,3.13,0.20999999999999996,Other,0.95,False
ID00475,Male,21,Engineering,7.4,3.4,5,80.7,Normal,3.43,3.81,0.3799999999999999,Other,1.12,False
ID00476,Female,21,Mathematics,8.4,5.4,12,70.0,Danger,2.9,3.1,0.20000000000000018,Other,0.57,False
ID00477,Male,21,Engineering,6.6,5.2,9,78.0,Normal,3.24,3.49,0.25,Other,0.67,False
ID00478,Female,20,Business,6.7,1.0,1,68.5,Danger,3.48,3.26,-0.2200000000000002,Other,3.26,False
ID00479,Female,22,Computer Science,4.0,5.0,6,78.3,Normal,3.38,3.34,-0.040000000000000036,Maintain,0.67,False
ID00480,Male,21,Computer Science,10.0,5.0,12,78.9,Normal,3.77,3.82,0.04999999999999982,Maintain,0.76,False
ID00481,Female,24,Computer Science,7.5,3.4,8,86.5,Normal,3.36,3.54,0.18000000000000016,Other,1.04,False
ID00482,Female,18,Computer Science,7.7,4.1,10,60.8,Danger,3.11,3.09,-0.020000000000000018,Maintain,0.75,False
ID00483,Male,21,Economics,8.6,1.2,9,63.3,Danger,2.72,2.63,-0.0900000000000003,Maintain,2.19,False
ID00484,Female,22,Economics,6.9,1.7,12,90.4,Excellent,2.86,3.03,0.16999999999999993,Other,1.78,False
ID00485,Female,21,Engineering,7.6,2.3,12,73.0,Danger,3.51,3.65,0.14000000000000012,Other,1.59,False
ID00486,Female,20,Economics,8.1,5.5,10,100.0,Excellent,2.35,2.64,0.29000000000000004,Other,0.48,False
ID00487,Male,19,Engineering,4.8,7.9,5,88.4,Normal,3.65,3.98,0.33000000000000007,Other,0.5,True
ID00488,Male,19,Mathematics,7.8,5.3,7,94.1,Excellent,2.96,3.26,0.2999999999999998,Other,0.62,False
ID00489,Female,22,Engineering,10.0,4.3,11,100.0,Excellent,2.69,3.03,0.33999999999999986,Other,0.7,False
ID00490,Female,24,Computer Science,9.6,6.0,7,80.4,Normal,2.55,2.85,0.30000000000000027,Other,0.48,False
ID00491,Male,19,Psychology,9.3,0.5,11,76.4,Normal,3.44,3.11,-0.33000000000000007,Other,6.22,False
ID00492,Female,19,Psychology,9.9,7.6,7,98.1,Excellent,3.09,3.6,0.5100000000000002,Improve,0.47,False
ID00493,Male,18,Business,5.1,3.7,7,92.6,Excellent,3.89,4.0,0.10999999999999988,Other,1.08,True
ID00494,Male,22,Business,6.2,7.0,7,82.2,Normal,2.47,3.11,0.6399999999999997,Improve,0.44,False
ID00495,Male,24,Engineering,5.6,5.7,8,100.0,Excellent,2.81,3.16,0.3500000000000001,Other,0.55,False
ID00496,Male,22,Psychology,10.0,2.4,10,81.8,Normal,3.05,3.41,0.3600000000000003,Other,1.42,False
ID00497,Female,19,Computer Science,7.4,4.6,2,85.5,Normal,2.72,3.05,0.3299999999999996,Other,0.66,False
ID00498,Male,19,Economics,4.9,2.5,7,85.3,Normal,3.1,3.19,0.08999999999999986,Maintain,1.28,False
ID00499,Female,19,Computer Science,5.3,5.2,9,71.0,Danger,3.26,3.33,0.07000000000000028,Maintain,0.64,False
ID00500,Female,23,Computer Science,7.2,10.2,6,86.2,Normal,3.34,4.0,0.6600000000000001,Improve,0.39,True
ID00501,Female,20,Engineering,5.0,5.2,9,100.0,Excellent,3.85,3.97,0.1200000000000001,Other,0.76,True
ID00502,Male,21,Engineering,9.8,2.3,5,91.7,Excellent,2.45,2.68,0.22999999999999998,Other,1.17,False
ID00503,Male,20,Mathematics,8.2,6.6,7,85.5,Normal,3.27,3.52,0.25,Other,0.53,False
ID00504,Female,22,Computer Science,7.5,2.2,5,82.6,Normal,2.78,3.22,0.4400000000000004,Other,1.46,False
ID00505,Female,18,Computer Science,5.4,7.8,7,90.0,Normal,3.32,3.79,0.4700000000000002,Other,0.49,False
ID00506,Male,21,Engineering,5.0,2.0,8,96.2,Excellent,3.32,3.32,0.0,Maintain,1.66,False
ID00507,Female,18,Engineering,7.5,7.2,11,94.1,Excellent,2.61,2.94,0.33000000000000007,Other,0.41,False
ID00508,Female,24,Mathematics,7.2,2.9,8,80.0,Normal,2.65,3.1,0.4500000000000002,Other,1.07,False
ID00509,Female,23,Mathematics,5.1,5.5,8,89.9,Normal,3.36,3.83,0.4700000000000002,Other,0.7,False
ID00510,Female,22,Business,6.9,6.6,4,92.2,Excellent,3.11,3.56,0.4500000000000002,Other,0.54,False
ID00511,Female,23,Psychology,6.9,4.5,9,69.9,Danger,2.99,2.9,-0.0900000000000003,Maintain,0.64,False
ID00512,Male,22,Computer Science,8.1,3.1,6,87.5,Normal,3.43,3.59,0.1599999999999997,Other,1.16,False
ID00513,Female,18,Computer Science,10.0,4.6,9,52.6,Danger,3.47,3.25,-0.2200000000000002,Other,0.71,False
ID00514,Female,18,Mathematics,4.0,3.7,10,92.2,Excellent,2.84,3.14,0.30000000000000027,Other,0.85,False
ID00515,Male,18,Mathematics,8.2,4.0,6,94.9,Excellent,2.67,3.07,0.3999999999999999,Other,0.77,False
ID00516,Male,22,Business,6.0,1.3,4,96.2,Excellent,2.47,2.79,0.31999999999999984,Other,2.15,False
ID00517,Male,19,Psychology,7.6,5.9,8,79.1,Normal,3.12,3.2,0.08000000000000007,Maintain,0.54,False
ID00518,Female,18,Business,7.2,4.5,4,89.6,Normal,2.39,2.7,0.31000000000000005,Other,0.6,False
ID00519,Female,23,Psychology,7.8,1.1,14,100.0,Excellent,3.15,3.41,0.26000000000000023,Other,3.1,False
ID00520,Male,24,Economics,5.1,3.2,6,100.0,Excellent,3.71,3.84,0.1299999999999999,Other,1.2,False
ID00521,Female,21,Computer Science,8.5,0.8,7,84.6,Normal,2.92,3.16,0.2400000000000002,Other,3.95,False
ID00522,Male,22,Business,7.1,4.1,3,87.1,Normal,2.83,3.12,0.29000000000000004,Other,0.76,False
ID00523,Female,23,Mathematics,9.1,5.4,7,100.0,Excellent,4.0,4.0,0.0,Maintain,0.74,True
ID00524,Female,20,Business,9.4,2.6,10,62.5,Danger,3.85,3.55,-0.30000000000000027,Other,1.37,False
ID00525,Female,24,Economics,7.4,2.5,9,80.2,Normal,2.72,2.84,0.11999999999999966,Other,1.14,False
ID00526,Male,20,Business,8.5,3.1,7,100.0,Excellent,3.17,3.23,0.06000000000000005,Maintain,1.04,False
ID00527,Male,21,Computer Science,8.4,2.5,8,99.6,Excellent,3.26,3.37,0.11000000000000032,Other,1.35,False
ID00528,Male,19,Economics,9.0,2.2,7,90.5,Excellent,3.2,3.21,0.009999999999999787,Maintain,1.46,False
ID00529,Male,18,Mathematics,8.9,1.0,3,62.4,Danger,4.0,3.78,-0.2200000000000002,Other,3.78,False
ID00530,Female,22,Mathematics,5.3,2.4,3,84.3,Normal,3.14,3.22,0.08000000000000007,Maintain,1.34,False
ID00531,Female,23,Engineering,7.4,1.3,12,76.2,Normal,3.22,3.04,-0.18000000000000016,Other,2.34,False
ID00532,Female,18,Economics,4.9,7.6,4,90.0,Normal,3.44,3.85,0.41000000000000014,Other,0.51,False
ID00533,Female,23,Engineering,6.2,8.3,10,72.9,Danger,3.69,4.0,0.31000000000000005,Other,0.48,True
ID00534,Female,22,Engineering,6.3,5.2,3,69.6,Danger,3.57,3.78,0.20999999999999996,Other,0.73,False
ID00535,Female,20,Computer Science,7.9,7.3,9,54.0,Danger,3.37,3.44,0.06999999999999984,Maintain,0.47,False
ID00536,Female,18,Business,6.7,2.3,12,100.0,Excellent,2.32,2.78,0.45999999999999996,Other,1.21,False
ID00537,Female,21,Mathematics,6.8,5.4,7,79.0,Normal,2.86,2.78,-0.08000000000000007,Maintain,0.51,False
ID00538,Male,19,Mathematics,8.5,5.3,7,87.4,Normal,3.51,3.9,0.3900000000000001,Other,0.74,True
ID00539,Male,21,Business,8.3,4.7,7,85.0,Normal,3.23,3.36,0.1299999999999999,Other,0.71,False
ID00540,Male,19,Mathematics,7.4,3.0,17,69.0,Danger,3.51,3.38,-0.1299999999999999,Other,1.13,False
ID00541,Female,24,Business,8.1,3.9,6,66.1,Danger,4.0,3.84,-0.16000000000000014,Other,0.98,False
ID00542,Female,23,Economics,8.0,4.6,6,69.9,Danger,2.51,2.53,0.020000000000000018,Maintain,0.55,False
ID00543,Male,18,Computer Science,9.9,4.5,11,74.2,Danger,3.67,3.84,0.16999999999999993,Other,0.85,False
ID00544,Female,18,Computer Science,6.7,2.1,6,90.5,Excellent,2.93,3.33,0.3999999999999999,Other,1.59,False
ID00545,Female,24,Computer Science,5.9,8.0,8,73.1,Danger,3.57,3.54,-0.029999999999999805,Maintain,0.44,False
ID00546,Male,19,Business,7.3,4.1,10,100.0,Excellent,3.08,3.25,0.16999999999999993,Other,0.79,False
ID00547,Male,20,Business,5.6,6.1,11,100.0,Excellent,4.0,4.0,0.0,Maintain,0.66,True
ID00548,Female,22,Psychology,6.4,2.8,7,97.1,Excellent,3.17,3.29,0.1200000000000001,Other,1.18,False
ID00549,Male,21,Mathematics,7.7,5.2,10,83.2,Normal,2.78,3.33,0.5500000000000003,Improve,0.64,False
ID00550,Female,24,Mathematics,6.2,4.3,7,100.0,Excellent,3.31,3.84,0.5299999999999998,Improve,0.89,False
ID00551,Male,23,Psychology,6.7,2.2,4,81.7,Normal,3.26,3.33,0.07000000000000028,Maintain,1.51,False
ID00552,Female,24,Psychology,6.6,4.0,9,84.5,Normal,3.67,3.91,0.2400000000000002,Other,0.98,True
ID00553,Female,21,Computer Science,6.4,3.3,11,87.5,Normal,3.32,3.44,0.1200000000000001,Other,1.04,False
ID00554,Female,21,Psychology,5.4,3.5,9,95.5,Excellent,4.0,4.0,0.0,Maintain,1.14,True
ID00555,Female,23,Business,8.5,6.7,9,94.6,Excellent,3.04,3.44,0.3999999999999999,Other,0.51,False
ID00556,Male,23,Engineering,9.1,3.7,4,77.9,Normal,3.05,3.08,0.03000000000000025,Maintain,0.83,False
ID00557,Male,18,Business,8.4,6.5,2,77.0,Normal,2.8,2.87,0.07000000000000028,Maintain,0.44,False
ID00558,Male,21,Psychology,8.4,5.5,9,94.6,Excellent,3.14,3.42,0.2799999999999998,Other,0.62,False
ID00559,Female,22,Mathematics,6.4,4.2,12,95.7,Excellent,3.22,3.46,0.23999999999999977,Other,0.82,False
ID00560,Female,22,Business,7.3,6.9,9,79.1,Normal,3.24,3.33,0.08999999999999986,Maintain,0.48,False
ID00561,Female,19,Mathematics,5.8,6.6,6,61.2,Danger,3.13,3.24,0.11000000000000032,Other,0.49,False
ID00562,Male,24,Business,6.8,4.2,8,81.9,Normal,2.8,3.3,0.5,Improve,0.79,False
ID00563,Male,23,Mathematics,6.9,4.4,9,94.4,Excellent,2.66,2.99,0.33000000000000007,Other,0.68,False
ID00564,Male,18,Economics,4.9,7.0,7,100.0,Excellent,2.91,3.49,0.5800000000000001,Improve,0.5,False
ID00565,Male,22,Business,7.2,5.7,14,67.0,Danger,3.67,3.63,-0.040000000000000036,Maintain,0.64,False
ID00566,Female,20,Mathematics,6.2,8.0,6,78.6,Normal,3.78,4.0,0.2200000000000002,Other,0.5,True
ID00567,Male,18,Engineering,7.4,3.6,15,79.2,Normal,3.06,3.03,-0.03000000000000025,Maintain,0.84,False
ID00568,Male,18,Computer Science,6.6,1.8,10,100.0,Excellent,2.63,3.02,0.3900000000000001,Other,1.68,False
ID00569,Female,22,Business,7.5,2.5,10,84.5,Normal,3.06,3.5,0.43999999999999995,Other,1.4,False
ID00570,Male,20,Engineering,8.0,1.0,9,71.4,Danger,4.0,3.98,-0.020000000000000018,Maintain,3.98,True
ID00571,Male,19,Computer Science,5.1,2.4,7,93.4,Excellent,3.6,3.71,0.10999999999999988,Other,1.55,False
ID00572,Female,22,Business,6.5,5.6,11,78.9,Normal,3.38,3.49,0.11000000000000032,Other,0.62,False
ID00573,Male,20,Engineering,6.0,3.7,7,66.6,Danger,3.58,3.64,0.06000000000000005,Maintain,0.98,False
ID00574,Female,18,Engineering,8.8,2.2,12,71.6,Danger,3.87,3.71,-0.16000000000000014,Other,1.69,False
ID00575,Female,20,Economics,9.5,2.8,13,100.0,Excellent,2.52,2.83,0.31000000000000005,Other,1.01,False
ID00576,Female,18,Engineering,7.1,4.7,3,90.8,Excellent,2.9,3.39,0.4900000000000002,Other,0.72,False
ID00577,Male,24,Economics,7.6,2.9,7,86.6,Normal,2.84,2.94,0.10000000000000009,Other,1.01,False
ID00578,Female,22,Psychology,4.8,3.4,10,81.3,Normal,3.39,3.47,0.08000000000000007,Maintain,1.02,False
ID00579,Male,23,Mathematics,7.5,1.4,7,89.4,Normal,3.18,3.35,0.16999999999999993,Other,2.39,False
ID00580,Male,22,Computer Science,6.6,7.5,7,89.2,Normal,3.48,4.0,0.52,Improve,0.53,True
ID00581,Male,24,Mathematics,9.0,8.1,16,89.4,Normal,2.85,2.9,0.04999999999999982,Maintain,0.36,False
ID00582,Female,21,Mathematics,6.7,2.3,8,86.7,Normal,3.79,3.98,0.18999999999999995,Other,1.73,True
ID00583,Male,21,Economics,5.8,3.2,9,98.0,Excellent,3.07,3.26,0.18999999999999995,Other,1.02,False
ID00584,Male,21,Mathematics,5.0,0.9,9,85.3,Normal,3.45,3.58,0.1299999999999999,Other,3.98,False
ID00585,Female,22,Engineering,7.3,7.1,13,70.3,Danger,3.7,4.0,0.2999999999999998,Other,0.56,True
ID00586,Male,19,Economics,6.2,1.7,8,75.8,Normal,3.66,3.72,0.06000000000000005,Maintain,2.19,False
ID00587,Male,22,Mathematics,8.8,3.9,4,55.3,Danger,3.28,2.87,-0.4099999999999997,Other,0.74,False
ID00588,Male,24,Economics,7.9,2.0,7,100.0,Excellent,3.51,3.87,0.3600000000000003,Other,1.94,True
ID00589,Male,24,Psychology,6.8,3.9,9,97.9,Excellent,3.97,4.0,0.029999999999999805,Maintain,1.03,True
ID00590,Male,23,Economics,7.9,6.4,8,72.5,Danger,3.36,3.54,0.18000000000000016,Other,0.55,False
ID00591,Male,20,Business,9.6,5.4,6,80.8,Normal,2.74,2.98,0.23999999999999977,Other,0.55,False
ID00592,Female,22,Engineering,5.3,5.7,3,75.4,Normal,3.39,3.6,0.20999999999999996,Other,0.63,False
ID00593,Male,22,Computer Science,6.0,1.5,9,100.0,Excellent,3.08,3.49,0.41000000000000014,Other,2.33,False
ID00594,Male,18,Business,9.9,3.8,6,63.7,Danger,1.93,1.76,-0.16999999999999993,Other,0.46,False
ID00595,Female,24,Business,5.9,10.9,6,86.7,Normal,3.33,4.0,0.6699999999999999,Improve,0.37,True
ID00596,Male,18,Business,8.0,4.5,8,83.4,Normal,3.16,3.35,0.18999999999999995,Other,0.74,False
ID00597,Female,18,Mathematics,8.8,4.0,2,97.4,Excellent,3.68,3.73,0.04999999999999982,Maintain,0.93,False
ID00598,Male,22,Economics,7.0,3.4,7,83.4,Normal,2.72,2.98,0.2599999999999998,Other,0.88,False
ID00599,Male,19,Economics,8.0,4.3,3,58.6,Danger,2.35,2.1,-0.25,Other,0.49,False
ID00600,Male,20,Mathematics,6.6,3.9,8,81.2,Normal,3.18,3.54,0.3599999999999999,Other,0.91,False
ID00601,Male,20,Engineering,9.7,9.8,5,70.4,Danger,3.29,3.48,0.18999999999999995,Other,0.36,False
ID00602,Male,24,Mathematics,6.3,6.1,7,86.2,Normal,3.15,3.46,0.31000000000000005,Other,0.57,False
ID00603,Male,23,Mathematics,5.6,3.6,9,100.0,Excellent,3.11,3.28,0.16999999999999993,Other,0.91,False
ID00604,Male,24,Mathematics,8.3,6.0,9,58.9,Danger,2.57,2.45,-0.11999999999999966,Other,0.41,False
ID00605,Male,19,Engineering,8.1,2.4,12,73.0,Danger,3.03,2.83,-0.19999999999999973,Other,1.18,False
ID00606,Male,19,Engineering,7.2,3.9,8,76.7,Normal,2.93,3.01,0.07999999999999963,Maintain,0.77,False
ID00607,Male,20,Psychology,7.0,2.9,5,79.3,Normal,3.64,3.71,0.06999999999999984,Maintain,1.28,False
ID00608,Male,21,Psychology,6.3,5.7,11,96.1,Excellent,3.29,3.82,0.5299999999999998,Improve,0.67,False
ID00609,Male,18,Psychology,5.9,3.7,7,82.4,Normal,2.96,3.19,0.22999999999999998,Other,0.86,False
ID00610,Female,18,Psychology,6.1,4.2,5,91.2,Excellent,3.96,4.0,0.040000000000000036,Maintain,0.95,True
ID00611,Male,20,Economics,7.5,3.5,10,75.6,Normal,2.97,3.16,0.18999999999999995,Other,0.9,False
ID00612,Female,24,Business,6.7,4.8,6,88.4,Normal,3.38,3.67,0.29000000000000004,Other,0.76,False
ID00613,Female,19,Business,4.8,5.8,3,96.7,Excellent,3.02,3.3,0.2799999999999998,Other,0.57,False
ID00614,Male,24,Psychology,6.4,8.1,7,74.0,Danger,3.92,4.0,0.08000000000000007,Maintain,0.49,True
ID00615,Female,23,Psychology,6.7,3.3,14,96.7,Excellent,3.14,3.56,0.41999999999999993,Other,1.08,False
ID00616,Female,21,Computer Science,7.8,2.1,7,85.8,Normal,3.16,3.57,0.4099999999999997,Other,1.7,False
ID00617,Male,20,Business,7.4,5.0,10,100.0,Excellent,3.03,3.24,0.2100000000000004,Other,0.65,False
ID00618,Male,18,Computer Science,9.6,1.7,3,82.0,Normal,3.2,3.48,0.2799999999999998,Other,2.05,False
ID00619,Female,22,Computer Science,5.5,3.3,9,90.7,Excellent,3.7,4.0,0.2999999999999998,Other,1.21,True
ID00620,Female,24,Mathematics,7.8,1.4,4,84.4,Normal,3.52,3.75,0.22999999999999998,Other,2.68,False
ID00621,Male,19,Economics,8.0,14.0,8,83.6,Normal,3.11,3.82,0.71,Improve,0.27,False
ID00622,Male,22,Engineering,7.4,7.5,6,88.9,Normal,3.95,4.0,0.04999999999999982,Maintain,0.53,True
ID00623,Male,23,Business,6.6,7.1,3,93.1,Excellent,3.54,3.92,0.3799999999999999,Other,0.55,True
ID00624,Male,20,Psychology,6.0,8.3,6,66.3,Danger,2.88,3.33,0.4500000000000002,Other,0.4,False
ID00625,Female,24,Psychology,6.9,6.7,10,100.0,Excellent,2.41,2.98,0.5699999999999998,Improve,0.44,False
ID00626,Male,18,Engineering,4.3,4.5,8,57.1,Danger,2.89,2.6,-0.29000000000000004,Other,0.58,False
ID00627,Male,24,Business,5.6,4.6,9,74.7,Danger,3.31,3.42,0.10999999999999988,Other,0.74,False
ID00628,Female,21,Psychology,5.5,7.9,8,83.6,Normal,3.4,3.86,0.45999999999999996,Other,0.49,False
ID00629,Male,22,Psychology,7.8,8.2,9,91.2,Excellent,3.78,4.0,0.2200000000000002,Other,0.49,True
ID00630,Male,21,Mathematics,7.9,2.2,9,100.0,Excellent,2.55,2.71,0.16000000000000014,Other,1.23,False
ID00631,Female,23,Computer Science,5.4,3.6,10,57.1,Danger,2.88,2.7,-0.17999999999999972,Other,0.75,False
ID00632,Female,18,Psychology,5.0,4.2,3,77.4,Normal,2.51,2.61,0.10000000000000009,Other,0.62,False
ID00633,Male,22,Economics,4.8,6.8,9,53.1,Danger,2.43,2.39,-0.040000000000000036,Maintain,0.35,False
ID00634,Male,23,Business,8.5,2.4,8,85.5,Normal,2.79,2.8,0.009999999999999787,Maintain,1.17,False
ID00635,Male,21,Economics,8.4,2.3,10,89.1,Normal,3.28,3.34,0.06000000000000005,Maintain,1.45,False
ID00636,Male,21,Engineering,8.0,1.6,9,100.0,Excellent,3.49,3.55,0.05999999999999961,Maintain,2.22,False
ID00637,Male,22,Mathematics,9.3,2.9,10,86.8,Normal,2.63,2.95,0.3200000000000003,Other,1.02,False
ID00638,Male,18,Business,9.7,3.2,5,100.0,Excellent,2.7,2.78,0.07999999999999963,Maintain,0.87,False
ID00639,Male,21,Mathematics,5.5,9.1,7,93.8,Excellent,2.21,2.68,0.4700000000000002,Other,0.29,False
ID00640,Male,20,Computer Science,6.4,6.4,8,78.5,Normal,3.21,3.29,0.08000000000000007,Maintain,0.51,False
ID00641,Male,23,Psychology,8.2,6.8,4,63.9,Danger,2.73,2.99,0.26000000000000023,Other,0.44,False
ID00642,Male,22,Business,4.0,2.0,11,89.1,Normal,3.93,4.0,0.06999999999999984,Maintain,2.0,True
ID00643,Male,19,Engineering,6.6,3.5,3,62.6,Danger,3.3,3.44,0.14000000000000012,Other,0.98,False
ID00644,Male,19,Computer Science,8.4,5.9,15,100.0,Excellent,3.01,3.4,0.3900000000000001,Other,0.58,False
ID00645,Male,18,Computer Science,6.5,4.3,9,82.6,Normal,2.78,3.19,0.41000000000000014,Other,0.74,False
ID00646,Female,20,Mathematics,8.1,5.4,6,100.0,Excellent,2.35,2.62,0.27,Other,0.49,False
ID00647,Female,21,Computer Science,4.0,1.7,13,77.8,Normal,2.42,2.15,-0.27,Other,1.26,False
ID00648,Female,19,Business,7.4,4.2,13,89.0,Normal,2.79,3.09,0.2999999999999998,Other,0.74,False
ID00649,Female,18,Mathematics,6.3,6.1,7,88.1,Normal,2.75,3.12,0.3700000000000001,Other,0.51,False
ID00650,Male,23,Computer Science,6.7,2.1,8,84.3,Normal,2.6,2.93,0.33000000000000007,Other,1.4,False
ID00651,Male,20,Engineering,5.6,1.2,5,78.5,Normal,3.29,3.07,-0.2200000000000002,Other,2.56,False
ID00652,Male,20,Economics,9.4,2.0,5,90.9,Excellent,3.36,3.53,0.16999999999999993,Other,1.76,False
ID00653,Female,24,Business,7.1,7.8,13,71.1,Danger,2.87,3.22,0.3500000000000001,Other,0.41,False
ID00654,Female,18,Engineering,7.2,1.8,7,66.9,Danger,4.0,3.85,-0.1499999999999999,Other,2.14,False
ID00655,Male,18,Engineering,10.0,4.0,9,100.0,Excellent,2.23,2.45,0.2200000000000002,Other,0.61,False
ID00656,Male,24,Mathematics,5.6,1.1,6,95.9,Excellent,3.13,3.24,0.11000000000000032,Other,2.95,False
ID00657,Male,21,Psychology,7.2,2.3,8,86.0,Normal,2.99,3.08,0.08999999999999986,Maintain,1.34,False
ID00658,Male,18,Mathematics,6.0,4.5,6,100.0,Excellent,2.82,3.06,0.2400000000000002,Other,0.68,False
ID00659,Female,24,Business,5.9,4.0,13,81.0,Normal,2.75,2.83,0.08000000000000007,Maintain,0.71,False
ID00660,Female,21,Business,7.5,7.1,6,100.0,Excellent,3.1,3.71,0.6099999999999999,Improve,0.52,False
ID00661,Male,21,Mathematics,6.6,5.0,7,87.6,Normal,2.99,3.31,0.31999999999999984,Other,0.66,False
ID00662,Female,22,Psychology,10.0,2.1,10,69.6,Danger,2.9,2.72,-0.17999999999999972,Other,1.3,False
ID00663,Female,20,Mathematics,9.7,3.5,6,100.0,Excellent,2.45,2.74,0.29000000000000004,Other,0.78,False
ID00664,Male,23,Business,6.8,3.1,9,99.9,Excellent,2.29,2.78,0.48999999999999977,Other,0.9,False
ID00665,Male,20,Psychology,4.7,0.8,9,83.2,Normal,2.96,3.17,0.20999999999999996,Other,3.96,False
ID00666,Male,20,Business,6.6,9.3,4,95.9,Excellent,2.9,3.34,0.43999999999999995,Other,0.36,False
ID00667,Male,22,Psychology,8.6,4.1,4,78.9,Normal,3.0,2.88,-0.1200000000000001,Other,0.7,False
ID00668,Male,21,Psychology,5.7,4.5,10,97.4,Excellent,3.05,3.14,0.0900000000000003,Maintain,0.7,False
ID00669,Male,21,Mathematics,9.4,5.8,12,49.1,Danger,2.84,2.4,-0.43999999999999995,Other,0.41,False
ID00670,Male,18,Mathematics,7.9,5.9,13,69.7,Danger,2.99,2.99,0.0,Maintain,0.51,False
ID00671,Male,22,Mathematics,5.2,6.2,8,99.7,Excellent,2.67,2.96,0.29000000000000004,Other,0.48,False
ID00672,Female,18,Psychology,6.0,3.2,12,81.3,Normal,3.86,4.0,0.14000000000000012,Other,1.25,True
ID00673,Male,22,Psychology,6.2,2.9,9,88.1,Normal,2.7,2.94,0.23999999999999977,Other,1.01,False
ID00674,Male,18,Business,5.8,7.3,6,64.8,Danger,2.91,3.15,0.23999999999999977,Other,0.43,False
ID00675,Male,19,Engineering,5.3,9.4,9,100.0,Excellent,2.74,3.38,0.6399999999999997,Improve,0.36,False
ID00676,Female,24,Mathematics,6.1,1.1,5,100.0,Excellent,2.73,2.88,0.1499999999999999,Other,2.62,False
ID00677,Male,20,Economics,6.4,7.1,12,82.0,Normal,3.11,3.68,0.5700000000000003,Improve,0.52,False
ID00678,Male,20,Business,8.9,3.5,9,78.9,Normal,3.05,2.92,-0.1299999999999999,Other,0.83,False
ID00679,Female,23,Business,7.7,3.8,14,100.0,Excellent,2.87,3.16,0.29000000000000004,Other,0.83,False
ID00680,Female,24,Computer Science,7.7,0.5,9,100.0,Excellent,2.96,3.21,0.25,Other,6.42,False
ID00681,Female,21,Mathematics,7.5,4.0,5,99.3,Excellent,2.74,3.04,0.2999999999999998,Other,0.76,False
ID00682,Male,23,Business,5.8,2.8,6,100.0,Excellent,3.3,3.51,0.20999999999999996,Other,1.25,False
ID00683,Male,19,Computer Science,8.7,0.7,5,71.2,Danger,4.0,3.63,-0.3700000000000001,Other,5.19,False
ID00684,Female,23,Economics,6.3,7.7,4,72.7,Danger,2.66,2.91,0.25,Other,0.38,False
ID00685,Female,20,Economics,6.5,4.5,5,67.2,Danger,3.3,3.47,0.17000000000000037,Other,0.77,False
ID00686,Female,21,Mathematics,7.6,4.9,6,91.6,Excellent,3.12,3.67,0.5499999999999998,Improve,0.75,False
ID00687,Female,19,Psychology,10.0,7.6,11,87.6,Normal,3.43,3.72,0.29000000000000004,Other,0.49,False
ID00688,Male,20,Computer Science,6.2,5.9,6,82.7,Normal,3.45,3.86,0.4099999999999997,Other,0.65,False
ID00689,Female,24,Psychology,4.6,1.6,5,97.1,Excellent,3.2,3.32,0.11999999999999966,Other,2.07,False
ID00690,Male,18,Economics,7.4,6.7,9,100.0,Excellent,3.08,3.73,0.6499999999999999,Improve,0.56,False
ID00691,Male,22,Economics,8.0,1.3,6,62.1,Danger,2.88,2.7,-0.17999999999999972,Other,2.08,False
ID00692,Male,19,Engineering,6.3,5.7,9,76.0,Normal,2.72,2.72,0.0,Maintain,0.48,False
ID00693,Male,21,Engineering,6.1,10.5,15,97.3,Excellent,3.05,3.58,0.5300000000000002,Improve,0.34,False
ID00694,Male,23,Engineering,5.1,5.7,8,78.0,Normal,2.46,2.36,-0.10000000000000009,Other,0.41,False
ID00695,Male,24,Engineering,7.5,3.2,5,73.0,Danger,2.8,2.96,0.16000000000000014,Other,0.92,False
ID00696,Female,23,Business,9.9,10.3,7,100.0,Excellent,3.65,4.0,0.3500000000000001,Other,0.39,True
ID00697,Male,19,Engineering,9.6,4.5,10,65.7,Danger,3.15,3.09,-0.06000000000000005,Maintain,0.69,False
ID00698,Female,24,Business,7.5,2.1,9,80.5,Normal,3.55,3.95,0.40000000000000036,Other,1.88,True
ID00699,Male,21,Business,6.4,2.7,10,89.9,Normal,3.83,4.0,0.16999999999999993,Other,1.48,True
ID00700,Male,19,Mathematics,7.6,2.6,7,76.4,Normal,3.01,3.16,0.15000000000000036,Other,1.22,False
ID00701,Male,21,Business,6.5,11.7,9,96.7,Excellent,3.2,4.0,0.7999999999999998,Improve,0.34,True
ID00702,Male,23,Business,6.0,5.6,8,76.5,Normal,2.95,2.89,-0.06000000000000005,Maintain,0.52,False
ID00703,Male,20,Engineering,7.2,5.8,10,100.0,Excellent,2.69,3.12,0.43000000000000016,Other,0.54,False
ID00704,Male,24,Business,8.9,5.2,14,83.1,Normal,2.62,3.07,0.44999999999999973,Other,0.59,False
ID00705,Male,18,Psychology,6.7,4.7,4,95.1,Excellent,3.52,3.86,0.33999999999999986,Other,0.82,False
ID00706,Female,20,Engineering,6.7,3.0,9,96.2,Excellent,3.2,3.69,0.48999999999999977,Other,1.23,False
ID00707,Male,18,Computer Science,6.6,1.8,11,75.6,Normal,4.0,4.0,0.0,Maintain,2.22,True
ID00708,Female,23,Engineering,8.2,4.9,10,54.2,Danger,3.59,3.39,-0.19999999999999973,Other,0.69,False
ID00709,Male,24,Business,8.3,10.1,7,90.4,Excellent,2.73,3.14,0.41000000000000014,Other,0.31,False
ID00710,Female,20,Psychology,5.4,4.8,6,86.1,Normal,3.52,3.65,0.1299999999999999,Other,0.76,False
ID00711,Female,20,Engineering,6.7,8.1,7,93.3,Excellent,2.95,3.56,0.6099999999999999,Improve,0.44,False
ID00712,Female,19,Psychology,8.7,1.1,9,81.6,Normal,3.71,3.88,0.16999999999999993,Other,3.53,True
ID00713,Male,22,Computer Science,6.5,4.8,8,78.5,Normal,2.86,2.81,-0.04999999999999982,Maintain,0.59,False
ID00714,Male,23,Economics,9.1,2.8,12,100.0,Excellent,2.57,2.9,0.33000000000000007,Other,1.04,False
ID00715,Male,21,Computer Science,8.0,2.0,9,62.9,Danger,2.7,2.8,0.09999999999999964,Maintain,1.4,False
ID00716,Female,23,Economics,9.6,8.9,7,96.0,Excellent,2.73,3.19,0.45999999999999996,Other,0.36,False
ID00717,Female,21,Mathematics,6.5,3.1,6,76.4,Normal,2.68,2.73,0.04999999999999982,Maintain,0.88,False
ID00718,Female,24,Economics,8.1,5.6,9,80.0,Normal,2.81,3.14,0.33000000000000007,Other,0.56,False
ID00719,Male,21,Mathematics,8.1,3.8,9,80.2,Normal,3.53,3.58,0.050000000000000266,Maintain,0.94,False
ID00720,Female,18,Engineering,8.6,1.6,8,72.9,Danger,4.0,3.67,-0.33000000000000007,Other,2.29,False
ID00721,Female,21,Mathematics,7.5,6.1,4,93.6,Excellent,2.43,3.0,0.5699999999999998,Improve,0.49,False
ID00722,Male,21,Psychology,8.7,3.2,4,100.0,Excellent,3.73,3.94,0.20999999999999996,Other,1.23,True
ID00723,Male,19,Mathematics,6.1,6.6,6,92.1,Excellent,2.86,3.38,0.52,Improve,0.51,False
ID00724,Female,20,Psychology,6.9,2.3,8,86.6,Normal,3.27,3.58,0.31000000000000005,Other,1.56,False
ID00725,Female,23,Economics,4.8,2.9,3,70.2,Danger,2.27,2.12,-0.1499999999999999,Other,0.73,False
ID00726,Female,23,Economics,6.6,5.5,5,92.8,Excellent,3.36,3.6,0.2400000000000002,Other,0.65,False
ID00727,Male,24,Economics,5.7,2.4,8,100.0,Excellent,2.1,2.38,0.2799999999999998,Other,0.99,False
ID00728,Female,24,Mathematics,7.5,6.0,6,79.3,Normal,3.26,3.4,0.14000000000000012,Other,0.57,False
ID00729,Male,21,Economics,8.5,0.9,7,79.4,Normal,3.23,2.88,-0.3500000000000001,Other,3.2,False
ID00730,Male,22,Mathematics,7.8,1.8,6,76.6,Normal,3.2,2.95,-0.25,Other,1.64,False
ID00731,Male,23,Mathematics,8.2,4.2,8,77.7,Normal,2.73,2.5,-0.22999999999999998,Other,0.6,False
ID00732,Female,24,Business,7.1,5.8,8,43.8,Danger,3.37,3.02,-0.3500000000000001,Other,0.52,False
ID00733,Female,21,Business,6.8,4.3,10,91.1,Excellent,3.3,3.53,0.22999999999999998,Other,0.82,False
ID00734,Male,24,Mathematics,5.2,5.4,9,72.3,Danger,3.0,2.91,-0.08999999999999986,Maintain,0.54,False
ID00735,Male,18,Psychology,4.1,3.1,16,60.8,Danger,3.44,2.94,-0.5,Decline,0.95,False
ID00736,Female,18,Engineering,4.7,0.9,10,96.3,Excellent,3.05,3.2,0.15000000000000036,Other,3.56,False
ID00737,Male,24,Computer Science,6.0,3.3,6,68.8,Danger,3.36,3.27,-0.08999999999999986,Maintain,0.99,False
ID00738,Female,18,Business,8.4,3.4,8,79.9,Normal,3.04,3.03,-0.010000000000000231,Maintain,0.89,False
ID00739,Male,24,Mathematics,5.2,7.7,5,100.0,Excellent,3.21,3.77,0.56,Improve,0.49,False
ID00740,Male,21,Computer Science,5.8,6.0,9,63.9,Danger,3.39,3.39,0.0,Maintain,0.57,False
ID00741,Male,19,Business,6.3,1.9,10,62.0,Danger,2.9,2.93,0.03000000000000025,Maintain,1.54,False
ID00742,Male,22,Engineering,8.9,0.7,11,89.0,Normal,2.48,2.41,-0.06999999999999984,Maintain,3.44,False
ID00743,Female,21,Psychology,6.9,3.7,7,100.0,Excellent,3.24,3.51,0.2699999999999996,Other,0.95,False
ID00744,Male,19,Mathematics,7.2,2.8,4,61.4,Danger,3.69,3.75,0.06000000000000005,Maintain,1.34,False
ID00745,Male,19,Engineering,7.6,9.7,5,91.1,Excellent,3.25,4.0,0.75,Improve,0.41,True
ID00746,Female,23,Business,9.1,7.8,6,93.7,Excellent,3.26,3.75,0.4900000000000002,Other,0.48,False
ID00747,Male,21,Mathematics,7.1,1.6,14,54.1,Danger,3.08,2.66,-0.41999999999999993,Other,1.66,False
ID00748,Male,21,Computer Science,4.4,5.9,10,97.0,Excellent,3.47,3.74,0.27,Other,0.63,False
ID00749,Female,24,Economics,7.2,5.3,8,98.1,Excellent,3.01,3.38,0.3700000000000001,Other,0.64,False
ID00750,Female,19,Psychology,9.2,5.2,9,80.3,Normal,2.87,3.24,0.3700000000000001,Other,0.62,False
ID00751,Male,19,Business,8.0,14.0,7,100.0,Excellent,3.65,4.0,0.3500000000000001,Other,0.29,True
ID00752,Female,19,Psychology,7.3,3.8,14,100.0,Excellent,2.83,3.16,0.33000000000000007,Other,0.83,False
ID00753,Female,24,Mathematics,7.5,6.3,9,86.5,Normal,3.54,4.0,0.45999999999999996,Other,0.63,True
ID00754,Male,23,Economics,4.2,6.8,5,78.2,Normal,3.65,3.64,-0.009999999999999787,Maintain,0.54,False
ID00755,Male,21,Engineering,4.0,5.0,9,70.4,Danger,3.38,3.47,0.0900000000000003,Maintain,0.69,False
ID00756,Female,19,Psychology,8.3,9.6,6,84.4,Normal,2.48,3.11,0.6299999999999999,Improve,0.32,False
ID00757,Female,18,Computer Science,8.9,4.5,8,93.5,Excellent,3.11,3.53,0.41999999999999993,Other,0.78,False
ID00758,Male,21,Business,6.1,6.6,9,80.1,Normal,3.0,3.29,0.29000000000000004,Other,0.5,False
ID00759,Female,24,Computer Science,7.3,2.6,9,52.0,Danger,2.85,2.38,-0.4700000000000002,Other,0.92,False
ID00760,Female,23,Psychology,7.9,1.8,6,100.0,Excellent,3.17,3.59,0.41999999999999993,Other,1.99,False
ID00761,Male,18,Economics,9.5,5.5,5,87.9,Normal,3.48,3.66,0.18000000000000016,Other,0.67,False
ID00762,Male,24,Engineering,6.9,3.9,20,79.3,Normal,2.87,2.61,-0.26000000000000023,Other,0.67,False
ID00763,Male,20,Engineering,8.1,4.1,4,97.9,Excellent,3.01,3.13,0.1200000000000001,Other,0.76,False
ID00764,Female,21,Computer Science,10.0,3.3,6,100.0,Excellent,2.98,3.32,0.33999999999999986,Other,1.01,False
ID00765,Male,20,Mathematics,6.6,6.5,8,43.0,Danger,3.68,3.39,-0.29000000000000004,Other,0.52,False
ID00766,Female,24,Mathematics,7.1,4.5,3,91.5,Excellent,2.97,3.18,0.20999999999999996,Other,0.71,False
ID00767,Female,24,Economics,5.3,12.5,6,63.6,Danger,2.48,2.86,0.3799999999999999,Other,0.23,False
ID00768,Female,24,Engineering,5.4,4.4,8,92.5,Excellent,2.31,2.48,0.16999999999999993,Other,0.56,False
ID00769,Male,19,Computer Science,8.3,5.1,8,86.9,Normal,3.28,3.65,0.3700000000000001,Other,0.72,False
ID00770,Female,23,Computer Science,8.8,6.9,5,94.5,Excellent,2.72,3.19,0.46999999999999975,Other,0.46,False
ID00771,Male,19,Computer Science,8.7,5.5,9,77.5,Normal,3.43,3.49,0.06000000000000005,Maintain,0.63,False
ID00772,Female,23,Psychology,5.5,1.9,5,56.9,Danger,2.43,2.11,-0.3200000000000003,Other,1.11,False
ID00773,Male,22,Economics,6.7,3.6,8,78.2,Normal,2.83,2.94,0.10999999999999988,Other,0.82,False
ID00774,Male,19,Mathematics,7.7,2.5,4,91.1,Excellent,2.43,2.58,0.1499999999999999,Other,1.03,False
ID00775,Female,20,Mathematics,4.0,5.3,9,100.0,Excellent,3.32,3.47,0.15000000000000036,Other,0.65,False
ID00776,Male,23,Psychology,7.7,4.7,8,67.4,Danger,3.42,3.6,0.18000000000000016,Other,0.77,False
ID00777,Male,19,Business,9.8,6.7,9,100.0,Excellent,3.27,3.75,0.48,Other,0.56,False
ID00778,Female,21,Psychology,8.7,7.2,8,75.3,Normal,2.56,2.81,0.25,Other,0.39,False
ID00779,Female,24,Economics,4.0,2.5,9,90.4,Excellent,2.73,2.79,0.06000000000000005,Maintain,1.12,False
ID00780,Female,23,Computer Science,7.6,7.1,9,77.4,Normal,3.22,3.31,0.08999999999999986,Maintain,0.47,False
ID00781,Female,23,Psychology,7.3,7.8,14,87.7,Normal,2.26,2.83,0.5700000000000003,Improve,0.36,False
ID00782,Male,19,Computer Science,7.4,2.1,11,98.4,Excellent,2.98,3.1,0.1200000000000001,Other,1.48,False
ID00783,Male,22,Economics,7.2,5.1,10,66.6,Danger,3.86,3.88,0.020000000000000018,Maintain,0.76,True
ID00784,Male,19,Economics,6.5,8.6,7,74.8,Danger,3.01,3.41,0.40000000000000036,Other,0.4,False
ID00785,Male,20,Engineering,4.0,3.6,11,87.8,Normal,2.36,2.52,0.16000000000000014,Other,0.7,False
ID00786,Female,20,Computer Science,7.5,4.1,8,100.0,Excellent,2.8,2.96,0.16000000000000014,Other,0.72,False
ID00787,Female,23,Mathematics,7.9,5.1,8,72.1,Danger,2.78,2.95,0.17000000000000037,Other,0.58,False
ID00788,Male,23,Psychology,6.2,0.3,8,100.0,Excellent,4.0,4.0,0.0,Maintain,13.33,True
ID00789,Male,19,Economics,8.9,4.4,6,100.0,Excellent,3.93,4.0,0.06999999999999984,Maintain,0.91,True
ID00790,Female,20,Computer Science,4.5,4.6,11,83.5,Normal,3.47,3.56,0.08999999999999986,Maintain,0.77,False
ID00791,Male,20,Business,4.4,5.9,6,80.5,Normal,2.93,3.31,0.3799999999999999,Other,0.56,False
ID00792,Female,22,Engineering,7.1,6.0,8,74.6,Danger,3.7,3.87,0.16999999999999993,Other,0.64,True
ID00793,Male,21,Business,6.0,4.0,9,84.0,Normal,2.53,2.72,0.1900000000000004,Other,0.68,False
ID00794,Female,22,Economics,8.5,10.2,6,63.9,Danger,3.64,3.72,0.08000000000000007,Maintain,0.36,False
ID00795,Male,18,Business,6.4,2.5,6,83.9,Normal,3.56,3.83,0.27,Other,1.53,False
ID00796,Female,24,Business,9.0,6.6,10,100.0,Excellent,3.02,3.51,0.48999999999999977,Other,0.53,False
ID00797,Female,22,Engineering,5.9,0.7,11,75.8,Normal,3.67,3.64,-0.029999999999999805,Maintain,5.2,False
ID00798,Female,19,Engineering,7.2,4.3,9,81.4,Normal,2.88,3.08,0.20000000000000018,Other,0.72,False
ID00799,Female,21,Engineering,4.0,0.6,10,59.5,Danger,2.47,2.03,-0.4400000000000004,Other,3.38,False
ID00800,Female,19,Engineering,6.9,4.4,4,90.6,Excellent,3.59,3.84,0.25,Other,0.87,False
ID00801,Female,24,Business,7.1,5.4,5,89.0,Normal,3.06,3.29,0.22999999999999998,Other,0.61,False
ID00802,Male,18,Mathematics,8.8,3.4,7,86.0,Normal,3.4,3.55,0.1499999999999999,Other,1.04,False
ID00803,Female,21,Mathematics,4.7,4.2,9,81.7,Normal,4.0,4.0,0.0,Maintain,0.95,True
ID00804,Female,23,Engineering,6.6,6.3,8,80.6,Normal,2.74,3.25,0.5099999999999998,Improve,0.52,False
ID00805,Male,20,Psychology,9.2,0.2,5,92.5,Excellent,3.03,2.91,-0.11999999999999966,Other,14.55,False
ID00806,Female,22,Computer Science,9.4,3.0,11,84.6,Normal,3.88,4.0,0.1200000000000001,Other,1.33,True
ID00807,Female,19,Economics,5.7,8.7,7,89.7,Normal,3.43,3.74,0.31000000000000005,Other,0.43,False
ID00808,Female,18,Psychology,6.0,1.8,6,88.2,Normal,2.75,2.88,0.1299999999999999,Other,1.6,False
ID00809,Male,20,Economics,4.5,2.7,6,100.0,Excellent,2.62,2.78,0.1599999999999997,Other,1.03,False
ID00810,Male,22,Psychology,4.0,0.9,11,95.2,Excellent,2.84,3.11,0.27,Other,3.46,False
ID00811,Female,20,Psychology,6.4,3.0,9,87.9,Normal,2.73,3.23,0.5,Improve,1.08,False
ID00812,Female,22,Mathematics,6.0,3.9,9,100.0,Excellent,3.22,3.37,0.1499999999999999,Other,0.86,False
ID00813,Male,23,Computer Science,10.0,14.0,13,91.3,Excellent,3.14,3.78,0.6399999999999997,Improve,0.27,False
ID00814,Female,21,Psychology,7.5,5.2,4,100.0,Excellent,3.24,3.65,0.4099999999999997,Other,0.7,False
ID00815,Female,20,Engineering,6.7,3.1,11,94.1,Excellent,2.68,3.06,0.3799999999999999,Other,0.99,False
ID00816,Male,20,Economics,8.0,1.3,15,57.4,Danger,3.06,2.74,-0.31999999999999984,Other,2.11,False
ID00817,Female,20,Mathematics,8.5,2.7,13,100.0,Excellent,2.07,2.16,0.0900000000000003,Maintain,0.8,False
ID00818,Male,21,Economics,8.8,2.3,11,87.0,Normal,3.17,3.21,0.040000000000000036,Maintain,1.4,False
ID00819,Male,18,Engineering,7.4,0.8,9,84.2,Normal,3.69,3.69,0.0,Maintain,4.61,False
ID00820,Male,22,Engineering,7.0,1.8,4,89.2,Normal,2.39,2.77,0.3799999999999999,Other,1.54,False
ID00821,Female,23,Psychology,7.2,3.2,11,79.8,Normal,3.34,3.3,-0.040000000000000036,Maintain,1.03,False
ID00822,Male,20,Engineering,6.9,3.5,10,88.4,Normal,2.79,3.26,0.46999999999999975,Other,0.93,False
ID00823,Male,24,Computer Science,6.2,6.2,5,76.1,Normal,3.5,3.59,0.08999999999999986,Maintain,0.58,False
ID00824,Male,21,Engineering,8.6,9.0,9,100.0,Excellent,3.18,3.78,0.5999999999999996,Improve,0.42,False
ID00825,Male,18,Psychology,6.7,3.4,7,83.3,Normal,3.3,3.45,0.15000000000000036,Other,1.01,False
ID00826,Female,22,Economics,5.5,6.7,8,79.3,Normal,3.13,3.34,0.20999999999999996,Other,0.5,False
ID00827,Male,21,Engineering,7.0,3.1,4,71.1,Danger,3.76,3.92,0.16000000000000014,Other,1.26,True
ID00828,Male,23,Mathematics,8.1,2.2,5,89.0,Normal,3.27,3.34,0.06999999999999984,Maintain,1.52,False
ID00829,Female,23,Mathematics,4.8,6.0,7,87.8,Normal,2.75,2.96,0.20999999999999996,Other,0.49,False
ID00830,Male,22,Mathematics,6.6,3.1,9,90.8,Excellent,3.15,3.33,0.18000000000000016,Other,1.07,False
ID00831,Male,20,Economics,5.8,2.4,9,69.6,Danger,2.92,2.94,0.020000000000000018,Maintain,1.23,False
ID00832,Male,23,Business,10.0,2.1,4,61.0,Danger,3.18,2.95,-0.22999999999999998,Other,1.4,False
ID00833,Male,18,Mathematics,7.1,1.2,7,94.4,Excellent,2.89,2.99,0.10000000000000009,Other,2.49,False
ID00834,Male,21,Mathematics,9.3,4.2,6,100.0,Excellent,2.76,3.21,0.4500000000000002,Other,0.76,False
ID00835,Male,18,Business,7.4,2.8,12,69.6,Danger,3.2,3.26,0.05999999999999961,Maintain,1.16,False
ID00836,Male,20,Economics,7.5,6.9,9,100.0,Excellent,3.13,3.76,0.6299999999999999,Improve,0.54,False
ID00837,Female,18,Mathematics,6.9,10.3,10,89.3,Normal,3.63,4.0,0.3700000000000001,Other,0.39,True
ID00838,Male,18,Psychology,6.7,2.1,10,84.9,Normal,2.89,3.09,0.19999999999999973,Other,1.47,False
ID00839,Female,19,Economics,6.9,1.5,9,79.0,Normal,2.11,2.18,0.07000000000000028,Maintain,1.45,False
ID00840,Female,18,Mathematics,6.0,9.1,8,64.2,Danger,2.92,3.26,0.33999999999999986,Other,0.36,False
ID00841,Male,22,Mathematics,7.0,4.4,10,99.8,Excellent,2.29,2.72,0.43000000000000016,Other,0.62,False
ID00842,Female,21,Business,4.6,4.3,7,73.4,Danger,3.31,3.21,-0.10000000000000009,Other,0.75,False
ID00843,Male,19,Psychology,7.3,4.9,10,73.3,Danger,2.26,2.55,0.29000000000000004,Other,0.52,False
ID00844,Female,21,Economics,5.2,7.6,11,99.9,Excellent,2.61,3.18,0.5700000000000003,Improve,0.42,False
ID00845,Male,21,Engineering,7.1,7.5,9,56.8,Danger,2.92,2.7,-0.21999999999999975,Other,0.36,False
ID00846,Male,20,Computer Science,7.5,5.9,13,62.1,Danger,3.87,3.9,0.029999999999999805,Maintain,0.66,True
ID00847,Male,20,Psychology,9.1,1.8,5,84.7,Normal,2.56,2.8,0.23999999999999977,Other,1.56,False
ID00848,Female,19,Engineering,7.5,1.0,6,89.4,Normal,3.11,3.12,0.010000000000000231,Maintain,3.12,False
ID00849,Male,23,Psychology,6.6,1.8,8,92.3,Excellent,3.39,3.56,0.16999999999999993,Other,1.98,False
ID00850,Female,24,Engineering,6.1,1.3,7,80.5,Normal,3.84,4.0,0.16000000000000014,Other,3.08,True
ID00851,Male,20,Engineering,8.1,6.3,10,100.0,Excellent,3.49,3.74,0.25,Other,0.59,False
ID00852,Female,24,Psychology,6.9,2.6,3,81.6,Normal,3.65,4.0,0.3500000000000001,Other,1.54,True
ID00853,Male,20,Business,5.9,5.8,6,81.5,Normal,3.53,4.0,0.4700000000000002,Other,0.69,True
ID00854,Female,20,Psychology,7.2,4.0,6,73.0,Danger,2.5,2.73,0.22999999999999998,Other,0.68,False
ID00855,Male,21,Psychology,4.2,2.6,10,86.9,Normal,3.28,3.32,0.040000000000000036,Maintain,1.28,False
ID00856,Male,19,Engineering,7.1,2.1,10,94.2,Excellent,3.52,3.61,0.08999999999999986,Maintain,1.72,False
ID00857,Male,21,Computer Science,5.8,2.5,9,100.0,Excellent,2.62,2.82,0.19999999999999973,Other,1.13,False
ID00858,Male,22,Engineering,6.5,1.5,4,62.7,Danger,2.81,2.85,0.040000000000000036,Maintain,1.9,False
ID00859,Female,21,Mathematics,10.0,10.4,9,81.3,Normal,2.7,3.19,0.48999999999999977,Other,0.31,False
ID00860,Male,24,Psychology,6.3,3.8,5,91.7,Excellent,3.49,3.73,0.23999999999999977,Other,0.98,False
ID00861,Female,24,Economics,8.2,4.0,9,93.8,Excellent,3.07,3.33,0.26000000000000023,Other,0.83,False
ID00862,Male,22,Psychology,8.6,4.0,3,85.1,Normal,2.94,3.18,0.2400000000000002,Other,0.8,False
ID00863,Male,18,Business,8.3,6.2,15,93.1,Excellent,2.46,2.81,0.3500000000000001,Other,0.45,False
ID00864,Male,18,Economics,7.6,2.3,2,72.9,Danger,3.07,3.0,-0.06999999999999984,Maintain,1.3,False
ID00865,Male,22,Engineering,5.3,7.8,5,100.0,Excellent,2.82,3.35,0.5300000000000002,Improve,0.43,False
ID00866,Female,22,Business,6.0,3.3,9,99.9,Excellent,3.22,3.58,0.3599999999999999,Other,1.08,False
ID00867,Male,21,Psychology,5.3,3.2,7,64.8,Danger,2.53,2.44,-0.08999999999999986,Maintain,0.76,False
ID00868,Male,22,Engineering,6.5,8.5,7,68.9,Danger,3.19,3.55,0.3599999999999999,Other,0.42,False
ID00869,Female,19,Engineering,6.5,2.3,8,69.3,Danger,2.88,2.75,-0.1299999999999999,Other,1.2,False
ID00870,Female,18,Mathematics,5.6,5.1,4,95.2,Excellent,2.48,2.94,0.45999999999999996,Other,0.58,False
ID00871,Male,18,Mathematics,7.8,4.0,9,65.7,Danger,2.44,2.44,0.0,Maintain,0.61,False
ID00872,Male,23,Computer Science,6.3,2.6,10,80.0,Normal,2.51,2.72,0.2100000000000004,Other,1.05,False
ID00873,Female,22,Mathematics,6.5,5.6,6,91.8,Excellent,3.0,3.45,0.4500000000000002,Other,0.62,False
ID00874,Male,20,Economics,4.6,1.7,8,84.0,Normal,3.16,3.2,0.040000000000000036,Maintain,1.88,False
ID00875,Male,20,Engineering,7.1,2.6,10,88.9,Normal,3.23,3.42,0.18999999999999995,Other,1.32,False
ID00876,Male,22,Mathematics,6.9,4.3,9,69.0,Danger,3.25,3.15,-0.10000000000000009,Other,0.73,False
ID00877,Female,19,Computer Science,6.1,9.6,7,93.9,Excellent,2.72,3.41,0.69,Improve,0.36,False
ID00878,Female,20,Psychology,7.6,9.1,9,75.8,Normal,3.63,4.0,0.3700000000000001,Other,0.44,True
ID00879,Male,23,Economics,7.2,5.2,8,80.1,Normal,2.88,3.36,0.48,Other,0.65,False
ID00880,Male,24,Mathematics,7.9,3.3,11,88.6,Normal,3.33,3.67,0.33999999999999986,Other,1.11,False
ID00881,Male,22,Engineering,7.9,0.8,12,86.5,Normal,3.02,3.29,0.27,Other,4.11,False
ID00882,Female,19,Psychology,8.1,6.8,7,85.4,Normal,3.29,3.87,0.5800000000000001,Improve,0.57,True
ID00883,Male,19,Engineering,9.5,7.3,10,73.7,Danger,2.99,3.04,0.04999999999999982,Maintain,0.42,False
ID00884,Male,21,Psychology,7.2,5.1,9,80.5,Normal,3.3,3.68,0.38000000000000034,Other,0.72,False
ID00885,Female,19,Economics,5.6,3.4,9,85.0,Normal,3.1,3.23,0.1299999999999999,Other,0.95,False
ID00886,Male,20,Engineering,6.4,6.4,7,64.4,Danger,3.51,3.49,-0.019999999999999574,Maintain,0.55,False
ID00887,Female,24,Mathematics,6.4,3.9,4,78.1,Normal,2.69,2.67,-0.020000000000000018,Maintain,0.68,False
ID00888,Male,20,Mathematics,5.6,3.6,10,90.8,Excellent,2.22,2.28,0.05999999999999961,Maintain,0.63,False
ID00889,Male,22,Computer Science,4.0,1.3,5,65.8,Danger,2.61,2.57,-0.040000000000000036,Maintain,1.98,False
ID00890,Male,24,Psychology,7.3,6.2,9,100.0,Excellent,3.63,4.0,0.3700000000000001,Other,0.65,True
ID00891,Female,22,Computer Science,7.1,4.3,7,100.0,Excellent,3.02,3.31,0.29000000000000004,Other,0.77,False
ID00892,Female,19,Business,9.9,9.1,11,66.3,Danger,3.15,3.29,0.14000000000000012,Other,0.36,False
ID00893,Female,23,Mathematics,9.8,2.7,12,100.0,Excellent,2.57,2.78,0.20999999999999996,Other,1.03,False
ID00894,Male,18,Psychology,8.0,2.2,8,82.8,Normal,3.13,3.51,0.3799999999999999,Other,1.6,False
ID00895,Female,24,Economics,7.8,7.3,7,91.3,Excellent,2.59,3.19,0.6000000000000001,Improve,0.44,False
ID00896,Male,21,Computer Science,5.8,8.2,5,77.6,Normal,2.66,2.63,-0.03000000000000025,Maintain,0.32,False
ID00897,Male,18,Economics,7.3,4.0,8,98.8,Excellent,2.9,3.36,0.45999999999999996,Other,0.84,False
ID00898,Female,19,Economics,6.8,6.6,7,91.1,Excellent,3.32,3.95,0.6300000000000003,Improve,0.6,True
ID00899,Male,19,Economics,7.2,3.3,10,72.8,Danger,3.38,3.23,-0.1499999999999999,Other,0.98,False
ID00900,Male,18,Computer Science,5.8,3.4,3,67.5,Danger,3.39,3.42,0.029999999999999805,Maintain,1.01,False
ID00901,Male,21,Business,7.6,5.1,7,63.1,Danger,2.31,2.32,0.009999999999999787,Maintain,0.45,False
ID00902,Male,24,Computer Science,4.9,3.4,9,87.8,Normal,3.1,3.19,0.08999999999999986,Maintain,0.94,False
ID00903,Male,24,Engineering,10.0,4.7,11,93.6,Excellent,3.0,3.3,0.2999999999999998,Other,0.7,False
ID00904,Female,18,Mathematics,9.2,4.3,4,94.8,Excellent,2.33,2.62,0.29000000000000004,Other,0.61,False
ID00905,Male,22,Computer Science,9.0,1.9,3,83.2,Normal,3.11,3.24,0.13000000000000034,Other,1.71,False
ID00906,Female,20,Computer Science,5.1,4.7,7,67.6,Danger,2.97,3.12,0.1499999999999999,Other,0.66,False
ID00907,Female,23,Business,4.6,1.9,9,74.8,Danger,3.36,3.1,-0.2599999999999998,Other,1.63,False
ID00908,Male,22,Engineering,7.4,6.3,12,100.0,Excellent,3.14,3.65,0.5099999999999998,Improve,0.58,False
ID00909,Male,24,Computer Science,6.5,7.4,9,77.7,Normal,2.83,3.01,0.17999999999999972,Other,0.41,False
ID00910,Male,20,Mathematics,9.8,3.6,16,87.2,Normal,3.56,3.64,0.08000000000000007,Maintain,1.01,False
ID00911,Female,23,Mathematics,7.9,9.6,7,68.9,Danger,1.99,2.17,0.17999999999999994,Other,0.23,False
ID00912,Male,23,Computer Science,6.9,8.1,10,90.0,Normal,3.07,3.46,0.3900000000000001,Other,0.43,False
ID00913,Female,23,Economics,9.2,4.7,8,78.1,Normal,2.22,2.4,0.17999999999999972,Other,0.51,False
ID00914,Male,19,Economics,7.3,3.4,7,100.0,Excellent,2.64,2.99,0.3500000000000001,Other,0.88,False
ID00915,Female,23,Engineering,7.3,7.0,10,96.6,Excellent,3.36,4.0,0.6400000000000001,Improve,0.57,True
ID00916,Male,21,Mathematics,8.6,9.7,7,77.6,Normal,2.46,2.66,0.20000000000000018,Other,0.27,False
ID00917,Male,18,Economics,6.0,4.9,9,83.1,Normal,2.39,2.83,0.43999999999999995,Other,0.58,False
ID00918,Female,24,Mathematics,8.5,10.6,7,76.7,Normal,4.0,4.0,0.0,Maintain,0.38,True
ID00919,Female,21,Engineering,7.8,2.9,8,63.7,Danger,2.42,2.61,0.18999999999999995,Other,0.9,False
ID00920,Male,18,Engineering,5.6,5.9,9,72.1,Danger,3.93,3.82,-0.11000000000000032,Other,0.65,False
ID00921,Female,22,Economics,9.9,4.0,9,88.0,Normal,3.01,3.11,0.10000000000000009,Other,0.78,False
ID00922,Male,22,Computer Science,6.3,2.1,4,89.9,Normal,2.84,3.1,0.26000000000000023,Other,1.48,False
ID00923,Female,18,Psychology,4.5,3.1,5,87.2,Normal,3.38,3.41,0.03000000000000025,Maintain,1.1,False
ID00924,Female,21,Business,5.8,7.3,9,80.5,Normal,3.77,4.0,0.22999999999999998,Other,0.55,True
ID00925,Male,18,Psychology,5.4,3.8,8,99.0,Excellent,2.53,2.97,0.4400000000000004,Other,0.78,False
ID00926,Male,23,Psychology,7.3,2.9,9,86.0,Normal,2.84,3.26,0.41999999999999993,Other,1.12,False
ID00927,Male,19,Mathematics,9.4,8.3,3,95.5,Excellent,3.52,3.89,0.3700000000000001,Other,0.47,True
ID00928,Male,24,Engineering,7.4,7.2,5,58.4,Danger,3.24,3.27,0.029999999999999805,Maintain,0.45,False
ID00929,Female,22,Mathematics,9.4,3.2,8,26.2,Danger,3.65,3.31,-0.33999999999999986,Other,1.03,False
ID00930,Male,24,Economics,8.6,10.9,4,89.3,Normal,3.36,3.8,0.43999999999999995,Other,0.35,False
ID00931,Male,19,Business,4.0,3.9,5,63.6,Danger,4.0,3.97,-0.029999999999999805,Maintain,1.02,True
ID00932,Female,23,Economics,8.3,5.0,4,81.8,Normal,3.19,3.65,0.45999999999999996,Other,0.73,False
ID00933,Female,23,Computer Science,6.1,4.2,13,80.5,Normal,3.21,3.49,0.28000000000000025,Other,0.83,False
ID00934,Male,22,Business,7.8,2.4,9,100.0,Excellent,3.26,3.59,0.33000000000000007,Other,1.5,False
ID00935,Male,22,Mathematics,6.9,3.7,9,91.0,Excellent,3.03,3.18,0.15000000000000036,Other,0.86,False
ID00936,Male,23,Mathematics,10.0,4.0,5,87.5,Normal,3.52,3.9,0.3799999999999999,Other,0.98,True
ID00937,Male,20,Economics,7.7,1.1,7,97.6,Excellent,3.22,3.31,0.08999999999999986,Maintain,3.01,False
ID00938,Female,24,Mathematics,7.9,4.8,5,90.5,Excellent,3.49,3.92,0.4299999999999997,Other,0.82,True
ID00939,Male,19,Mathematics,8.6,6.7,14,78.1,Normal,3.57,3.66,0.0900000000000003,Maintain,0.55,False
ID00940,Female,24,Psychology,4.8,1.9,8,100.0,Excellent,3.31,3.47,0.16000000000000014,Other,1.83,False
ID00941,Male,19,Computer Science,8.6,6.0,8,68.4,Danger,3.35,3.3,-0.050000000000000266,Maintain,0.55,False
ID00942,Female,20,Psychology,6.7,7.6,6,89.8,Normal,2.59,3.14,0.5500000000000003,Improve,0.41,False
ID00943,Female,21,Mathematics,6.0,0.3,6,61.8,Danger,2.82,2.73,-0.08999999999999986,Maintain,9.1,False
ID00944,Female,19,Engineering,8.2,3.7,7,88.1,Normal,3.52,3.73,0.20999999999999996,Other,1.01,False
ID00945,Male,24,Psychology,4.8,10.8,9,87.9,Normal,3.81,4.0,0.18999999999999995,Other,0.37,True
ID00946,Male,18,Mathematics,8.4,4.7,2,100.0,Excellent,2.13,2.29,0.16000000000000014,Other,0.49,False
ID00947,Male,23,Mathematics,6.8,1.0,12,61.5,Danger,2.82,2.73,-0.08999999999999986,Maintain,2.73,False
ID00948,Female,23,Computer Science,6.8,1.7,8,76.0,Normal,3.11,3.13,0.020000000000000018,Maintain,1.84,False
ID00949,Female,20,Economics,4.0,4.9,6,97.3,Excellent,2.66,2.9,0.23999999999999977,Other,0.59,False
ID00950,Female,19,Business,8.4,5.8,9,90.0,Normal,2.69,2.99,0.30000000000000027,Other,0.52,False
ID00951,Female,21,Psychology,7.4,4.2,14,87.7,Normal,3.34,3.57,0.22999999999999998,Other,0.85,False
ID00952,Female,19,Psychology,6.3,4.7,5,70.7,Danger,3.89,4.0,0.10999999999999988,Other,0.85,True
ID00953,Male,23,Psychology,5.6,4.3,3,76.1,Normal,2.08,1.89,-0.19000000000000017,Other,0.44,False
ID00954,Female,22,Mathematics,8.2,2.7,5,100.0,Excellent,3.01,3.2,0.1900000000000004,Other,1.19,False
ID00955,Male,18,Computer Science,7.5,4.3,12,84.2,Normal,3.33,3.58,0.25,Other,0.83,False
ID00956,Male,20,Mathematics,7.0,1.4,7,90.6,Excellent,3.49,3.59,0.09999999999999964,Maintain,2.56,False
ID00957,Male,22,Mathematics,5.5,3.3,3,83.3,Normal,3.26,3.31,0.050000000000000266,Maintain,1.0,False
ID00958,Male,24,Economics,7.5,5.6,11,67.3,Danger,3.98,4.0,0.020000000000000018,Maintain,0.71,True
ID00959,Male,21,Engineering,7.4,2.3,6,99.0,Excellent,3.11,3.52,0.41000000000000014,Other,1.53,False
ID00960,Female,22,Computer Science,9.0,3.5,9,92.5,Excellent,3.76,4.0,0.2400000000000002,Other,1.14,True
ID00961,Male,24,Psychology,5.2,4.5,4,100.0,Excellent,2.78,3.17,0.3900000000000001,Other,0.7,False
ID00962,Female,22,Business,5.9,10.5,6,69.8,Danger,3.13,3.25,0.1200000000000001,Other,0.31,False
ID00963,Male,21,Psychology,9.9,7.2,7,97.3,Excellent,2.49,2.83,0.33999999999999986,Other,0.39,False
ID00964,Male,22,Mathematics,7.3,1.3,10,65.3,Danger,3.55,3.42,-0.1299999999999999,Other,2.63,False
ID00965,Male,20,Computer Science,7.4,11.9,6,87.4,Normal,3.04,3.93,0.8900000000000001,Improve,0.33,True
ID00966,Male,23,Computer Science,8.4,8.7,6,99.6,Excellent,3.28,3.83,0.5500000000000003,Improve,0.44,False
ID00967,Female,19,Computer Science,9.7,4.6,8,53.9,Danger,2.94,2.62,-0.31999999999999984,Other,0.57,False
ID00968,Male,22,Engineering,5.3,6.5,9,81.9,Normal,3.39,3.69,0.2999999999999998,Other,0.57,False
ID00969,Female,20,Psychology,10.0,2.5,7,76.6,Normal,3.3,3.28,-0.020000000000000018,Maintain,1.31,False
ID00970,Male,19,Engineering,6.9,4.0,7,74.5,Danger,2.6,2.81,0.20999999999999996,Other,0.7,False
ID00971,Female,24,Economics,7.4,2.4,15,90.8,Excellent,2.63,2.91,0.28000000000000025,Other,1.21,False
ID00972,Female,19,Business,7.1,5.8,12,100.0,Excellent,3.09,3.35,0.26000000000000023,Other,0.58,False
ID00973,Female,24,Economics,9.2,13.9,4,83.0,Normal,3.43,4.0,0.5699999999999998,Improve,0.29,True
ID00974,Male,22,Mathematics,8.4,3.2,8,88.1,Normal,4.0,4.0,0.0,Maintain,1.25,True
ID00975,Male,20,Engineering,6.8,3.7,8,86.7,Normal,3.25,3.54,0.29000000000000004,Other,0.96,False
ID00976,Male,23,Engineering,5.3,4.1,8,85.0,Normal,3.6,3.91,0.31000000000000005,Other,0.95,True
ID00977,Female,22,Economics,6.6,3.3,7,68.7,Danger,2.29,2.31,0.020000000000000018,Maintain,0.7,False
ID00978,Male,24,Mathematics,5.0,5.6,4,100.0,Excellent,4.0,4.0,0.0,Maintain,0.71,True
ID00979,Male,21,Computer Science,8.3,7.5,8,89.4,Normal,3.4,3.75,0.3500000000000001,Other,0.5,False
ID00980,Female,19,Mathematics,6.0,2.8,7,90.9,Excellent,3.08,3.35,0.27,Other,1.2,False
ID00981,Male,22,Psychology,6.8,4.0,6,72.9,Danger,3.02,2.9,-0.1200000000000001,Other,0.72,False
ID00982,Female,24,Economics,8.8,6.0,7,78.1,Normal,2.55,2.72,0.17000000000000037,Other,0.45,False
ID00983,Male,19,Mathematics,8.2,2.2,8,82.4,Normal,2.69,2.78,0.08999999999999986,Maintain,1.26,False
ID00984,Male,24,Computer Science,7.6,1.8,6,62.0,Danger,4.0,4.0,0.0,Maintain,2.22,True
ID00985,Female,20,Mathematics,5.8,2.8,10,59.7,Danger,2.61,2.0,-0.6099999999999999,Decline,0.71,False
ID00986,Male,18,Engineering,7.7,6.2,10,76.0,Normal,2.6,2.91,0.31000000000000005,Other,0.47,False
ID00987,Female,22,Business,5.8,2.2,9,92.8,Excellent,2.75,3.1,0.3500000000000001,Other,1.41,False
ID00988,Male,23,Engineering,7.7,2.9,12,75.2,Normal,2.5,2.48,-0.020000000000000018,Maintain,0.86,False
ID00989,Male,22,Business,5.0,4.1,8,69.7,Danger,3.11,3.06,-0.04999999999999982,Maintain,0.75,False
ID00990,Female,19,Mathematics,8.8,4.5,11,72.8,Danger,3.64,3.66,0.020000000000000018,Maintain,0.81,False
ID00991,Female,20,Psychology,7.3,3.7,9,78.2,Normal,2.79,3.02,0.22999999999999998,Other,0.82,False
ID00992,Female,24,Mathematics,7.0,4.1,8,79.7,Normal,2.41,2.49,0.08000000000000007,Maintain,0.61,False
ID00993,Male,21,Computer Science,7.6,1.5,12,100.0,Excellent,3.25,3.3,0.04999999999999982,Maintain,2.2,False
ID00994,Female,23,Mathematics,6.8,2.7,8,100.0,Excellent,3.07,3.38,0.31000000000000005,Other,1.25,False
ID00995,Male,20,Business,7.1,6.5,7,100.0,Excellent,3.6,4.0,0.3999999999999999,Other,0.62,True
ID00996,Male,22,Engineering,8.9,2.6,3,100.0,Excellent,2.87,3.15,0.2799999999999998,Other,1.21,False
ID00997,Female,21,Psychology,8.6,4.6,6,70.0,Danger,2.97,2.87,-0.10000000000000009,Other,0.62,False
ID00998,Male,20,Mathematics,8.1,4.3,9,66.7,Danger,3.03,3.16,0.13000000000000034,Other,0.73,False
ID00999,Female,18,Mathematics,7.4,6.1,9,68.4,Danger,3.14,3.42,0.2799999999999998,Other,0.56,False
ID01000,Male,23,Engineering,6.5,6.6,10,100.0,Excellent,2.9,3.31,0.41000000000000014,Other,0.5,False
ID01001,Male,19,Psychology,8.6,7.7,13,76.8,Normal,2.82,2.9,0.08000000000000007,Maintain,0.38,False
ID01002,Male,20,Economics,5.6,9.0,7,66.2,Danger,2.17,2.38,0.20999999999999996,Other,0.26,False
ID01003,Female,20,Mathematics,9.7,2.2,4,78.5,Normal,2.82,2.52,-0.2999999999999998,Other,1.15,False
ID01004,Female,18,Mathematics,8.1,0.9,12,81.4,Normal,3.46,3.63,0.16999999999999993,Other,4.03,False
ID01005,Female,22,Economics,8.8,3.2,6,89.0,Normal,3.53,3.78,0.25,Other,1.18,False
ID01006,Female,24,Business,7.7,2.1,7,88.8,Normal,2.86,3.04,0.18000000000000016,Other,1.45,False
ID01007,Female,24,Business,6.8,2.4,5,72.6,Danger,3.75,3.78,0.029999999999999805,Maintain,1.58,False
ID01008,Female,23,Computer Science,8.4,5.5,6,95.3,Excellent,3.09,3.25,0.16000000000000014,Other,0.59,False
ID01009,Male,23,Engineering,4.9,7.4,9,75.4,Normal,2.43,2.73,0.2999999999999998,Other,0.37,False
ID01010,Male,19,Psychology,6.1,4.6,5,82.7,Normal,2.27,2.48,0.20999999999999996,Other,0.54,False
ID01011,Male,20,Mathematics,6.7,2.7,7,95.3,Excellent,3.71,3.93,0.2200000000000002,Other,1.46,True
ID01012,Female,21,Mathematics,4.9,4.8,10,75.4,Normal,2.91,3.09,0.17999999999999972,Other,0.64,False
ID01013,Female,20,Computer Science,8.0,6.2,6,76.5,Normal,2.49,2.61,0.11999999999999966,Other,0.42,False
ID01014,Male,24,Mathematics,8.9,1.5,6,93.9,Excellent,1.97,2.25,0.28,Other,1.5,False
ID01015,Female,19,Engineering,4.4,3.3,6,72.1,Danger,2.9,2.68,-0.21999999999999975,Other,0.81,False
ID01016,Female,20,Computer Science,6.4,3.5,7,79.2,Normal,3.3,3.15,-0.1499999999999999,Other,0.9,False
ID01017,Male,18,Engineering,6.7,3.7,13,93.3,Excellent,2.75,2.93,0.18000000000000016,Other,0.79,False
ID01018,Female,24,Computer Science,7.5,2.3,6,100.0,Excellent,2.57,3.02,0.4500000000000002,Other,1.31,False
ID01019,Female,20,Mathematics,8.3,4.8,8,94.1,Excellent,2.83,2.96,0.1299999999999999,Other,0.62,False
ID01020,Male,20,Computer Science,6.6,5.1,8,92.1,Excellent,3.72,4.0,0.2799999999999998,Other,0.78,True
ID01021,Female,24,Business,8.4,2.2,8,93.0,Excellent,2.4,2.54,0.14000000000000012,Other,1.15,False
ID01022,Male,21,Psychology,7.1,8.5,7,68.9,Danger,2.78,3.2,0.4200000000000004,Other,0.38,False
ID01023,Female,24,Mathematics,6.1,1.8,12,86.7,Normal,3.71,3.87,0.16000000000000014,Other,2.15,True
ID01024,Female,18,Economics,7.3,2.6,5,84.6,Normal,3.35,3.44,0.08999999999999986,Maintain,1.32,False
ID01025,Female,18,Psychology,5.1,1.7,3,89.8,Normal,3.19,3.42,0.22999999999999998,Other,2.01,False
ID01026,Male,20,Mathematics,6.6,1.5,9,86.7,Normal,2.78,3.04,0.26000000000000023,Other,2.03,False
ID01027,Female,23,Psychology,6.7,4.4,12,90.7,Excellent,3.12,3.46,0.33999999999999986,Other,0.79,False
ID01028,Female,21,Business,6.1,2.6,10,80.3,Normal,2.83,3.04,0.20999999999999996,Other,1.17,False
ID01029,Male,20,Psychology,10.0,6.7,8,85.9,Normal,2.67,3.21,0.54,Improve,0.48,False
ID01030,Female,24,Computer Science,9.0,2.3,6,66.6,Danger,2.56,2.27,-0.29000000000000004,Other,0.99,False
ID01031,Male,20,Psychology,7.3,2.6,7,80.2,Normal,3.49,3.63,0.13999999999999968,Other,1.4,False
ID01032,Female,19,Mathematics,7.6,6.2,6,100.0,Excellent,3.07,3.34,0.27,Other,0.54,False
ID01033,Male,19,Economics,7.8,1.9,12,89.8,Normal,3.26,3.33,0.07000000000000028,Maintain,1.75,False
ID01034,Male,23,Economics,7.9,3.0,3,84.7,Normal,3.18,3.62,0.43999999999999995,Other,1.21,False
ID01035,Male,21,Engineering,9.3,8.4,10,100.0,Excellent,3.32,3.91,0.5900000000000003,Improve,0.47,True
ID01036,Female,22,Psychology,8.4,0.5,7,64.6,Danger,2.97,2.59,-0.38000000000000034,Other,5.18,False
ID01037,Male,19,Economics,4.0,0.3,8,68.4,Danger,2.86,2.74,-0.11999999999999966,Other,9.13,False
ID01038,Female,22,Psychology,8.3,1.5,9,100.0,Excellent,2.69,2.87,0.18000000000000016,Other,1.91,False
ID01039,Male,18,Economics,5.7,9.2,9,85.7,Normal,2.39,2.85,0.45999999999999996,Other,0.31,False
ID01040,Male,19,Psychology,6.2,5.2,8,81.4,Normal,2.54,2.78,0.23999999999999977,Other,0.53,False
ID01041,Male,19,Mathematics,8.5,4.8,8,67.0,Danger,2.92,2.95,0.03000000000000025,Maintain,0.61,False
ID01042,Female,21,Psychology,4.2,1.5,7,91.7,Excellent,2.3,2.56,0.26000000000000023,Other,1.71,False
ID01043,Male,23,Mathematics,9.6,4.3,6,93.2,Excellent,2.41,2.64,0.22999999999999998,Other,0.61,False
ID01044,Female,22,Mathematics,8.2,2.2,9,68.6,Danger,3.62,3.45,-0.16999999999999993,Other,1.57,False
ID01045,Female,24,Engineering,7.5,6.8,6,82.9,Normal,3.21,3.83,0.6200000000000001,Improve,0.56,False
ID01046,Female,19,Economics,8.3,6.9,10,80.0,Normal,2.87,3.15,0.2799999999999998,Other,0.46,False
ID01047,Male,19,Computer Science,8.7,2.8,8,88.8,Normal,4.0,4.0,0.0,Maintain,1.43,True
ID01048,Male,21,Mathematics,7.3,5.4,13,68.2,Danger,2.28,2.48,0.20000000000000018,Other,0.46,False
ID01049,Female,21,Economics,8.2,5.0,8,100.0,Excellent,3.59,3.95,0.3600000000000003,Other,0.79,True
ID01050,Male,23,Business,5.5,3.7,7,98.7,Excellent,3.04,3.44,0.3999999999999999,Other,0.93,False
ID01051,Female,22,Psychology,8.2,2.2,10,79.6,Normal,3.49,3.28,-0.2100000000000004,Other,1.49,False
ID01052,Male,18,Business,7.9,3.0,8,81.8,Normal,3.15,3.33,0.18000000000000016,Other,1.11,False
ID01053,Female,24,Psychology,9.2,6.6,17,83.0,Normal,2.16,2.21,0.04999999999999982,Maintain,0.33,False
ID01054,Female,23,Engineering,7.3,8.5,7,73.3,Danger,3.15,3.38,0.22999999999999998,Other,0.4,False
ID01055,Female,18,Mathematics,7.5,3.2,7,78.3,Normal,3.27,3.46,0.18999999999999995,Other,1.08,False
ID01056,Male,20,Computer Science,5.6,9.0,8,80.9,Normal,2.0,2.67,0.6699999999999999,Improve,0.3,False
ID01057,Female,19,Mathematics,7.0,5.2,8,100.0,Excellent,4.0,4.0,0.0,Maintain,0.77,True
ID01058,Male,22,Psychology,7.9,3.8,9,99.2,Excellent,3.26,3.56,0.30000000000000027,Other,0.94,False
ID01059,Male,23,Computer Science,8.1,3.5,8,99.0,Excellent,3.44,3.64,0.20000000000000018,Other,1.04,False
ID01060,Female,19,Mathematics,9.6,2.3,9,90.5,Excellent,2.52,2.78,0.2599999999999998,Other,1.21,False
ID01061,Female,22,Computer Science,7.7,5.6,7,68.2,Danger,3.45,3.6,0.1499999999999999,Other,0.64,False
ID01062,Female,22,Psychology,6.9,9.8,7,84.4,Normal,3.64,4.0,0.3599999999999999,Other,0.41,True
ID01063,Female,22,Engineering,7.8,3.7,11,99.6,Excellent,3.23,3.67,0.43999999999999995,Other,0.99,False
ID01064,Male,19,Engineering,6.2,2.1,11,66.1,Danger,3.1,3.22,0.1200000000000001,Other,1.53,False
ID01065,Male,23,Mathematics,9.0,6.2,9,94.5,Excellent,2.65,3.1,0.4500000000000002,Other,0.5,False
ID01066,Female,24,Business,6.0,3.1,7,100.0,Excellent,2.99,3.17,0.17999999999999972,Other,1.02,False
ID01067,Male,21,Psychology,6.4,2.3,10,100.0,Excellent,2.84,3.22,0.38000000000000034,Other,1.4,False
ID01068,Male,19,Mathematics,5.4,1.4,6,100.0,Excellent,3.39,3.71,0.31999999999999984,Other,2.65,False
ID01069,Male,22,Mathematics,7.1,5.5,10,88.3,Normal,2.68,3.18,0.5,Improve,0.58,False
ID01070,Male,23,Engineering,8.0,7.7,9,99.5,Excellent,3.38,3.81,0.43000000000000016,Other,0.49,False
ID01071,Male,24,Computer Science,9.5,1.7,9,74.2,Danger,2.68,2.32,-0.3600000000000003,Other,1.36,False
ID01072,Male,20,Psychology,6.9,3.3,5,96.9,Excellent,2.97,3.24,0.27,Other,0.98,False
ID01073,Male,18,Computer Science,6.7,3.5,11,94.8,Excellent,3.41,3.72,0.31000000000000005,Other,1.06,False
ID01074,Male,22,Economics,4.0,2.4,12,89.3,Normal,2.75,3.08,0.33000000000000007,Other,1.28,False
ID01075,Female,20,Economics,7.3,8.8,6,100.0,Excellent,3.43,4.0,0.5699999999999998,Improve,0.45,True
ID01076,Male,21,Psychology,7.0,1.4,8,76.9,Normal,3.38,3.21,-0.16999999999999993,Other,2.29,False
ID01077,Male,24,Business,7.0,5.2,8,82.2,Normal,2.96,3.45,0.4900000000000002,Other,0.66,False
ID01078,Female,24,Economics,9.3,5.8,13,86.4,Normal,3.68,3.86,0.17999999999999972,Other,0.67,False
ID01079,Male,22,Engineering,7.8,2.4,11,69.6,Danger,3.14,3.0,-0.14000000000000012,Other,1.25,False
ID01080,Female,24,Business,6.4,2.0,7,88.4,Normal,3.65,4.0,0.3500000000000001,Other,2.0,True
ID01081,Female,20,Mathematics,5.6,2.7,9,59.2,Danger,4.0,3.5,-0.5,Decline,1.3,False
ID01082,Male,22,Economics,5.3,1.0,7,100.0,Excellent,2.98,2.89,-0.08999999999999986,Maintain,2.89,False
ID01083,Male,19,Engineering,6.3,10.0,11,85.7,Normal,3.42,4.0,0.5800000000000001,Improve,0.4,True
ID01084,Female,23,Mathematics,7.6,2.8,11,77.2,Normal,2.78,2.83,0.050000000000000266,Maintain,1.01,False
ID01085,Female,20,Business,4.0,3.1,9,72.5,Danger,2.58,2.6,0.020000000000000018,Maintain,0.84,False
ID01086,Male,23,Psychology,6.8,11.0,6,81.5,Normal,3.0,3.62,0.6200000000000001,Improve,0.33,False
ID01087,Female,19,Mathematics,8.2,1.2,9,95.3,Excellent,2.42,2.5,0.08000000000000007,Maintain,2.08,False
ID01088,Male,19,Computer Science,5.4,3.7,10,93.2,Excellent,2.63,2.89,0.26000000000000023,Other,0.78,False
ID01089,Female,23,Psychology,6.7,6.3,10,74.4,Danger,3.4,3.39,-0.009999999999999787,Maintain,0.54,False
ID01090,Male,20,Psychology,5.5,10.0,6,72.3,Danger,2.84,2.97,0.13000000000000034,Other,0.3,False
ID01091,Female,23,Business,4.0,1.3,6,94.9,Excellent,3.46,3.52,0.06000000000000005,Maintain,2.71,False
ID01092,Female,23,Business,5.8,10.8,8,74.2,Danger,3.25,3.45,0.20000000000000018,Other,0.32,False
ID01093,Female,18,Engineering,5.4,3.3,4,85.9,Normal,4.0,4.0,0.0,Maintain,1.21,True
ID01094,Male,20,Engineering,8.2,3.3,11,86.9,Normal,3.36,3.64,0.28000000000000025,Other,1.1,False
ID01095,Male,18,Computer Science,7.7,1.8,9,89.7,Normal,3.66,3.92,0.2599999999999998,Other,2.18,True
ID01096,Male,22,Psychology,5.4,4.2,4,97.9,Excellent,3.3,3.67,0.3700000000000001,Other,0.87,False
ID01097,Male,24,Computer Science,8.9,10.8,11,66.1,Danger,3.26,3.6,0.3400000000000003,Other,0.33,False
ID01098,Male,23,Computer Science,8.1,4.1,7,56.3,Danger,3.68,3.25,-0.43000000000000016,Other,0.79,False
ID01099,Female,22,Business,6.6,2.3,8,76.5,Normal,3.43,3.24,-0.18999999999999995,Other,1.41,False
ID01100,Male,20,Computer Science,7.5,2.6,6,100.0,Excellent,3.21,3.55,0.33999999999999986,Other,1.37,False
ID01101,Male,23,Computer Science,5.6,2.7,12,100.0,Excellent,3.2,3.27,0.06999999999999984,Maintain,1.21,False
ID01102,Female,24,Mathematics,4.0,9.2,7,100.0,Excellent,3.37,3.81,0.43999999999999995,Other,0.41,False
ID01103,Female,22,Engineering,7.1,10.4,13,82.1,Normal,2.76,3.55,0.79,Improve,0.34,False
ID01104,Female,21,Engineering,5.0,1.4,11,58.3,Danger,2.74,2.15,-0.5900000000000003,Decline,1.54,False
ID01105,Female,19,Psychology,6.7,1.9,10,49.9,Danger,3.81,3.47,-0.33999999999999986,Other,1.83,False
ID01106,Male,23,Engineering,7.6,2.0,10,75.8,Normal,4.0,3.79,-0.20999999999999996,Other,1.9,False
ID01107,Male,24,Economics,4.1,2.8,10,82.0,Normal,2.64,2.8,0.1599999999999997,Other,1.0,False
ID01108,Female,19,Psychology,7.3,11.5,8,100.0,Excellent,2.77,3.69,0.9199999999999999,Improve,0.32,False
ID01109,Female,18,Mathematics,8.2,10.7,10,98.0,Excellent,3.67,4.0,0.33000000000000007,Other,0.37,True
ID01110,Male,22,Engineering,4.0,4.0,7,88.4,Normal,3.37,3.8,0.4299999999999997,Other,0.95,False
ID01111,Female,18,Mathematics,8.1,3.0,5,71.7,Danger,3.44,3.38,-0.06000000000000005,Maintain,1.13,False
ID01112,Male,24,Engineering,9.8,0.8,16,70.6,Danger,3.55,2.96,-0.5899999999999999,Decline,3.7,False
ID01113,Male,23,Engineering,6.6,4.5,10,88.8,Normal,2.98,3.3,0.31999999999999984,Other,0.73,False
ID01114,Male,19,Mathematics,8.1,4.2,5,95.5,Excellent,3.26,3.4,0.14000000000000012,Other,0.81,False
ID01115,Female,19,Computer Science,5.5,1.7,10,90.9,Excellent,3.23,3.2,-0.029999999999999805,Maintain,1.88,False
ID01116,Female,22,Computer Science,8.4,5.1,7,69.5,Danger,2.67,2.54,-0.1299999999999999,Other,0.5,False
ID01117,Male,23,Computer Science,7.8,6.8,13,94.8,Excellent,3.26,3.74,0.4800000000000004,Other,0.55,False
ID01118,Female,21,Economics,7.3,1.7,9,91.4,Excellent,3.72,3.77,0.04999999999999982,Maintain,2.22,False
ID01119,Male,21,Computer Science,7.2,2.9,8,68.9,Danger,2.93,3.1,0.16999999999999993,Other,1.07,False
ID01120,Male,22,Engineering,7.6,6.6,10,73.2,Danger,3.18,3.38,0.19999999999999973,Other,0.51,False
ID01121,Female,23,Business,6.9,2.5,8,95.3,Excellent,3.2,3.34,0.13999999999999968,Other,1.34,False
ID01122,Female,22,Mathematics,5.5,2.8,7,81.5,Normal,2.96,3.12,0.16000000000000014,Other,1.11,False
ID01123,Female,23,Business,6.8,2.9,8,100.0,Excellent,3.44,3.69,0.25,Other,1.27,False
ID01124,Female,24,Economics,6.9,5.2,5,92.5,Excellent,2.76,3.3,0.54,Improve,0.63,False
ID01125,Female,24,Business,5.2,7.4,5,77.7,Normal,3.77,3.74,-0.029999999999999805,Maintain,0.51,False
ID01126,Female,18,Psychology,6.8,9.6,7,84.8,Normal,3.41,4.0,0.5899999999999999,Improve,0.42,True
ID01127,Male,22,Computer Science,6.9,7.1,5,86.0,Normal,2.63,3.22,0.5900000000000003,Improve,0.45,False
ID01128,Male,23,Economics,6.2,4.0,10,74.1,Danger,3.95,3.95,0.0,Maintain,0.99,True
ID01129,Male,21,Engineering,7.5,5.8,5,71.3,Danger,3.18,3.26,0.07999999999999963,Maintain,0.56,False
ID01130,Male,23,Computer Science,7.9,1.6,3,95.5,Excellent,2.74,2.91,0.16999999999999993,Other,1.82,False
ID01131,Female,24,Computer Science,6.0,12.4,8,97.7,Excellent,3.65,4.0,0.3500000000000001,Other,0.32,True
ID01132,Male,23,Business,7.2,2.3,7,94.1,Excellent,3.35,3.46,0.10999999999999988,Other,1.5,False
ID01133,Male,22,Psychology,8.4,5.5,3,100.0,Excellent,2.21,2.68,0.4700000000000002,Other,0.49,False
ID01134,Male,18,Computer Science,5.5,4.4,10,76.9,Normal,2.84,2.64,-0.19999999999999973,Other,0.6,False
ID01135,Female,18,Mathematics,4.5,1.5,4,100.0,Excellent,3.24,3.29,0.04999999999999982,Maintain,2.19,False
ID01136,Male,18,Mathematics,5.6,2.3,9,71.5,Danger,2.02,1.84,-0.17999999999999994,Other,0.8,False
ID01137,Female,18,Computer Science,7.8,7.7,10,69.8,Danger,3.14,3.33,0.18999999999999995,Other,0.43,False
ID01138,Male,24,Business,6.3,3.6,15,58.6,Danger,3.18,2.79,-0.3900000000000001,Other,0.78,False
ID01139,Male,20,Business,5.1,2.1,9,78.3,Normal,2.51,2.41,-0.09999999999999964,Maintain,1.15,False
ID01140,Female,22,Engineering,8.9,3.3,7,77.4,Normal,3.24,3.14,-0.10000000000000009,Other,0.95,False
ID01141,Female,19,Economics,5.2,2.1,4,92.9,Excellent,3.1,3.28,0.17999999999999972,Other,1.56,False
ID01142,Male,22,Economics,6.7,2.8,5,88.7,Normal,2.5,2.84,0.33999999999999986,Other,1.01,False
ID01143,Female,20,Economics,8.1,1.2,8,67.1,Danger,3.56,3.25,-0.31000000000000005,Other,2.71,False
ID01144,Female,18,Psychology,8.0,4.0,6,79.1,Normal,3.52,3.74,0.2200000000000002,Other,0.94,False
ID01145,Male,20,Business,7.6,4.3,4,79.4,Normal,2.96,3.16,0.20000000000000018,Other,0.73,False
ID01146,Female,21,Engineering,6.0,2.8,9,58.4,Danger,3.0,2.82,-0.18000000000000016,Other,1.01,False
ID01147,Female,21,Mathematics,7.8,7.6,5,70.3,Danger,3.46,3.7,0.2400000000000002,Other,0.49,False
ID01148,Female,24,Economics,7.0,2.9,10,73.4,Danger,3.0,3.12,0.1200000000000001,Other,1.08,False
ID01149,Female,22,Mathematics,7.6,3.6,12,100.0,Excellent,2.13,2.51,0.3799999999999999,Other,0.7,False
ID01150,Female,22,Mathematics,9.1,2.7,9,87.9,Normal,3.34,3.51,0.16999999999999993,Other,1.3,False
ID01151,Female,19,Computer Science,5.2,3.1,6,94.9,Excellent,2.69,3.0,0.31000000000000005,Other,0.97,False
ID01152,Female,24,Psychology,7.6,5.9,10,62.5,Danger,2.91,3.09,0.17999999999999972,Other,0.52,False
ID01153,Female,19,Engineering,7.2,1.6,12,100.0,Excellent,3.83,3.86,0.029999999999999805,Maintain,2.41,False
ID01154,Female,21,Psychology,8.4,5.1,7,100.0,Excellent,3.03,3.53,0.5,Improve,0.69,False
ID01155,Female,18,Computer Science,9.7,2.5,5,55.0,Danger,3.1,2.65,-0.4500000000000002,Other,1.06,False
ID01156,Female,20,Engineering,9.6,1.7,15,74.4,Danger,3.35,3.21,-0.14000000000000012,Other,1.89,False
ID01157,Male,19,Engineering,8.3,3.2,13,92.4,Excellent,3.35,3.52,0.16999999999999993,Other,1.1,False
ID01158,Female,23,Business,6.1,9.2,8,94.7,Excellent,2.64,3.09,0.44999999999999973,Other,0.34,False
ID01159,Female,19,Psychology,6.4,5.5,10,74.8,Danger,3.07,3.33,0.26000000000000023,Other,0.61,False
ID01160,Male,18,Psychology,8.1,3.1,6,80.4,Normal,3.12,3.4,0.2799999999999998,Other,1.1,False
ID01161,Female,18,Business,5.1,2.1,8,76.0,Normal,3.24,3.23,-0.010000000000000231,Maintain,1.54,False
ID01162,Male,22,Mathematics,6.6,10.5,10,86.7,Normal,3.24,3.91,0.6699999999999999,Improve,0.37,True
ID01163,Male,20,Computer Science,5.9,4.7,6,100.0,Excellent,4.0,4.0,0.0,Maintain,0.85,True
ID01164,Female,18,Psychology,5.2,4.0,3,73.4,Danger,2.51,2.58,0.07000000000000028,Maintain,0.64,False
ID01165,Male,24,Business,7.4,5.4,10,100.0,Excellent,3.59,3.94,0.3500000000000001,Other,0.73,True
ID01166,Female,19,Engineering,8.2,5.7,4,73.3,Danger,3.69,3.53,-0.16000000000000014,Other,0.62,False
ID01167,Female,19,Economics,7.9,2.9,10,72.3,Danger,3.35,3.49,0.14000000000000012,Other,1.2,False
ID01168,Male,21,Business,7.2,6.4,9,97.3,Excellent,2.77,3.11,0.33999999999999986,Other,0.49,False
ID01169,Male,18,Economics,6.5,1.4,10,98.8,Excellent,3.93,4.0,0.06999999999999984,Maintain,2.86,True
ID01170,Male,23,Mathematics,6.2,5.6,9,97.8,Excellent,2.0,2.48,0.48,Other,0.44,False
ID01171,Female,22,Computer Science,8.3,3.0,8,65.3,Danger,2.76,2.71,-0.04999999999999982,Maintain,0.9,False
ID01172,Female,20,Economics,6.2,7.8,12,78.0,Normal,3.69,3.83,0.14000000000000012,Other,0.49,False
ID01173,Female,23,Mathematics,6.2,2.9,11,97.3,Excellent,2.91,3.17,0.2599999999999998,Other,1.09,False
ID01174,Male,22,Economics,7.6,7.0,7,85.6,Normal,3.9,4.0,0.10000000000000009,Other,0.57,True
ID01175,Female,19,Engineering,5.5,4.8,9,68.9,Danger,2.34,2.21,-0.1299999999999999,Other,0.46,False
ID01176,Male,23,Engineering,7.1,14.0,13,91.9,Excellent,2.54,3.48,0.94,Improve,0.25,False
ID01177,Female,22,Engineering,6.2,6.3,6,74.3,Danger,2.83,2.83,0.0,Maintain,0.45,False
ID01178,Male,19,Engineering,6.0,4.1,6,100.0,Excellent,3.31,3.67,0.3599999999999999,Other,0.9,False
ID01179,Female,19,Business,6.6,1.1,5,100.0,Excellent,2.99,3.21,0.21999999999999975,Other,2.92,False
ID01180,Male,19,Engineering,8.1,7.5,5,94.1,Excellent,2.85,3.46,0.6099999999999999,Improve,0.46,False
ID01181,Female,19,Engineering,7.3,7.7,8,100.0,Excellent,3.81,4.0,0.18999999999999995,Other,0.52,True
ID01182,Male,24,Business,7.4,3.2,7,86.0,Normal,3.86,4.0,0.14000000000000012,Other,1.25,True
ID01183,Female,19,Engineering,8.1,2.5,7,96.5,Excellent,2.89,3.2,0.31000000000000005,Other,1.28,False
ID01184,Female,21,Mathematics,7.9,6.6,7,100.0,Excellent,2.25,2.85,0.6000000000000001,Improve,0.43,False
ID01185,Male,23,Mathematics,6.7,4.7,7,88.7,Normal,2.02,2.22,0.20000000000000018,Other,0.47,False
ID01186,Female,22,Psychology,7.8,3.6,7,81.2,Normal,3.22,3.72,0.5,Improve,1.03,False
ID01187,Female,21,Mathematics,6.7,5.2,7,59.4,Danger,3.43,3.32,-0.11000000000000032,Other,0.64,False
ID01188,Male,24,Computer Science,7.7,3.2,9,83.8,Normal,3.13,3.51,0.3799999999999999,Other,1.1,False
ID01189,Male,21,Computer Science,8.6,7.7,6,97.4,Excellent,3.06,3.58,0.52,Improve,0.46,False
ID01190,Female,18,Computer Science,7.8,3.3,11,99.2,Excellent,2.7,2.9,0.19999999999999973,Other,0.88,False
ID01191,Male,18,Business,5.1,6.6,8,92.6,Excellent,3.43,3.62,0.18999999999999995,Other,0.55,False
ID01192,Female,18,Mathematics,6.3,4.1,14,76.9,Normal,3.94,3.89,-0.04999999999999982,Maintain,0.95,True
ID01193,Male,20,Computer Science,8.0,4.9,6,55.3,Danger,1.99,1.9,-0.09000000000000008,Maintain,0.39,False
ID01194,Female,18,Psychology,4.0,10.3,5,77.6,Normal,3.06,3.36,0.2999999999999998,Other,0.33,False
ID01195,Male,22,Business,7.5,2.9,7,80.4,Normal,2.61,2.85,0.2400000000000002,Other,0.98,False
ID01196,Female,21,Psychology,7.4,6.3,6,80.3,Normal,2.35,2.71,0.3599999999999999,Other,0.43,False
ID01197,Female,22,Mathematics,10.0,9.0,10,94.3,Excellent,2.54,3.16,0.6200000000000001,Improve,0.35,False
ID01198,Female,23,Engineering,7.6,6.2,5,100.0,Excellent,3.29,3.73,0.43999999999999995,Other,0.6,False
ID01199,Female,18,Psychology,6.8,7.9,7,86.9,Normal,3.3,3.89,0.5900000000000003,Improve,0.49,True
ID01200,Male,24,Engineering,8.7,4.4,12,81.7,Normal,3.83,3.91,0.08000000000000007,Maintain,0.89,True
ID01201,Female,20,Business,6.5,6.0,6,81.1,Normal,3.1,3.52,0.41999999999999993,Other,0.59,False
ID01202,Male,23,Psychology,7.1,7.0,2,86.9,Normal,2.22,2.53,0.3099999999999996,Other,0.36,False
ID01203,Male,24,Psychology,7.1,4.0,6,72.6,Danger,2.98,3.14,0.16000000000000014,Other,0.78,False
ID01204,Male,20,Economics,7.9,13.6,4,86.8,Normal,2.41,3.14,0.73,Improve,0.23,False
ID01205,Male,23,Business,5.6,2.3,7,91.8,Excellent,2.5,2.53,0.029999999999999805,Maintain,1.1,False
ID01206,Female,21,Business,8.3,2.1,11,88.1,Normal,3.39,3.72,0.33000000000000007,Other,1.77,False
ID01207,Female,22,Computer Science,6.2,9.7,5,91.9,Excellent,3.2,3.64,0.43999999999999995,Other,0.38,False
ID01208,Male,19,Mathematics,10.0,8.8,7,91.5,Excellent,3.39,3.76,0.36999999999999966,Other,0.43,False
ID01209,Male,22,Psychology,4.7,2.6,6,58.4,Danger,2.92,2.4,-0.52,Decline,0.92,False
ID01210,Female,18,Psychology,5.9,7.9,4,94.6,Excellent,3.5,4.0,0.5,Improve,0.51,True
ID01211,Male,24,Business,4.0,5.3,9,74.9,Danger,2.89,2.99,0.10000000000000009,Other,0.56,False
ID01212,Male,19,Business,10.0,4.1,8,68.6,Danger,3.66,3.8,0.13999999999999968,Other,0.93,False
ID01213,Male,20,Mathematics,5.2,2.5,11,68.4,Danger,3.27,3.22,-0.04999999999999982,Maintain,1.29,False
ID01214,Female,21,Business,8.1,3.8,6,91.5,Excellent,3.0,3.13,0.1299999999999999,Other,0.82,False
ID01215,Female,21,Engineering,8.1,2.2,13,81.7,Normal,3.21,3.24,0.03000000000000025,Maintain,1.47,False
ID01216,Male,20,Engineering,5.6,3.4,10,59.8,Danger,3.09,2.81,-0.2799999999999998,Other,0.83,False
ID01217,Male,18,Economics,8.2,2.2,7,92.2,Excellent,3.9,4.0,0.10000000000000009,Other,1.82,True
ID01218,Female,20,Engineering,5.4,1.6,7,63.4,Danger,3.22,3.21,-0.010000000000000231,Maintain,2.01,False
ID01219,Female,23,Engineering,5.8,8.0,5,87.1,Normal,3.1,3.66,0.56,Improve,0.46,False
ID01220,Male,24,Mathematics,4.7,3.6,6,88.6,Normal,2.98,3.33,0.3500000000000001,Other,0.92,False
ID01221,Female,24,Psychology,8.0,5.0,6,98.3,Excellent,3.52,3.98,0.45999999999999996,Other,0.8,True
ID01222,Male,18,Engineering,4.1,2.8,12,100.0,Excellent,3.45,3.73,0.2799999999999998,Other,1.33,False
ID01223,Male,19,Economics,7.6,3.5,11,64.5,Danger,2.96,2.83,-0.1299999999999999,Other,0.81,False
ID01224,Female,20,Business,6.8,2.1,8,84.2,Normal,2.52,2.71,0.18999999999999995,Other,1.29,False
ID01225,Male,18,Engineering,9.6,9.7,10,80.9,Normal,2.65,3.17,0.52,Improve,0.33,False
ID01226,Female,24,Economics,7.0,0.8,10,91.5,Excellent,3.01,3.27,0.26000000000000023,Other,4.09,False
ID01227,Male,19,Mathematics,8.3,6.7,5,88.2,Normal,3.77,4.0,0.22999999999999998,Other,0.6,True
ID01228,Male,20,Business,7.8,2.8,10,79.7,Normal,2.97,2.91,-0.06000000000000005,Maintain,1.04,False
ID01229,Female,21,Economics,6.8,2.1,5,78.4,Normal,2.8,2.78,-0.020000000000000018,Maintain,1.32,False
ID01230,Male,20,Engineering,8.7,1.5,9,68.3,Danger,2.22,2.0,-0.2200000000000002,Other,1.33,False
ID01231,Female,22,Psychology,7.6,4.4,7,99.8,Excellent,3.86,4.0,0.14000000000000012,Other,0.91,True
ID01232,Male,20,Business,8.3,6.2,8,91.9,Excellent,3.38,3.93,0.5500000000000003,Improve,0.63,True
ID01233,Male,22,Business,5.6,5.9,8,98.8,Excellent,3.5,4.0,0.5,Improve,0.68,True
ID01234,Male,19,Psychology,7.8,3.1,7,80.3,Normal,3.58,3.7,0.1200000000000001,Other,1.19,False
ID01235,Female,20,Business,8.2,3.5,15,75.1,Normal,3.02,2.96,-0.06000000000000005,Maintain,0.85,False
ID01236,Male,19,Engineering,5.4,2.1,12,68.8,Danger,3.14,3.08,-0.06000000000000005,Maintain,1.47,False
ID01237,Female,19,Business,6.9,2.3,11,90.4,Excellent,3.84,4.0,0.16000000000000014,Other,1.74,True
ID01238,Male,24,Engineering,4.4,8.0,9,69.4,Danger,3.19,3.28,0.08999999999999986,Maintain,0.41,False
ID01239,Female,18,Psychology,4.6,1.1,5,100.0,Excellent,3.39,3.62,0.22999999999999998,Other,3.29,False
ID01240,Male,19,Computer Science,6.9,1.0,10,65.4,Danger,3.54,3.49,-0.04999999999999982,Maintain,3.49,False
ID01241,Female,19,Psychology,9.7,2.6,7,89.1,Normal,3.42,3.5,0.08000000000000007,Maintain,1.35,False
ID01242,Female,24,Engineering,9.8,9.6,2,100.0,Excellent,3.04,3.61,0.5699999999999998,Improve,0.38,False
ID01243,Female,24,Mathematics,6.5,4.1,11,94.0,Excellent,3.08,3.34,0.2599999999999998,Other,0.81,False
ID01244,Female,20,Psychology,5.6,13.7,8,87.6,Normal,3.49,4.0,0.5099999999999998,Improve,0.29,True
ID01245,Female,24,Mathematics,8.4,3.3,4,70.5,Danger,3.49,3.51,0.019999999999999574,Maintain,1.06,False
ID01246,Female,20,Mathematics,4.0,6.0,11,64.3,Danger,3.68,3.65,-0.03000000000000025,Maintain,0.61,False
ID01247,Male,21,Engineering,6.4,7.4,10,96.6,Excellent,3.38,3.81,0.43000000000000016,Other,0.51,False
ID01248,Male,24,Engineering,5.9,12.3,7,100.0,Excellent,3.4,4.0,0.6000000000000001,Improve,0.33,True
ID01249,Female,18,Computer Science,6.9,2.7,11,78.4,Normal,2.88,2.87,-0.009999999999999787,Maintain,1.06,False
ID01250,Female,19,Economics,9.1,4.0,4,67.9,Danger,2.81,2.62,-0.18999999999999995,Other,0.66,False
ID01251,Female,18,Business,4.0,3.6,7,48.1,Danger,3.49,3.14,-0.3500000000000001,Other,0.87,False
ID01252,Male,22,Psychology,7.5,6.3,12,70.3,Danger,2.81,3.04,0.22999999999999998,Other,0.48,False
ID01253,Male,24,Engineering,7.5,9.1,5,83.3,Normal,3.09,3.69,0.6000000000000001,Improve,0.41,False
ID01254,Male,19,Psychology,6.9,9.0,8,100.0,Excellent,3.79,4.0,0.20999999999999996,Other,0.44,True
ID01255,Female,18,Economics,7.4,2.7,10,95.1,Excellent,3.71,3.94,0.22999999999999998,Other,1.46,True
ID01256,Male,24,Economics,7.8,2.3,8,89.6,Normal,3.25,3.67,0.41999999999999993,Other,1.6,False
ID01257,Male,24,Mathematics,7.2,5.9,4,79.0,Normal,2.95,2.99,0.040000000000000036,Maintain,0.51,False
ID01258,Male,21,Business,4.0,1.9,3,76.3,Normal,3.04,2.8,-0.2400000000000002,Other,1.47,False
ID01259,Male,21,Computer Science,5.7,6.4,8,100.0,Excellent,3.53,4.0,0.4700000000000002,Other,0.62,True
ID01260,Female,19,Psychology,9.4,4.0,13,88.0,Normal,3.08,3.15,0.06999999999999984,Maintain,0.79,False
ID01261,Male,22,Business,5.2,8.2,10,53.5,Danger,2.82,2.87,0.050000000000000266,Maintain,0.35,False
ID01262,Female,21,Computer Science,7.1,7.5,12,74.9,Danger,3.71,3.99,0.28000000000000025,Other,0.53,True
ID01263,Male,21,Psychology,5.9,4.4,2,72.1,Danger,3.19,3.28,0.08999999999999986,Maintain,0.75,False
ID01264,Male,22,Business,7.9,1.8,8,76.8,Normal,2.81,2.78,-0.03000000000000025,Maintain,1.54,False
ID01265,Male,18,Engineering,6.7,1.9,6,93.4,Excellent,3.34,3.7,0.3600000000000003,Other,1.95,False
ID01266,Male,21,Psychology,8.0,4.2,6,83.4,Normal,3.59,3.92,0.33000000000000007,Other,0.93,True
ID01267,Male,20,Business,7.6,5.3,6,83.8,Normal,2.6,3.05,0.44999999999999973,Other,0.58,False
ID01268,Male,23,Economics,6.4,3.3,9,100.0,Excellent,3.0,3.38,0.3799999999999999,Other,1.02,False
ID01269,Female,23,Computer Science,4.0,2.2,6,74.6,Danger,2.98,3.0,0.020000000000000018,Maintain,1.36,False
ID01270,Male,21,Business,5.7,3.4,5,100.0,Excellent,3.33,3.36,0.029999999999999805,Maintain,0.99,False
ID01271,Female,18,Engineering,5.2,8.3,7,74.9,Danger,3.42,3.43,0.010000000000000231,Maintain,0.41,False
ID01272,Female,24,Psychology,5.2,3.4,8,86.3,Normal,2.82,3.12,0.30000000000000027,Other,0.92,False
ID01273,Female,18,Psychology,7.8,2.7,10,80.8,Normal,2.35,2.57,0.21999999999999975,Other,0.95,False
ID01274,Male,19,Psychology,10.0,1.8,5,86.9,Normal,3.62,3.83,0.20999999999999996,Other,2.13,False
ID01275,Male,20,Engineering,4.0,3.9,6,91.7,Excellent,2.54,2.68,0.14000000000000012,Other,0.69,False
ID01276,Male,18,Computer Science,4.7,7.5,9,91.5,Excellent,3.24,3.72,0.48,Other,0.5,False
ID01277,Male,22,Psychology,7.3,7.8,9,73.7,Danger,3.03,3.26,0.22999999999999998,Other,0.42,False
ID01278,Female,20,Computer Science,6.6,2.4,5,68.2,Danger,3.18,3.0,-0.18000000000000016,Other,1.25,False
ID01279,Male,23,Business,7.7,4.4,8,100.0,Excellent,3.93,4.0,0.06999999999999984,Maintain,0.91,True
ID01280,Male,20,Economics,6.9,2.5,12,77.7,Normal,4.0,4.0,0.0,Maintain,1.6,True
ID01281,Female,22,Economics,9.0,3.2,5,95.5,Excellent,2.28,2.6,0.3200000000000003,Other,0.81,False
ID01282,Female,21,Computer Science,7.9,3.8,8,60.9,Danger,3.59,3.71,0.1200000000000001,Other,0.98,False
ID01283,Female,22,Computer Science,8.3,2.9,11,80.8,Normal,3.02,3.02,0.0,Maintain,1.04,False
ID01284,Male,22,Economics,8.5,0.3,7,83.1,Normal,3.62,3.69,0.06999999999999984,Maintain,12.3,False
ID01285,Male,21,Psychology,5.2,9.7,7,92.1,Excellent,3.58,4.0,0.41999999999999993,Other,0.41,True
ID01286,Male,21,Mathematics,7.9,2.7,6,44.2,Danger,3.8,3.37,-0.4299999999999997,Other,1.25,False
ID01287,Male,21,Mathematics,8.0,2.6,11,87.5,Normal,3.24,3.57,0.3299999999999996,Other,1.37,False
ID01288,Male,21,Engineering,6.5,2.4,9,67.8,Danger,2.66,2.8,0.13999999999999968,Other,1.17,False
ID01289,Male,21,Economics,6.5,1.4,6,89.9,Normal,3.56,3.88,0.31999999999999984,Other,2.77,True
ID01290,Male,22,Economics,6.5,9.9,10,69.5,Danger,3.16,3.52,0.3599999999999999,Other,0.36,False
ID01291,Male,19,Engineering,5.7,4.0,7,72.2,Danger,2.98,2.85,-0.1299999999999999,Other,0.71,False
ID01292,Male,19,Mathematics,4.9,5.4,8,80.9,Normal,2.86,3.23,0.3700000000000001,Other,0.6,False
ID01293,Female,18,Business,10.0,5.0,9,69.2,Danger,3.6,3.69,0.08999999999999986,Maintain,0.74,False
ID01294,Female,19,Psychology,8.6,2.9,10,77.9,Normal,3.9,3.85,-0.04999999999999982,Maintain,1.33,False
ID01295,Female,23,Psychology,7.0,4.0,8,67.1,Danger,2.5,2.65,0.1499999999999999,Other,0.66,False
ID01296,Male,19,Business,4.8,6.1,10,57.5,Danger,3.41,3.08,-0.33000000000000007,Other,0.5,False
ID01297,Male,22,Business,7.8,1.5,11,100.0,Excellent,2.91,3.14,0.22999999999999998,Other,2.09,False
ID01298,Male,21,Mathematics,6.5,3.2,8,65.6,Danger,2.37,2.4,0.029999999999999805,Maintain,0.75,False
ID01299,Female,21,Engineering,6.8,3.5,7,82.3,Normal,3.17,3.33,0.16000000000000014,Other,0.95,False
ID01300,Female,24,Business,10.0,2.8,9,96.3,Excellent,2.68,2.74,0.06000000000000005,Maintain,0.98,False
ID01301,Male,24,Engineering,9.8,2.8,7,75.8,Normal,2.31,2.12,-0.18999999999999995,Other,0.76,False
ID01302,Female,24,Computer Science,4.0,4.5,8,72.6,Danger,2.71,2.5,-0.20999999999999996,Other,0.56,False
ID01303,Male,22,Psychology,7.5,8.5,7,88.4,Normal,2.59,3.06,0.4700000000000002,Other,0.36,False
ID01304,Male,23,Mathematics,7.2,5.2,10,100.0,Excellent,2.78,3.2,0.4200000000000004,Other,0.62,False
ID01305,Female,19,Psychology,7.5,2.3,7,67.5,Danger,2.44,2.42,-0.020000000000000018,Maintain,1.05,False
ID01306,Female,22,Mathematics,6.2,14.0,9,82.7,Normal,2.9,3.65,0.75,Improve,0.26,False
ID01307,Female,18,Computer Science,7.0,8.6,7,59.0,Danger,2.74,2.9,0.1599999999999997,Other,0.34,False
ID01308,Female,21,Psychology,5.4,3.0,6,79.1,Normal,3.29,3.18,-0.10999999999999988,Other,1.06,False
ID01309,Male,24,Computer Science,8.6,8.6,3,85.5,Normal,3.4,3.93,0.5300000000000002,Improve,0.46,True
ID01310,Female,20,Mathematics,8.5,4.5,8,72.2,Danger,3.23,3.02,-0.20999999999999996,Other,0.67,False
ID01311,Male,18,Business,9.5,1.8,7,78.1,Normal,2.98,2.78,-0.20000000000000018,Other,1.54,False
ID01312,Female,24,Psychology,5.8,8.0,12,63.9,Danger,2.97,3.14,0.16999999999999993,Other,0.39,False
ID01313,Male,23,Computer Science,7.4,2.3,9,86.2,Normal,2.68,2.87,0.18999999999999995,Other,1.25,False
ID01314,Female,18,Economics,10.0,5.4,7,100.0,Excellent,2.69,2.88,0.18999999999999995,Other,0.53,False
ID01315,Male,22,Psychology,6.0,4.4,13,68.5,Danger,3.45,3.4,-0.050000000000000266,Maintain,0.77,False
ID01316,Female,19,Psychology,5.5,5.6,6,75.7,Normal,2.22,2.24,0.020000000000000018,Maintain,0.4,False
ID01317,Male,21,Psychology,7.5,10.3,7,92.5,Excellent,3.06,3.55,0.48999999999999977,Other,0.34,False
ID01318,Female,23,Engineering,8.7,3.9,6,100.0,Excellent,2.94,3.08,0.14000000000000012,Other,0.79,False
ID01319,Male,23,Computer Science,6.0,1.8,3,62.6,Danger,3.4,3.43,0.03000000000000025,Maintain,1.91,False
ID01320,Male,20,Computer Science,9.9,2.6,9,82.5,Normal,2.39,2.46,0.06999999999999984,Maintain,0.95,False
ID01321,Male,18,Psychology,5.6,1.7,7,89.2,Normal,3.11,3.09,-0.020000000000000018,Maintain,1.82,False
ID01322,Male,20,Business,8.0,1.3,7,83.5,Normal,3.27,3.32,0.04999999999999982,Maintain,2.55,False
ID01323,Female,19,Psychology,6.0,7.5,7,47.8,Danger,2.15,2.27,0.1200000000000001,Other,0.3,False
ID01324,Male,24,Engineering,6.3,4.3,9,92.5,Excellent,2.56,2.76,0.19999999999999973,Other,0.64,False
ID01325,Female,19,Mathematics,8.2,3.7,4,100.0,Excellent,3.05,3.26,0.20999999999999996,Other,0.88,False
ID01326,Male,24,Engineering,6.7,3.0,12,86.7,Normal,3.36,3.66,0.30000000000000027,Other,1.22,False
ID01327,Male,20,Business,4.7,6.5,11,69.5,Danger,3.19,3.45,0.26000000000000023,Other,0.53,False
ID01328,Female,21,Psychology,5.8,9.2,9,77.3,Normal,3.38,3.75,0.3700000000000001,Other,0.41,False
ID01329,Female,19,Computer Science,8.1,2.3,6,100.0,Excellent,2.56,2.62,0.06000000000000005,Maintain,1.14,False
ID01330,Male,20,Economics,7.6,5.2,3,98.6,Excellent,2.31,2.55,0.23999999999999977,Other,0.49,False
ID01331,Female,18,Psychology,8.1,7.2,10,94.6,Excellent,3.14,3.53,0.3899999999999997,Other,0.49,False
ID01332,Female,20,Business,6.1,4.6,9,90.3,Excellent,2.49,2.71,0.21999999999999975,Other,0.59,False
ID01333,Male,20,Computer Science,5.4,6.2,3,75.1,Normal,2.67,2.88,0.20999999999999996,Other,0.46,False
ID01334,Female,22,Engineering,5.8,1.8,4,82.0,Normal,3.57,3.79,0.2200000000000002,Other,2.11,False
ID01335,Female,19,Mathematics,5.9,9.3,4,83.8,Normal,3.19,3.88,0.69,Improve,0.42,True
ID01336,Female,21,Mathematics,6.9,6.5,11,93.2,Excellent,2.82,3.32,0.5,Improve,0.51,False
ID01337,Male,21,Psychology,5.2,5.6,9,100.0,Excellent,2.75,3.03,0.2799999999999998,Other,0.54,False
ID01338,Female,22,Engineering,8.6,6.9,4,100.0,Excellent,3.41,3.81,0.3999999999999999,Other,0.55,False
ID01339,Male,24,Economics,7.8,3.3,14,63.7,Danger,3.21,3.09,-0.1200000000000001,Other,0.94,False
ID01340,Male,23,Economics,5.7,2.0,7,88.4,Normal,2.49,2.63,0.13999999999999968,Other,1.32,False
ID01341,Male,24,Business,6.7,1.7,11,96.1,Excellent,2.13,2.56,0.43000000000000016,Other,1.51,False
ID01342,Male,21,Mathematics,5.7,1.5,7,94.3,Excellent,4.0,4.0,0.0,Maintain,2.67,True
ID01343,Female,20,Engineering,6.8,5.2,7,75.6,Normal,2.49,2.42,-0.07000000000000028,Maintain,0.47,False
ID01344,Female,22,Psychology,5.7,3.1,15,100.0,Excellent,3.36,3.66,0.30000000000000027,Other,1.18,False
ID01345,Female,18,Computer Science,10.0,9.0,7,65.8,Danger,3.86,3.9,0.040000000000000036,Maintain,0.43,True
ID01346,Male,19,Psychology,4.6,8.0,7,68.8,Danger,3.17,3.28,0.10999999999999988,Other,0.41,False
ID01347,Male,19,Psychology,5.1,6.5,10,88.5,Normal,2.8,3.29,0.4900000000000002,Other,0.51,False
ID01348,Male,19,Engineering,6.6,5.7,8,100.0,Excellent,2.39,2.68,0.29000000000000004,Other,0.47,False
ID01349,Female,20,Mathematics,7.1,2.6,6,72.5,Danger,2.38,2.28,-0.10000000000000009,Other,0.88,False
ID01350,Male,18,Engineering,7.2,2.9,5,81.0,Normal,3.29,3.46,0.16999999999999993,Other,1.19,False
ID01351,Female,22,Computer Science,8.4,2.5,10,100.0,Excellent,3.83,4.0,0.16999999999999993,Other,1.6,True
ID01352,Female,22,Engineering,7.7,2.0,9,84.7,Normal,2.9,3.01,0.10999999999999988,Other,1.5,False
ID01353,Male,19,Business,5.6,3.7,8,80.0,Normal,2.82,3.07,0.25,Other,0.83,False
ID01354,Female,18,Psychology,8.6,7.1,12,93.5,Excellent,3.45,3.77,0.31999999999999984,Other,0.53,False
ID01355,Male,18,Mathematics,7.9,3.6,10,89.1,Normal,2.76,3.09,0.33000000000000007,Other,0.86,False
ID01356,Female,18,Economics,9.1,2.5,7,100.0,Excellent,3.24,3.28,0.03999999999999959,Maintain,1.31,False
ID01357,Female,21,Computer Science,7.1,3.6,8,100.0,Excellent,3.12,3.55,0.4299999999999997,Other,0.99,False
ID01358,Male,21,Economics,8.6,4.4,6,89.6,Normal,2.9,3.23,0.33000000000000007,Other,0.73,False
ID01359,Male,19,Psychology,4.0,2.9,7,89.4,Normal,3.09,3.1,0.010000000000000231,Maintain,1.07,False
ID01360,Female,18,Engineering,6.3,3.8,7,88.2,Normal,3.98,4.0,0.020000000000000018,Maintain,1.05,True
ID01361,Female,23,Economics,5.6,14.0,6,92.3,Excellent,3.4,4.0,0.6000000000000001,Improve,0.29,True
ID01362,Male,18,Business,8.1,1.5,4,85.8,Normal,3.65,3.69,0.040000000000000036,Maintain,2.46,False
ID01363,Female,22,Engineering,5.9,0.8,3,85.0,Normal,2.64,2.65,0.009999999999999787,Maintain,3.31,False
ID01364,Female,22,Psychology,8.5,4.2,5,100.0,Excellent,3.65,3.91,0.26000000000000023,Other,0.93,True
ID01365,Female,19,Economics,8.2,5.1,7,100.0,Excellent,3.42,3.77,0.3500000000000001,Other,0.74,False
ID01366,Male,23,Computer Science,6.1,3.6,15,62.4,Danger,2.35,2.3,-0.050000000000000266,Maintain,0.64,False
ID01367,Female,18,Economics,7.4,2.1,9,85.2,Normal,3.37,3.74,0.3700000000000001,Other,1.78,False
ID01368,Female,24,Economics,6.7,8.9,8,74.7,Danger,2.84,2.97,0.13000000000000034,Other,0.33,False
ID01369,Male,23,Mathematics,7.2,4.1,6,80.3,Normal,2.33,2.64,0.31000000000000005,Other,0.64,False
ID01370,Male,19,Economics,8.1,4.4,10,91.0,Excellent,3.16,3.45,0.29000000000000004,Other,0.78,False
ID01371,Female,22,Psychology,6.5,6.4,10,95.0,Excellent,3.37,3.96,0.5899999999999999,Improve,0.62,True
ID01372,Male,24,Computer Science,4.5,3.6,8,83.3,Normal,3.18,3.56,0.3799999999999999,Other,0.99,False
ID01373,Female,22,Psychology,7.9,3.4,6,56.3,Danger,3.05,2.67,-0.3799999999999999,Other,0.79,False
ID01374,Male,21,Business,8.6,8.9,5,70.5,Danger,2.93,3.02,0.08999999999999986,Maintain,0.34,False
ID01375,Male,19,Engineering,4.5,1.2,12,98.4,Excellent,4.0,4.0,0.0,Maintain,3.33,True
ID01376,Female,19,Economics,6.9,4.9,6,43.9,Danger,2.51,2.28,-0.22999999999999998,Other,0.47,False
ID01377,Male,18,Mathematics,5.6,4.6,9,100.0,Excellent,3.54,3.96,0.41999999999999993,Other,0.86,True
ID01378,Male,18,Computer Science,8.7,3.1,4,92.8,Excellent,3.11,3.12,0.010000000000000231,Maintain,1.01,False
ID01379,Male,21,Mathematics,8.8,3.6,10,100.0,Excellent,2.67,2.97,0.30000000000000027,Other,0.82,False
ID01380,Female,24,Mathematics,5.8,8.5,6,82.0,Normal,3.08,3.44,0.3599999999999999,Other,0.4,False
ID01381,Male,20,Mathematics,5.0,2.3,7,54.1,Danger,2.4,2.12,-0.2799999999999998,Other,0.92,False
ID01382,Male,23,Economics,7.4,6.2,9,91.5,Excellent,2.8,3.19,0.3900000000000001,Other,0.51,False
ID01383,Female,20,Computer Science,5.3,4.0,1,100.0,Excellent,3.08,3.35,0.27,Other,0.84,False
ID01384,Male,20,Computer Science,8.3,5.8,4,98.9,Excellent,2.32,2.59,0.27,Other,0.45,False
ID01385,Female,19,Mathematics,6.8,5.1,10,75.1,Normal,3.35,3.43,0.08000000000000007,Maintain,0.67,False
ID01386,Male,23,Engineering,9.4,0.8,9,86.3,Normal,2.62,2.72,0.10000000000000009,Other,3.4,False
ID01387,Female,19,Economics,9.5,2.3,14,77.0,Normal,2.37,2.33,-0.040000000000000036,Maintain,1.01,False
ID01388,Male,23,Economics,9.3,2.5,7,72.7,Danger,2.56,2.28,-0.28000000000000025,Other,0.91,False
ID01389,Female,22,Psychology,7.6,2.1,15,99.3,Excellent,4.0,4.0,0.0,Maintain,1.9,True
ID01390,Male,19,Economics,5.6,2.8,4,67.0,Danger,2.11,2.06,-0.04999999999999982,Maintain,0.74,False
ID01391,Male,19,Mathematics,4.8,4.4,10,71.6,Danger,3.32,3.33,0.010000000000000231,Maintain,0.76,False
ID01392,Male,19,Business,7.9,6.8,11,68.4,Danger,2.72,3.02,0.2999999999999998,Other,0.44,False
ID01393,Male,24,Mathematics,8.0,1.7,12,62.6,Danger,2.92,3.01,0.08999999999999986,Maintain,1.77,False
ID01394,Male,21,Computer Science,7.4,4.1,16,87.2,Normal,3.4,3.29,-0.10999999999999988,Other,0.8,False
ID01395,Male,19,Economics,5.0,4.8,6,100.0,Excellent,3.38,3.76,0.3799999999999999,Other,0.78,False
ID01396,Female,18,Economics,5.8,7.5,9,82.2,Normal,2.76,3.1,0.3400000000000003,Other,0.41,False
ID01397,Male,18,Psychology,7.1,9.5,8,62.4,Danger,2.42,2.74,0.3200000000000003,Other,0.29,False
ID01398,Male,23,Business,6.1,3.5,15,97.6,Excellent,3.41,3.79,0.3799999999999999,Other,1.08,False
ID01399,Female,22,Economics,5.8,2.1,6,100.0,Excellent,3.38,3.4,0.020000000000000018,Maintain,1.62,False
ID01400,Female,21,Psychology,5.6,4.9,10,75.3,Normal,2.96,2.89,-0.06999999999999984,Maintain,0.59,False
ID01401,Male,24,Psychology,6.8,2.2,5,77.8,Normal,3.32,3.47,0.15000000000000036,Other,1.58,False
ID01402,Male,23,Business,6.7,4.7,8,92.7,Excellent,2.88,3.12,0.2400000000000002,Other,0.66,False
ID01403,Male,18,Mathematics,5.8,2.5,8,100.0,Excellent,2.69,2.7,0.010000000000000231,Maintain,1.08,False
ID01404,Female,21,Mathematics,7.0,5.4,12,77.2,Normal,3.1,3.35,0.25,Other,0.62,False
ID01405,Female,21,Mathematics,7.4,2.6,15,65.0,Danger,3.36,3.31,-0.04999999999999982,Maintain,1.27,False
ID01406,Male,22,Engineering,7.5,9.0,5,94.5,Excellent,3.25,3.92,0.6699999999999999,Improve,0.44,True
ID01407,Female,21,Mathematics,5.6,4.0,6,97.0,Excellent,3.35,3.52,0.16999999999999993,Other,0.88,False
ID01408,Female,19,Business,6.5,1.3,8,85.1,Normal,2.72,2.81,0.08999999999999986,Maintain,2.16,False
ID01409,Female,21,Engineering,7.0,6.9,6,76.6,Normal,3.89,3.97,0.08000000000000007,Maintain,0.58,True
ID01410,Female,22,Mathematics,7.2,3.6,6,99.9,Excellent,2.93,3.14,0.20999999999999996,Other,0.87,False
ID01411,Male,23,Engineering,5.0,5.6,6,92.9,Excellent,3.04,3.27,0.22999999999999998,Other,0.58,False
ID01412,Male,22,Business,6.5,6.9,15,73.5,Danger,2.44,2.52,0.08000000000000007,Maintain,0.37,False
ID01413,Male,24,Mathematics,7.9,4.2,5,85.7,Normal,3.0,3.49,0.4900000000000002,Other,0.83,False
ID01414,Male,22,Computer Science,6.1,1.6,1,64.7,Danger,3.37,3.31,-0.06000000000000005,Maintain,2.07,False
ID01415,Male,18,Economics,7.5,4.4,10,95.3,Excellent,3.48,3.77,0.29000000000000004,Other,0.86,False
ID01416,Female,19,Business,7.0,8.3,7,81.1,Normal,3.88,4.0,0.1200000000000001,Other,0.48,True
ID01417,Male,18,Psychology,6.3,3.8,7,78.5,Normal,3.36,3.58,0.2200000000000002,Other,0.94,False
ID01418,Male,23,Psychology,8.9,5.1,8,84.5,Normal,3.24,3.42,0.17999999999999972,Other,0.67,False
ID01419,Male,20,Business,6.5,2.3,9,85.6,Normal,2.88,3.3,0.41999999999999993,Other,1.43,False
ID01420,Female,23,Psychology,6.7,1.4,7,98.4,Excellent,2.77,3.08,0.31000000000000005,Other,2.2,False
ID01421,Male,19,Business,6.3,3.6,12,93.9,Excellent,3.59,3.97,0.38000000000000034,Other,1.1,True
ID01422,Male,21,Computer Science,9.2,4.1,11,82.7,Normal,3.58,3.88,0.2999999999999998,Other,0.95,True
ID01423,Male,22,Business,9.1,7.4,8,96.5,Excellent,2.56,2.95,0.3900000000000001,Other,0.4,False
ID01424,Male,20,Mathematics,8.7,4.2,7,91.0,Excellent,3.46,3.7,0.2400000000000002,Other,0.88,False
ID01425,Female,19,Mathematics,8.3,7.1,7,78.6,Normal,3.43,3.65,0.21999999999999975,Other,0.51,False
ID01426,Female,18,Engineering,5.7,3.0,8,83.1,Normal,2.54,2.86,0.31999999999999984,Other,0.95,False
ID01427,Male,22,Psychology,6.3,1.5,9,82.8,Normal,3.37,3.62,0.25,Other,2.41,False
ID01428,Female,23,Economics,5.8,5.3,12,92.6,Excellent,2.58,3.0,0.41999999999999993,Other,0.57,False
ID01429,Female,18,Psychology,8.5,8.8,5,79.5,Normal,1.89,2.2,0.3100000000000003,Other,0.25,False
ID01430,Female,19,Business,10.0,2.8,7,79.1,Normal,3.02,2.84,-0.18000000000000016,Other,1.01,False
ID01431,Male,19,Economics,8.0,5.7,6,100.0,Excellent,3.23,3.71,0.48,Other,0.65,False
ID01432,Male,23,Economics,9.5,5.9,6,99.1,Excellent,3.04,3.36,0.31999999999999984,Other,0.57,False
ID01433,Male,20,Psychology,7.7,1.4,2,73.6,Danger,4.0,3.76,-0.2400000000000002,Other,2.69,False
ID01434,Female,23,Economics,7.5,3.5,6,93.6,Excellent,3.29,3.67,0.3799999999999999,Other,1.05,False
ID01435,Male,21,Economics,6.1,6.0,7,86.8,Normal,3.17,3.65,0.48,Other,0.61,False
ID01436,Male,18,Mathematics,7.9,4.9,4,90.9,Excellent,3.31,3.55,0.23999999999999977,Other,0.72,False
ID01437,Male,20,Computer Science,8.4,6.0,2,87.1,Normal,2.88,3.06,0.18000000000000016,Other,0.51,False
ID01438,Female,22,Business,8.6,5.5,4,100.0,Excellent,3.56,3.78,0.21999999999999975,Other,0.69,False
ID01439,Male,24,Psychology,7.2,3.8,5,90.2,Excellent,3.28,3.75,0.4700000000000002,Other,0.99,False
ID01440,Female,21,Mathematics,7.3,4.1,2,84.1,Normal,3.26,3.44,0.18000000000000016,Other,0.84,False
ID01441,Female,20,Engineering,6.9,7.3,9,100.0,Excellent,2.79,3.29,0.5,Improve,0.45,False
ID01442,Male,24,Economics,6.2,4.4,10,88.5,Normal,2.32,2.56,0.2400000000000002,Other,0.58,False
ID01443,Female,24,Economics,8.3,2.5,6,86.8,Normal,2.85,2.93,0.08000000000000007,Maintain,1.17,False
ID01444,Male,18,Psychology,4.2,3.6,9,89.7,Normal,3.24,3.58,0.33999999999999986,Other,0.99,False
ID01445,Female,19,Computer Science,4.5,5.1,10,83.6,Normal,2.88,3.33,0.4500000000000002,Other,0.65,False
ID01446,Male,22,Computer Science,6.2,7.0,7,85.1,Normal,3.25,3.78,0.5299999999999998,Improve,0.54,False
ID01447,Female,23,Psychology,5.1,1.4,7,76.2,Normal,2.98,2.95,-0.029999999999999805,Maintain,2.11,False
ID01448,Female,18,Psychology,8.6,3.4,8,73.7,Danger,3.32,3.38,0.06000000000000005,Maintain,0.99,False
ID01449,Female,21,Mathematics,6.3,6.7,5,70.0,Danger,2.61,2.68,0.07000000000000028,Maintain,0.4,False
ID01450,Female,24,Psychology,8.3,2.3,6,64.1,Danger,3.2,3.12,-0.08000000000000007,Maintain,1.36,False
ID01451,Male,21,Engineering,9.0,2.3,5,71.8,Danger,2.78,2.76,-0.020000000000000018,Maintain,1.2,False
ID01452,Female,24,Mathematics,7.1,4.0,7,82.4,Normal,2.33,2.7,0.3700000000000001,Other,0.68,False
ID01453,Female,19,Economics,7.5,1.3,10,86.5,Normal,3.02,3.36,0.33999999999999986,Other,2.58,False
ID01454,Female,19,Economics,8.8,10.2,6,80.9,Normal,3.87,4.0,0.1299999999999999,Other,0.39,True
ID01455,Male,22,Economics,8.5,5.1,7,49.7,Danger,2.37,1.99,-0.3800000000000001,Other,0.39,False
ID01456,Female,23,Economics,4.0,5.7,8,100.0,Excellent,3.16,3.57,0.4099999999999997,Other,0.63,False
ID01457,Female,22,Business,6.4,7.6,7,100.0,Excellent,3.5,4.0,0.5,Improve,0.53,True
ID01458,Female,19,Engineering,7.8,13.4,5,91.7,Excellent,4.0,4.0,0.0,Maintain,0.3,True
ID01459,Male,19,Mathematics,7.3,3.8,8,100.0,Excellent,2.85,3.03,0.17999999999999972,Other,0.8,False
ID01460,Female,21,Mathematics,5.5,1.4,8,70.3,Danger,2.78,2.45,-0.3299999999999996,Other,1.75,False
ID01461,Male,19,Economics,4.4,4.8,9,100.0,Excellent,2.52,2.94,0.41999999999999993,Other,0.61,False
ID01462,Female,20,Computer Science,7.9,2.4,6,70.5,Danger,3.67,3.61,-0.06000000000000005,Maintain,1.5,False
ID01463,Male,24,Mathematics,5.7,1.8,2,88.6,Normal,2.67,2.7,0.03000000000000025,Maintain,1.5,False
ID01464,Female,18,Engineering,6.8,2.9,8,65.9,Danger,2.91,2.74,-0.16999999999999993,Other,0.94,False
ID01465,Female,19,Psychology,7.2,3.8,3,85.2,Normal,2.18,2.43,0.25,Other,0.64,False
ID01466,Male,22,Engineering,6.8,7.7,8,90.8,Excellent,3.54,3.99,0.4500000000000002,Other,0.52,True
ID01467,Female,23,Economics,5.6,10.3,7,82.7,Normal,3.68,4.0,0.31999999999999984,Other,0.39,True
ID01468,Male,24,Economics,6.9,2.0,7,95.7,Excellent,3.52,3.9,0.3799999999999999,Other,1.95,True
ID01469,Female,24,Business,6.2,3.1,12,86.5,Normal,2.3,2.44,0.14000000000000012,Other,0.79,False
ID01470,Female,23,Mathematics,9.5,5.6,5,77.2,Normal,3.4,3.53,0.1299999999999999,Other,0.63,False
ID01471,Female,23,Mathematics,7.3,6.0,5,76.5,Normal,2.26,2.44,0.18000000000000016,Other,0.41,False
ID01472,Female,24,Mathematics,10.0,2.2,6,97.2,Excellent,3.13,3.18,0.050000000000000266,Maintain,1.45,False
ID01473,Female,20,Economics,5.0,6.7,17,75.2,Normal,3.2,3.08,-0.1200000000000001,Other,0.46,False
ID01474,Male,22,Mathematics,6.5,2.5,9,98.7,Excellent,3.26,3.35,0.0900000000000003,Maintain,1.34,False
ID01475,Male,20,Computer Science,6.5,2.1,6,100.0,Excellent,3.37,3.72,0.3500000000000001,Other,1.77,False
ID01476,Female,19,Computer Science,5.8,5.5,8,60.0,Danger,3.1,3.28,0.17999999999999972,Other,0.6,False
ID01477,Female,18,Psychology,6.5,7.8,11,100.0,Excellent,2.12,2.81,0.69,Improve,0.36,False
ID01478,Female,23,Mathematics,6.3,4.8,4,100.0,Excellent,3.37,3.87,0.5,Improve,0.81,True
ID01479,Female,22,Business,5.5,4.3,7,88.8,Normal,3.15,3.59,0.43999999999999995,Other,0.83,False
ID01480,Male,23,Psychology,9.7,3.8,10,94.0,Excellent,2.65,2.97,0.3200000000000003,Other,0.78,False
ID01481,Female,20,Economics,6.9,4.2,12,100.0,Excellent,2.32,2.75,0.43000000000000016,Other,0.65,False
ID01482,Male,21,Mathematics,8.4,3.5,7,80.9,Normal,3.87,3.91,0.040000000000000036,Maintain,1.12,True
ID01483,Male,19,Computer Science,8.5,5.5,6,87.7,Normal,3.72,3.91,0.18999999999999995,Other,0.71,True
ID01484,Male,18,Business,9.1,4.2,10,65.3,Danger,3.45,3.52,0.06999999999999984,Maintain,0.84,False
ID01485,Male,19,Psychology,5.5,12.9,4,87.1,Normal,2.76,3.65,0.8900000000000001,Improve,0.28,False
ID01486,Male,21,Business,8.9,4.9,7,92.5,Excellent,1.84,2.22,0.3800000000000001,Other,0.45,False
ID01487,Male,18,Mathematics,6.9,3.5,10,92.7,Excellent,3.48,3.84,0.3599999999999999,Other,1.1,False
ID01488,Female,21,Engineering,10.0,2.0,5,100.0,Excellent,3.28,3.3,0.020000000000000018,Maintain,1.65,False
ID01489,Male,19,Business,7.8,2.2,10,73.4,Danger,2.91,3.05,0.13999999999999968,Other,1.39,False
ID01490,Male,20,Business,5.3,5.0,4,77.0,Normal,3.66,3.72,0.06000000000000005,Maintain,0.74,False
ID01491,Male,24,Economics,8.9,2.8,7,100.0,Excellent,3.52,3.71,0.18999999999999995,Other,1.33,False
ID01492,Male,19,Computer Science,8.7,4.5,10,82.7,Normal,3.19,3.61,0.41999999999999993,Other,0.8,False
ID01493,Male,19,Mathematics,5.1,8.0,12,88.0,Normal,3.12,3.75,0.6299999999999999,Improve,0.47,False
ID01494,Male,19,Business,8.1,1.8,13,84.0,Normal,3.13,3.22,0.0900000000000003,Maintain,1.79,False
ID01495,Female,22,Mathematics,9.4,3.6,6,72.7,Danger,3.44,3.38,-0.06000000000000005,Maintain,0.94,False
ID01496,Female,21,Computer Science,7.7,0.6,8,100.0,Excellent,2.67,2.7,0.03000000000000025,Maintain,4.5,False
ID01497,Female,21,Economics,5.5,1.4,8,77.1,Normal,3.31,3.31,0.0,Maintain,2.36,False
ID01498,Male,23,Mathematics,8.5,4.6,11,68.1,Danger,2.64,2.47,-0.16999999999999993,Other,0.54,False
ID01499,Male,21,Computer Science,8.0,1.5,9,78.2,Normal,3.77,3.87,0.10000000000000009,Other,2.58,True
ID01500,Female,23,Computer Science,6.7,1.7,13,55.0,Danger,3.37,2.88,-0.4900000000000002,Other,1.69,False
ID01501,Male,22,Psychology,6.3,9.7,9,75.2,Normal,2.76,3.26,0.5,Improve,0.34,False
ID01502,Male,20,Economics,8.0,2.7,6,70.5,Danger,3.14,3.11,-0.03000000000000025,Maintain,1.15,False
ID01503,Male,23,Economics,5.6,2.1,11,94.3,Excellent,2.67,2.86,0.18999999999999995,Other,1.36,False
ID01504,Male,19,Mathematics,7.3,8.0,10,74.9,Danger,3.85,3.91,0.06000000000000005,Maintain,0.49,True
ID01505,Male,20,Engineering,8.8,2.1,3,98.3,Excellent,3.91,4.0,0.08999999999999986,Maintain,1.9,True
ID01506,Male,24,Psychology,9.3,4.9,12,100.0,Excellent,3.45,3.74,0.29000000000000004,Other,0.76,False
ID01507,Female,22,Economics,6.2,5.0,9,96.7,Excellent,3.88,4.0,0.1200000000000001,Other,0.8,True
ID01508,Male,21,Computer Science,4.6,6.5,9,81.8,Normal,3.18,3.62,0.43999999999999995,Other,0.56,False
ID01509,Female,23,Economics,5.9,1.9,4,87.1,Normal,3.48,3.76,0.2799999999999998,Other,1.98,False
ID01510,Female,19,Engineering,8.2,2.3,11,62.1,Danger,3.71,3.38,-0.33000000000000007,Other,1.47,False
ID01511,Female,18,Business,5.9,2.7,9,83.0,Normal,3.1,3.28,0.17999999999999972,Other,1.21,False
ID01512,Female,24,Business,8.6,2.4,10,72.1,Danger,3.14,2.82,-0.3200000000000003,Other,1.18,False
ID01513,Female,18,Economics,5.9,6.3,8,95.4,Excellent,3.57,4.0,0.43000000000000016,Other,0.63,True
ID01514,Male,20,Economics,6.2,5.0,11,100.0,Excellent,3.42,3.68,0.26000000000000023,Other,0.74,False
ID01515,Male,21,Psychology,6.7,5.4,6,92.5,Excellent,2.72,2.96,0.23999999999999977,Other,0.55,False
ID01516,Male,18,Economics,8.4,1.3,8,55.1,Danger,2.01,1.67,-0.33999999999999986,Other,1.28,False
ID01517,Female,20,Engineering,4.6,4.5,6,79.6,Normal,3.01,2.96,-0.04999999999999982,Maintain,0.66,False
ID01518,Female,22,Economics,7.4,8.7,9,86.8,Normal,2.05,2.47,0.4200000000000004,Other,0.28,False
ID01519,Male,20,Mathematics,7.4,12.0,7,86.3,Normal,2.6,3.41,0.81,Improve,0.28,False
ID01520,Female,24,Engineering,5.5,3.0,6,74.0,Danger,2.66,2.64,-0.020000000000000018,Maintain,0.88,False
ID01521,Male,20,Psychology,7.5,6.6,5,88.7,Normal,2.82,3.33,0.5100000000000002,Improve,0.5,False
ID01522,Female,24,Mathematics,6.7,2.4,6,66.4,Danger,3.51,3.41,-0.09999999999999964,Maintain,1.42,False
ID01523,Male,20,Mathematics,5.3,1.4,4,70.8,Danger,3.62,3.41,-0.20999999999999996,Other,2.44,False
ID01524,Male,19,Business,6.9,1.5,7,94.7,Excellent,3.35,3.76,0.4099999999999997,Other,2.51,False
ID01525,Male,20,Engineering,5.4,8.1,11,69.8,Danger,3.42,3.59,0.16999999999999993,Other,0.44,False
ID01526,Male,23,Mathematics,6.0,3.1,6,93.1,Excellent,3.43,3.69,0.2599999999999998,Other,1.19,False
ID01527,Male,20,Psychology,8.3,2.7,6,64.5,Danger,1.85,1.82,-0.030000000000000027,Maintain,0.67,False
ID01528,Male,19,Business,6.5,6.1,12,100.0,Excellent,3.11,3.4,0.29000000000000004,Other,0.56,False
ID01529,Female,19,Mathematics,8.3,1.7,3,73.4,Danger,2.2,1.95,-0.2500000000000002,Other,1.15,False
ID01530,Male,22,Engineering,6.8,5.3,8,81.6,Normal,3.35,3.66,0.31000000000000005,Other,0.69,False
ID01531,Male,24,Business,5.6,3.5,8,90.0,Normal,2.05,2.35,0.30000000000000027,Other,0.67,False
ID01532,Female,21,Engineering,7.7,11.3,7,76.5,Normal,3.01,3.47,0.4600000000000004,Other,0.31,False
ID01533,Female,18,Engineering,7.8,3.1,7,87.2,Normal,3.37,3.78,0.4099999999999997,Other,1.22,False
ID01534,Male,18,Engineering,5.2,3.7,7,93.6,Excellent,2.54,2.75,0.20999999999999996,Other,0.74,False
ID01535,Male,20,Business,8.7,1.4,13,99.4,Excellent,3.58,3.57,-0.010000000000000231,Maintain,2.55,False
ID01536,Male,22,Mathematics,9.3,12.3,11,96.9,Excellent,3.35,3.89,0.54,Improve,0.32,True
ID01537,Male,20,Economics,7.9,3.2,11,82.4,Normal,3.29,3.76,0.46999999999999975,Other,1.17,False
ID01538,Female,18,Computer Science,7.1,9.9,4,82.8,Normal,3.45,3.92,0.46999999999999975,Other,0.4,True
ID01539,Male,24,Mathematics,10.0,1.1,7,100.0,Excellent,2.92,3.06,0.14000000000000012,Other,2.78,False
ID01540,Male,24,Business,7.8,4.7,9,99.2,Excellent,3.18,3.46,0.2799999999999998,Other,0.74,False
ID01541,Female,24,Computer Science,7.3,11.6,10,71.2,Danger,3.11,3.43,0.3200000000000003,Other,0.3,False
ID01542,Male,19,Computer Science,9.5,2.7,5,86.5,Normal,3.09,3.11,0.020000000000000018,Maintain,1.15,False
ID01543,Female,21,Computer Science,9.4,4.5,10,80.0,Normal,2.76,3.23,0.4700000000000002,Other,0.72,False
ID01544,Male,22,Economics,4.8,8.2,10,83.0,Normal,2.48,2.76,0.2799999999999998,Other,0.34,False
ID01545,Female,19,Psychology,6.2,3.2,11,66.6,Danger,2.93,2.8,-0.13000000000000034,Other,0.87,False
ID01546,Male,21,Business,7.9,1.4,10,78.8,Normal,2.9,2.77,-0.1299999999999999,Other,1.98,False
ID01547,Female,22,Economics,8.8,2.9,3,100.0,Excellent,2.73,2.91,0.18000000000000016,Other,1.0,False
ID01548,Female,22,Economics,5.3,4.8,4,93.7,Excellent,3.53,4.0,0.4700000000000002,Other,0.83,True
ID01549,Male,18,Psychology,8.4,4.7,1,47.6,Danger,2.51,2.09,-0.41999999999999993,Other,0.44,False
ID01550,Female,19,Computer Science,6.4,5.9,8,100.0,Excellent,3.01,3.54,0.5300000000000002,Improve,0.6,False
ID01551,Female,22,Psychology,8.1,2.3,17,100.0,Excellent,3.68,3.61,-0.07000000000000028,Maintain,1.57,False
ID01552,Female,23,Psychology,6.1,11.1,5,79.6,Normal,3.55,3.96,0.41000000000000014,Other,0.36,True
ID01553,Female,24,Economics,4.0,2.3,7,95.8,Excellent,3.71,3.78,0.06999999999999984,Maintain,1.64,False
ID01554,Female,22,Business,4.3,4.2,6,72.1,Danger,2.8,2.62,-0.17999999999999972,Other,0.62,False
ID01555,Male,21,Engineering,5.3,4.9,8,77.9,Normal,3.49,3.36,-0.13000000000000034,Other,0.69,False
ID01556,Male,18,Psychology,6.1,4.6,9,100.0,Excellent,2.57,2.89,0.3200000000000003,Other,0.63,False
ID01557,Female,20,Psychology,7.0,1.9,7,80.9,Normal,2.96,3.06,0.10000000000000009,Other,1.61,False
ID01558,Male,24,Computer Science,6.2,8.3,8,57.0,Danger,3.01,3.17,0.16000000000000014,Other,0.38,False
ID01559,Female,18,Computer Science,6.9,2.8,10,84.1,Normal,2.81,3.08,0.27,Other,1.1,False
ID01560,Female,20,Economics,6.3,5.1,7,83.8,Normal,2.92,3.34,0.41999999999999993,Other,0.65,False
ID01561,Male,19,Computer Science,7.0,4.5,12,100.0,Excellent,2.85,3.27,0.41999999999999993,Other,0.73,False
ID01562,Male,19,Mathematics,8.4,4.5,9,85.2,Normal,2.61,2.76,0.1499999999999999,Other,0.61,False
ID01563,Female,22,Psychology,7.0,1.3,8,78.7,Normal,3.53,3.44,-0.08999999999999986,Maintain,2.65,False
ID01564,Male,23,Computer Science,7.8,2.7,9,100.0,Excellent,3.01,3.12,0.11000000000000032,Other,1.16,False
ID01565,Female,19,Business,8.1,5.1,4,86.8,Normal,3.2,3.69,0.48999999999999977,Other,0.72,False
ID01566,Male,22,Mathematics,6.8,1.4,9,73.7,Danger,3.18,3.09,-0.0900000000000003,Maintain,2.21,False
ID01567,Female,24,Economics,4.3,3.5,6,100.0,Excellent,3.13,3.17,0.040000000000000036,Maintain,0.91,False
ID01568,Male,18,Engineering,7.4,4.3,9,87.9,Normal,3.15,3.55,0.3999999999999999,Other,0.83,False
ID01569,Female,19,Psychology,6.0,5.8,10,85.0,Normal,2.95,3.23,0.2799999999999998,Other,0.56,False
ID01570,Male,18,Psychology,8.3,4.2,11,87.7,Normal,3.81,4.0,0.18999999999999995,Other,0.95,True
ID01571,Female,18,Business,9.0,3.6,7,68.9,Danger,3.48,3.59,0.10999999999999988,Other,1.0,False
ID01572,Male,23,Engineering,6.6,4.6,9,77.1,Normal,3.11,3.36,0.25,Other,0.73,False
ID01573,Female,19,Engineering,7.2,3.4,4,85.1,Normal,2.88,3.17,0.29000000000000004,Other,0.93,False
ID01574,Female,18,Economics,8.0,2.2,3,82.1,Normal,3.04,3.39,0.3500000000000001,Other,1.54,False
ID01575,Male,23,Economics,5.8,2.9,8,100.0,Excellent,3.31,3.37,0.06000000000000005,Maintain,1.16,False
ID01576,Male,23,Mathematics,7.0,5.0,9,88.3,Normal,3.85,4.0,0.1499999999999999,Other,0.8,True
ID01577,Male,19,Psychology,4.7,3.6,8,97.8,Excellent,2.41,2.77,0.3599999999999999,Other,0.77,False
ID01578,Female,23,Computer Science,8.6,14.0,10,85.1,Normal,3.43,4.0,0.5699999999999998,Improve,0.29,True
ID01579,Female,19,Economics,9.5,1.8,7,100.0,Excellent,3.66,3.96,0.2999999999999998,Other,2.2,True
ID01580,Male,19,Business,7.1,5.0,4,91.0,Excellent,2.36,2.93,0.5700000000000003,Improve,0.59,False
ID01581,Male,20,Business,5.9,5.4,7,85.2,Normal,3.01,3.27,0.26000000000000023,Other,0.61,False
ID01582,Male,18,Business,7.4,4.2,10,84.8,Normal,2.57,2.86,0.29000000000000004,Other,0.68,False
ID01583,Female,21,Economics,5.1,3.3,10,70.7,Danger,3.32,3.21,-0.10999999999999988,Other,0.97,False
ID01584,Male,19,Economics,6.3,3.9,8,92.6,Excellent,2.92,3.33,0.41000000000000014,Other,0.85,False
ID01585,Female,18,Business,6.4,4.0,8,84.4,Normal,3.03,3.18,0.15000000000000036,Other,0.8,False
ID01586,Male,24,Economics,6.2,9.3,7,77.5,Normal,2.89,3.22,0.33000000000000007,Other,0.35,False
ID01587,Female,23,Computer Science,7.3,1.1,6,100.0,Excellent,3.46,3.47,0.010000000000000231,Maintain,3.15,False
ID01588,Male,22,Computer Science,7.7,2.2,9,66.2,Danger,3.21,3.15,-0.06000000000000005,Maintain,1.43,False
ID01589,Male,19,Mathematics,7.0,4.6,15,78.7,Normal,3.22,3.13,-0.0900000000000003,Maintain,0.68,False
ID01590,Female,23,Psychology,8.4,7.2,10,100.0,Excellent,3.18,3.61,0.4299999999999997,Other,0.5,False
ID01591,Female,23,Computer Science,7.6,2.3,11,89.7,Normal,3.39,3.58,0.18999999999999995,Other,1.56,False
ID01592,Female,23,Mathematics,6.3,1.9,8,84.3,Normal,2.97,3.21,0.23999999999999977,Other,1.69,False
ID01593,Male,23,Engineering,6.8,3.7,5,88.8,Normal,3.95,4.0,0.04999999999999982,Maintain,1.08,True
ID01594,Male,23,Psychology,6.9,2.2,7,87.7,Normal,2.48,2.68,0.20000000000000018,Other,1.22,False
ID01595,Female,19,Computer Science,6.4,3.7,8,62.3,Danger,2.24,2.36,0.11999999999999966,Other,0.64,False
ID01596,Female,24,Engineering,7.8,2.2,8,79.8,Normal,2.2,2.23,0.029999999999999805,Maintain,1.01,False
ID01597,Male,21,Mathematics,4.0,5.8,11,100.0,Excellent,2.06,2.55,0.48999999999999977,Other,0.44,False
ID01598,Male,20,Computer Science,7.0,2.3,4,75.1,Normal,3.44,3.34,-0.10000000000000009,Other,1.45,False
ID01599,Male,23,Computer Science,7.5,1.2,8,80.2,Normal,3.38,3.41,0.03000000000000025,Maintain,2.84,False
ID01600,Female,23,Economics,7.9,5.8,9,76.9,Normal,3.7,4.0,0.2999999999999998,Other,0.69,True
ID01601,Male,20,Engineering,8.7,4.0,5,83.7,Normal,2.57,2.76,0.18999999999999995,Other,0.69,False
ID01602,Male,24,Computer Science,6.8,3.1,8,76.3,Normal,3.47,3.35,-0.1200000000000001,Other,1.08,False
ID01603,Male,24,Business,8.2,3.1,8,92.3,Excellent,3.13,3.5,0.3700000000000001,Other,1.13,False
ID01604,Male,19,Economics,7.9,4.3,7,88.0,Normal,3.18,3.42,0.23999999999999977,Other,0.8,False
ID01605,Male,18,Economics,7.4,1.9,9,96.6,Excellent,3.41,3.67,0.2599999999999998,Other,1.93,False
ID01606,Male,22,Computer Science,4.9,1.5,8,69.2,Danger,2.72,2.65,-0.07000000000000028,Maintain,1.77,False
ID01607,Male,22,Economics,8.6,2.3,11,79.9,Normal,4.0,3.96,-0.040000000000000036,Maintain,1.72,True
ID01608,Female,18,Psychology,7.1,3.3,4,81.6,Normal,3.77,3.9,0.1299999999999999,Other,1.18,True
ID01609,Male,19,Engineering,6.6,2.2,9,91.8,Excellent,2.83,2.97,0.14000000000000012,Other,1.35,False
ID01610,Male,22,Psychology,5.3,9.2,8,73.1,Danger,2.55,2.92,0.3700000000000001,Other,0.32,False
ID01611,Female,24,Mathematics,4.0,2.3,4,98.7,Excellent,3.06,3.25,0.18999999999999995,Other,1.41,False
ID01612,Female,20,Psychology,9.9,4.1,10,100.0,Excellent,3.19,3.52,0.33000000000000007,Other,0.86,False
ID01613,Male,18,Business,7.5,5.2,5,70.2,Danger,3.63,3.7,0.07000000000000028,Maintain,0.71,False
ID01614,Male,24,Economics,5.3,7.7,7,77.6,Normal,2.52,2.75,0.22999999999999998,Other,0.36,False
ID01615,Male,21,Economics,5.1,10.1,10,77.0,Normal,3.24,3.41,0.16999999999999993,Other,0.34,False
ID01616,Female,19,Business,6.6,12.2,6,100.0,Excellent,2.34,2.99,0.6500000000000004,Improve,0.25,False
ID01617,Female,18,Economics,8.2,7.5,4,78.6,Normal,3.32,3.64,0.3200000000000003,Other,0.49,False
ID01618,Female,22,Psychology,7.9,6.8,6,100.0,Excellent,3.05,3.4,0.3500000000000001,Other,0.5,False
ID01619,Female,19,Mathematics,8.0,2.0,11,66.0,Danger,4.0,4.0,0.0,Maintain,2.0,True
ID01620,Female,20,Computer Science,5.7,5.4,11,70.2,Danger,2.33,2.52,0.18999999999999995,Other,0.47,False
ID01621,Male,19,Business,6.7,3.4,11,74.7,Danger,3.79,3.9,0.10999999999999988,Other,1.15,True
ID01622,Male,19,Psychology,7.2,3.4,9,72.3,Danger,2.25,2.3,0.04999999999999982,Maintain,0.68,False
ID01623,Female,20,Psychology,6.9,3.1,8,81.0,Normal,2.44,2.55,0.10999999999999988,Other,0.82,False
ID01624,Female,23,Psychology,7.8,2.0,10,74.4,Danger,2.26,2.26,0.0,Maintain,1.13,False
ID01625,Male,20,Computer Science,9.4,2.8,6,72.7,Danger,3.23,3.23,0.0,Maintain,1.15,False
ID01626,Female,24,Engineering,7.3,2.2,5,100.0,Excellent,2.51,2.86,0.3500000000000001,Other,1.3,False
ID01627,Male,19,Economics,6.1,1.1,11,100.0,Excellent,2.43,2.5,0.06999999999999984,Maintain,2.27,False
ID01628,Male,20,Economics,4.8,8.3,8,99.2,Excellent,3.2,3.68,0.48,Other,0.44,False
ID01629,Male,23,Mathematics,7.3,4.0,8,92.9,Excellent,3.33,3.7,0.3700000000000001,Other,0.92,False
ID01630,Male,24,Engineering,6.0,4.1,8,86.4,Normal,3.12,3.54,0.41999999999999993,Other,0.86,False
ID01631,Female,18,Economics,7.6,3.8,9,77.5,Normal,3.02,3.19,0.16999999999999993,Other,0.84,False
ID01632,Male,20,Mathematics,7.5,7.1,7,70.7,Danger,4.0,4.0,0.0,Maintain,0.56,True
ID01633,Female,20,Mathematics,9.3,4.4,4,90.4,Excellent,3.17,3.3,0.1299999999999999,Other,0.75,False
ID01634,Female,19,Psychology,7.3,8.5,7,67.4,Danger,3.5,3.58,0.08000000000000007,Maintain,0.42,False
ID01635,Female,24,Business,7.7,5.7,9,70.1,Danger,3.17,3.16,-0.009999999999999787,Maintain,0.55,False
ID01636,Male,18,Psychology,6.0,2.5,5,100.0,Excellent,2.55,2.64,0.0900000000000003,Maintain,1.06,False
ID01637,Male,21,Computer Science,4.9,7.8,9,100.0,Excellent,3.37,3.78,0.4099999999999997,Other,0.48,False
ID01638,Male,21,Economics,8.6,4.8,6,90.9,Excellent,2.77,2.97,0.20000000000000018,Other,0.62,False
ID01639,Female,22,Mathematics,8.8,3.8,12,100.0,Excellent,3.05,3.09,0.040000000000000036,Maintain,0.81,False
ID01640,Female,20,Business,6.5,6.7,5,81.3,Normal,3.25,3.57,0.31999999999999984,Other,0.53,False
ID01641,Male,20,Economics,4.1,4.1,9,64.9,Danger,2.13,2.04,-0.08999999999999986,Maintain,0.5,False
ID01642,Female,18,Mathematics,9.0,6.0,2,94.2,Excellent,2.3,2.83,0.5300000000000002,Improve,0.47,False
ID01643,Male,23,Mathematics,8.8,1.8,11,93.5,Excellent,3.55,3.89,0.3400000000000003,Other,2.16,True
ID01644,Female,21,Psychology,6.8,4.1,8,86.1,Normal,2.77,2.95,0.18000000000000016,Other,0.72,False
ID01645,Male,22,Business,8.6,2.6,10,81.4,Normal,2.79,3.1,0.31000000000000005,Other,1.19,False
ID01646,Female,18,Business,6.9,12.0,11,99.4,Excellent,3.18,3.92,0.7399999999999998,Improve,0.33,True
ID01647,Male,20,Economics,7.3,8.2,8,70.2,Danger,2.91,3.22,0.31000000000000005,Other,0.39,False
ID01648,Female,21,Mathematics,4.6,4.5,11,73.4,Danger,3.31,3.29,-0.020000000000000018,Maintain,0.73,False
ID01649,Female,24,Business,8.8,7.8,9,69.9,Danger,3.07,3.38,0.31000000000000005,Other,0.43,False
ID01650,Female,22,Business,4.4,2.6,8,86.3,Normal,3.2,3.37,0.16999999999999993,Other,1.3,False
ID01651,Male,19,Economics,9.6,3.0,11,68.7,Danger,2.75,2.52,-0.22999999999999998,Other,0.84,False
ID01652,Male,21,Psychology,9.7,0.9,7,74.7,Danger,3.2,3.11,-0.0900000000000003,Maintain,3.46,False
ID01653,Male,22,Engineering,4.0,5.8,8,74.4,Danger,3.65,3.7,0.050000000000000266,Maintain,0.64,False
ID01654,Male,18,Computer Science,9.3,0.8,8,81.1,Normal,2.82,2.76,-0.06000000000000005,Maintain,3.45,False
ID01655,Male,19,Engineering,6.6,2.8,14,62.7,Danger,3.56,3.53,-0.03000000000000025,Maintain,1.26,False
ID01656,Female,22,Business,7.6,1.7,7,86.3,Normal,3.07,3.38,0.31000000000000005,Other,1.99,False
ID01657,Female,22,Mathematics,4.9,7.0,8,100.0,Excellent,3.47,3.79,0.31999999999999984,Other,0.54,False
ID01658,Male,20,Computer Science,6.5,11.3,7,87.0,Normal,3.16,4.0,0.8399999999999999,Improve,0.35,True
ID01659,Male,23,Computer Science,5.2,6.4,10,100.0,Excellent,3.08,3.59,0.5099999999999998,Improve,0.56,False
ID01660,Male,21,Mathematics,5.8,5.7,8,100.0,Excellent,3.27,3.63,0.3599999999999999,Other,0.64,False
ID01661,Female,20,Computer Science,8.8,4.6,5,96.7,Excellent,3.71,3.81,0.10000000000000009,Other,0.83,False
ID01662,Male,24,Mathematics,8.5,4.3,4,86.1,Normal,3.22,3.52,0.2999999999999998,Other,0.82,False
ID01663,Female,19,Computer Science,8.2,2.3,4,85.3,Normal,3.34,3.47,0.13000000000000034,Other,1.51,False
ID01664,Male,23,Economics,6.2,1.3,11,96.5,Excellent,2.92,3.22,0.30000000000000027,Other,2.48,False
ID01665,Female,22,Economics,6.0,4.3,8,79.1,Normal,3.89,3.86,-0.03000000000000025,Maintain,0.9,False
ID01666,Female,20,Engineering,4.5,4.9,7,56.8,Danger,3.42,3.16,-0.2599999999999998,Other,0.64,False
ID01667,Male,23,Computer Science,8.0,4.9,6,92.4,Excellent,3.14,3.56,0.41999999999999993,Other,0.73,False
ID01668,Female,24,Psychology,9.9,5.3,4,68.0,Danger,3.04,3.07,0.029999999999999805,Maintain,0.58,False
ID01669,Male,21,Mathematics,9.2,6.1,4,70.6,Danger,3.59,3.49,-0.09999999999999964,Maintain,0.57,False
ID01670,Female,24,Computer Science,7.0,4.2,9,85.0,Normal,2.8,3.16,0.3600000000000003,Other,0.75,False
ID01671,Male,19,Economics,7.7,2.2,10,83.6,Normal,2.21,2.49,0.28000000000000025,Other,1.13,False
ID01672,Female,18,Economics,7.4,5.2,7,63.8,Danger,3.14,3.42,0.2799999999999998,Other,0.66,False
ID01673,Female,20,Mathematics,8.4,5.9,9,87.5,Normal,3.7,4.0,0.2999999999999998,Other,0.68,True
ID01674,Female,19,Psychology,9.6,3.3,12,99.5,Excellent,3.9,4.0,0.10000000000000009,Other,1.21,True
ID01675,Female,18,Computer Science,6.1,5.9,8,68.1,Danger,3.05,3.22,0.17000000000000037,Other,0.55,False
ID01676,Male,20,Computer Science,6.2,4.3,12,100.0,Excellent,3.12,3.36,0.23999999999999977,Other,0.78,False
ID01677,Male,19,Psychology,6.6,2.0,14,61.6,Danger,3.36,3.18,-0.17999999999999972,Other,1.59,False
ID01678,Male,24,Psychology,7.0,13.5,9,100.0,Excellent,2.97,3.89,0.9199999999999999,Improve,0.29,True
ID01679,Male,19,Psychology,8.1,3.2,8,78.8,Normal,3.36,3.28,-0.08000000000000007,Maintain,1.02,False
ID01680,Female,23,Economics,6.9,2.1,5,87.2,Normal,3.06,3.47,0.41000000000000014,Other,1.65,False
ID01681,Male,24,Mathematics,5.7,2.6,6,56.6,Danger,3.61,3.35,-0.2599999999999998,Other,1.29,False
ID01682,Female,20,Psychology,5.7,0.6,7,84.1,Normal,3.46,3.46,0.0,Maintain,5.77,False
ID01683,Female,19,Mathematics,5.2,3.4,10,88.4,Normal,3.51,3.57,0.06000000000000005,Maintain,1.05,False
ID01684,Female,22,Engineering,6.8,8.4,5,83.7,Normal,3.0,3.51,0.5099999999999998,Improve,0.42,False
ID01685,Male,20,Computer Science,8.6,4.5,6,76.6,Normal,4.0,3.8,-0.20000000000000018,Other,0.84,False
ID01686,Female,19,Computer Science,7.6,2.4,10,70.8,Danger,3.34,3.42,0.08000000000000007,Maintain,1.42,False
ID01687,Female,23,Business,7.8,3.9,6,100.0,Excellent,3.22,3.42,0.19999999999999973,Other,0.88,False
ID01688,Male,18,Engineering,5.4,0.9,6,85.5,Normal,2.72,2.96,0.23999999999999977,Other,3.29,False
ID01689,Female,18,Psychology,5.2,3.9,2,100.0,Excellent,3.05,3.26,0.20999999999999996,Other,0.84,False
ID01690,Female,22,Psychology,7.3,3.3,8,77.1,Normal,3.16,3.09,-0.07000000000000028,Maintain,0.94,False
ID01691,Male,20,Economics,8.9,6.8,8,78.5,Normal,2.71,2.8,0.08999999999999986,Maintain,0.41,False
ID01692,Male,23,Engineering,8.3,4.9,8,97.2,Excellent,2.95,3.29,0.33999999999999986,Other,0.67,False
ID01693,Male,19,Psychology,6.0,2.1,11,60.7,Danger,3.02,3.06,0.040000000000000036,Maintain,1.46,False
ID01694,Male,19,Business,10.0,6.7,8,66.8,Danger,3.13,3.15,0.020000000000000018,Maintain,0.47,False
ID01695,Male,18,Mathematics,4.0,8.0,7,100.0,Excellent,2.22,2.86,0.6399999999999997,Improve,0.36,False
ID01696,Male,23,Computer Science,7.0,5.0,6,67.4,Danger,3.03,3.1,0.07000000000000028,Maintain,0.62,False
ID01697,Male,24,Engineering,7.2,3.5,7,57.7,Danger,2.91,2.77,-0.14000000000000012,Other,0.79,False
ID01698,Male,22,Computer Science,6.7,2.9,11,100.0,Excellent,3.09,3.2,0.11000000000000032,Other,1.1,False
ID01699,Female,18,Mathematics,7.8,9.5,9,64.1,Danger,3.62,4.0,0.3799999999999999,Other,0.42,True
ID01700,Male,18,Engineering,6.7,4.8,7,87.8,Normal,4.0,4.0,0.0,Maintain,0.83,True
ID01701,Female,22,Mathematics,4.8,4.2,4,86.0,Normal,3.44,3.76,0.31999999999999984,Other,0.9,False
ID01702,Male,20,Psychology,6.9,1.8,6,42.8,Danger,2.48,2.07,-0.41000000000000014,Other,1.15,False
ID01703,Male,19,Psychology,7.2,2.3,15,81.0,Normal,2.93,3.21,0.2799999999999998,Other,1.4,False
ID01704,Male,20,Psychology,8.4,1.5,15,91.7,Excellent,3.4,3.7,0.30000000000000027,Other,2.47,False
ID01705,Male,23,Mathematics,9.1,3.5,5,90.3,Excellent,3.34,3.52,0.18000000000000016,Other,1.01,False
ID01706,Male,24,Mathematics,5.7,2.8,12,98.6,Excellent,3.59,3.62,0.03000000000000025,Maintain,1.29,False
ID01707,Female,21,Mathematics,9.5,4.4,11,79.2,Normal,3.05,3.11,0.06000000000000005,Maintain,0.71,False
ID01708,Male,21,Computer Science,6.4,7.4,7,95.7,Excellent,2.92,3.44,0.52,Improve,0.46,False
ID01709,Female,21,Mathematics,6.2,5.9,8,74.7,Danger,3.98,4.0,0.020000000000000018,Maintain,0.68,True
ID01710,Female,22,Psychology,6.4,6.6,6,63.8,Danger,3.13,3.42,0.29000000000000004,Other,0.52,False
ID01711,Male,18,Business,4.1,7.3,11,65.5,Danger,2.59,2.73,0.14000000000000012,Other,0.37,False
ID01712,Male,24,Mathematics,6.4,2.4,6,63.1,Danger,3.84,3.86,0.020000000000000018,Maintain,1.61,False
ID01713,Female,20,Business,9.0,3.1,10,100.0,Excellent,2.35,2.73,0.3799999999999999,Other,0.88,False
ID01714,Male,19,Psychology,7.7,2.8,8,62.3,Danger,1.35,1.16,-0.19000000000000017,Other,0.41,False
ID01715,Male,21,Mathematics,7.3,6.1,8,89.1,Normal,3.48,3.84,0.3599999999999999,Other,0.63,False
ID01716,Female,20,Computer Science,7.5,1.8,10,81.0,Normal,3.56,3.96,0.3999999999999999,Other,2.2,True
ID01717,Male,21,Computer Science,8.9,8.6,11,83.5,Normal,3.31,3.91,0.6000000000000001,Improve,0.45,True
ID01718,Female,24,Business,5.7,3.0,9,100.0,Excellent,2.45,2.53,0.07999999999999963,Maintain,0.84,False
ID01719,Female,21,Economics,8.4,1.9,8,78.4,Normal,3.07,2.78,-0.29000000000000004,Other,1.46,False
ID01720,Male,19,Computer Science,7.1,3.1,8,94.2,Excellent,2.96,3.4,0.43999999999999995,Other,1.1,False
ID01721,Male,23,Computer Science,5.8,3.3,8,85.6,Normal,2.83,3.07,0.23999999999999977,Other,0.93,False
ID01722,Male,23,Computer Science,7.7,3.5,11,82.7,Normal,3.81,4.0,0.18999999999999995,Other,1.14,True
ID01723,Male,24,Psychology,7.1,3.6,6,100.0,Excellent,2.58,3.08,0.5,Improve,0.86,False
ID01724,Male,23,Computer Science,5.8,7.3,11,63.4,Danger,3.26,3.2,-0.05999999999999961,Maintain,0.44,False
ID01725,Female,22,Engineering,5.4,4.8,3,100.0,Excellent,3.7,4.0,0.2999999999999998,Other,0.83,True
ID01726,Male,18,Mathematics,6.3,1.8,17,94.8,Excellent,3.29,3.32,0.029999999999999805,Maintain,1.84,False
ID01727,Male,22,Computer Science,6.2,3.2,9,77.8,Normal,3.72,3.86,0.13999999999999968,Other,1.21,False
ID01728,Female,20,Economics,8.8,2.8,13,100.0,Excellent,3.38,3.62,0.2400000000000002,Other,1.29,False
ID01729,Female,22,Economics,6.7,4.1,8,57.3,Danger,3.31,2.99,-0.31999999999999984,Other,0.73,False
ID01730,Female,20,Computer Science,6.4,3.8,7,77.2,Normal,3.28,3.36,0.08000000000000007,Maintain,0.88,False
ID01731,Male,20,Computer Science,8.7,10.1,4,66.9,Danger,3.41,3.67,0.2599999999999998,Other,0.36,False
ID01732,Female,18,Engineering,9.0,6.6,4,91.2,Excellent,2.91,3.46,0.5499999999999998,Improve,0.52,False
ID01733,Male,19,Computer Science,5.8,5.6,11,68.3,Danger,2.45,2.5,0.04999999999999982,Maintain,0.45,False
ID01734,Male,24,Computer Science,5.1,0.8,11,91.5,Excellent,3.58,3.48,-0.10000000000000009,Other,4.35,False
ID01735,Male,18,Mathematics,7.8,6.4,6,82.2,Normal,3.68,4.0,0.31999999999999984,Other,0.62,True
ID01736,Female,24,Economics,6.7,1.1,7,77.8,Normal,3.23,2.96,-0.27,Other,2.69,False
ID01737,Male,23,Engineering,6.2,3.0,9,90.8,Excellent,2.83,3.31,0.48,Other,1.1,False
ID01738,Male,23,Economics,8.6,3.2,5,81.0,Normal,2.32,2.52,0.20000000000000018,Other,0.79,False
ID01739,Male,22,Engineering,6.6,7.1,10,68.7,Danger,3.14,3.53,0.3899999999999997,Other,0.5,False
ID01740,Male,20,Economics,9.9,2.1,6,100.0,Excellent,2.43,2.4,-0.03000000000000025,Maintain,1.14,False
ID01741,Female,21,Computer Science,7.1,3.6,5,77.7,Normal,2.36,2.4,0.040000000000000036,Maintain,0.67,False
ID01742,Female,21,Economics,7.2,1.6,8,51.7,Danger,3.09,2.61,-0.48,Other,1.63,False
ID01743,Female,24,Economics,10.0,5.3,8,72.4,Danger,2.72,2.79,0.06999999999999984,Maintain,0.53,False
ID01744,Male,20,Engineering,7.5,3.0,11,66.0,Danger,3.27,3.27,0.0,Maintain,1.09,False
ID01745,Male,24,Business,5.9,4.4,11,97.4,Excellent,3.02,3.32,0.2999999999999998,Other,0.75,False
ID01746,Male,18,Engineering,5.5,0.5,10,89.8,Normal,2.8,2.82,0.020000000000000018,Maintain,5.64,False
ID01747,Male,19,Engineering,6.3,1.9,10,91.0,Excellent,2.25,2.32,0.06999999999999984,Maintain,1.22,False
ID01748,Male,18,Engineering,7.4,4.5,4,79.4,Normal,2.67,2.59,-0.08000000000000007,Maintain,0.58,False
ID01749,Female,20,Psychology,8.4,5.8,6,80.8,Normal,2.69,3.17,0.48,Other,0.55,False
ID01750,Male,20,Psychology,4.7,8.7,9,79.4,Normal,2.49,2.76,0.2699999999999996,Other,0.32,False
ID01751,Male,19,Psychology,7.0,8.0,9,83.8,Normal,2.94,3.6,0.6600000000000001,Improve,0.45,False
ID01752,Male,24,Engineering,8.9,2.7,10,97.5,Excellent,2.53,2.56,0.03000000000000025,Maintain,0.95,False
ID01753,Male,22,Business,7.4,4.3,7,90.0,Normal,3.02,3.2,0.18000000000000016,Other,0.74,False
ID01754,Male,22,Engineering,9.0,6.1,7,92.5,Excellent,3.22,3.38,0.1599999999999997,Other,0.55,False
ID01755,Female,19,Computer Science,4.7,4.8,11,92.5,Excellent,2.69,2.99,0.30000000000000027,Other,0.62,False
ID01756,Female,22,Business,6.7,3.2,12,98.3,Excellent,3.31,3.62,0.31000000000000005,Other,1.13,False
ID01757,Female,21,Psychology,7.2,4.5,7,89.3,Normal,2.42,2.64,0.2200000000000002,Other,0.59,False
ID01758,Male,22,Economics,7.8,8.3,5,90.4,Excellent,2.54,3.04,0.5,Improve,0.37,False
ID01759,Male,22,Economics,5.7,3.9,6,100.0,Excellent,3.04,3.3,0.2599999999999998,Other,0.85,False
ID01760,Male,22,Mathematics,7.6,5.4,12,75.0,Danger,3.44,3.63,0.18999999999999995,Other,0.67,False
ID01761,Male,21,Business,7.7,4.6,8,72.2,Danger,3.53,3.73,0.20000000000000018,Other,0.81,False
ID01762,Female,24,Psychology,6.9,2.6,9,67.2,Danger,3.91,3.95,0.040000000000000036,Maintain,1.52,True
ID01763,Male,22,Business,7.7,7.1,13,87.7,Normal,2.91,3.23,0.31999999999999984,Other,0.45,False
ID01764,Male,23,Business,7.5,4.0,11,57.2,Danger,3.04,2.82,-0.2200000000000002,Other,0.7,False
ID01765,Male,21,Economics,6.0,3.2,5,91.9,Excellent,2.58,2.73,0.1499999999999999,Other,0.85,False
ID01766,Male,19,Engineering,6.8,4.6,6,83.4,Normal,2.47,2.88,0.4099999999999997,Other,0.63,False
ID01767,Female,18,Computer Science,5.1,7.5,10,100.0,Excellent,3.21,3.59,0.3799999999999999,Other,0.48,False
ID01768,Male,19,Mathematics,4.8,4.4,10,74.9,Danger,2.71,2.59,-0.1200000000000001,Other,0.59,False
ID01769,Male,18,Psychology,7.4,4.4,10,82.0,Normal,3.72,4.0,0.2799999999999998,Other,0.91,True
ID01770,Male,19,Business,4.2,5.3,13,100.0,Excellent,2.37,2.64,0.27,Other,0.5,False
ID01771,Male,23,Mathematics,6.6,6.0,7,100.0,Excellent,3.34,3.92,0.5800000000000001,Improve,0.65,True
ID01772,Female,18,Business,7.6,3.4,10,74.8,Danger,2.6,2.51,-0.0900000000000003,Maintain,0.74,False
ID01773,Female,18,Economics,7.0,3.7,11,87.7,Normal,2.69,2.88,0.18999999999999995,Other,0.78,False
ID01774,Female,20,Computer Science,10.0,3.3,5,89.4,Normal,3.37,3.72,0.3500000000000001,Other,1.13,False
ID01775,Female,18,Economics,7.6,5.3,8,90.6,Excellent,2.76,3.07,0.31000000000000005,Other,0.58,False
ID01776,Male,18,Mathematics,6.6,4.0,9,81.1,Normal,2.84,3.0,0.16000000000000014,Other,0.75,False
ID01777,Female,20,Psychology,7.9,4.1,5,100.0,Excellent,2.69,3.0,0.31000000000000005,Other,0.73,False
ID01778,Male,22,Business,5.0,4.2,9,56.7,Danger,3.99,3.78,-0.2100000000000004,Other,0.9,False
ID01779,Male,22,Computer Science,8.5,1.7,4,78.7,Normal,2.79,2.6,-0.18999999999999995,Other,1.53,False
ID01780,Female,20,Economics,6.2,5.7,11,91.7,Excellent,3.13,3.55,0.41999999999999993,Other,0.62,False
ID01781,Male,21,Mathematics,8.7,3.3,5,91.9,Excellent,3.0,3.03,0.029999999999999805,Maintain,0.92,False
ID01782,Female,18,Economics,7.6,4.0,6,100.0,Excellent,3.21,3.64,0.43000000000000016,Other,0.91,False
ID01783,Male,18,Business,7.9,3.0,16,100.0,Excellent,2.79,2.73,-0.06000000000000005,Maintain,0.91,False
ID01784,Female,20,Business,6.2,2.1,7,80.7,Normal,3.0,3.35,0.3500000000000001,Other,1.6,False
ID01785,Female,20,Psychology,5.3,4.4,10,100.0,Excellent,3.3,3.53,0.22999999999999998,Other,0.8,False
ID01786,Female,21,Computer Science,5.3,5.1,6,74.3,Danger,2.67,2.69,0.020000000000000018,Maintain,0.53,False
ID01787,Female,23,Engineering,4.4,13.4,5,99.0,Excellent,3.64,4.0,0.3599999999999999,Other,0.3,True
ID01788,Female,22,Economics,6.4,2.8,4,100.0,Excellent,3.69,3.86,0.16999999999999993,Other,1.38,False
ID01789,Male,19,Business,6.1,6.3,8,100.0,Excellent,3.4,3.78,0.3799999999999999,Other,0.6,False
ID01790,Male,23,Mathematics,8.5,3.3,6,86.6,Normal,3.13,3.38,0.25,Other,1.02,False
ID01791,Male,24,Economics,5.4,6.6,7,80.0,Normal,1.6,2.11,0.5099999999999998,Improve,0.32,False
ID01792,Female,22,Psychology,10.0,5.6,8,62.1,Danger,3.31,3.52,0.20999999999999996,Other,0.63,False
ID01793,Male,18,Psychology,5.5,2.9,10,89.7,Normal,2.9,3.1,0.20000000000000018,Other,1.07,False
ID01794,Female,24,Business,5.6,2.0,8,68.3,Danger,2.98,2.66,-0.31999999999999984,Other,1.33,False
ID01795,Male,23,Business,4.8,1.6,8,73.1,Danger,2.15,2.16,0.010000000000000231,Maintain,1.35,False
ID01796,Male,20,Business,7.0,6.9,10,67.1,Danger,3.35,3.51,0.1599999999999997,Other,0.51,False
ID01797,Female,21,Engineering,6.5,2.3,14,78.1,Normal,2.38,2.19,-0.18999999999999995,Other,0.95,False
ID01798,Male,22,Business,6.8,1.4,9,84.6,Normal,3.16,3.57,0.4099999999999997,Other,2.55,False
ID01799,Male,21,Economics,7.6,6.9,11,89.1,Normal,3.55,3.96,0.41000000000000014,Other,0.57,True
ID01800,Male,24,Economics,8.5,4.1,6,76.0,Normal,2.87,2.89,0.020000000000000018,Maintain,0.7,False
ID01801,Female,22,Computer Science,5.2,3.4,6,100.0,Excellent,3.71,3.79,0.08000000000000007,Maintain,1.11,False
ID01802,Female,23,Mathematics,7.0,6.0,14,81.9,Normal,2.73,3.27,0.54,Improve,0.55,False
ID01803,Male,18,Business,8.3,3.3,10,73.2,Danger,3.4,3.51,0.10999999999999988,Other,1.06,False
ID01804,Male,19,Economics,5.4,5.7,7,88.4,Normal,2.45,2.98,0.5299999999999998,Improve,0.52,False
ID01805,Male,21,Economics,10.0,2.9,14,100.0,Excellent,3.62,3.67,0.04999999999999982,Maintain,1.27,False
ID01806,Female,21,Economics,10.0,8.3,10,90.0,Normal,3.54,4.0,0.45999999999999996,Other,0.48,True
ID01807,Female,19,Engineering,6.9,2.6,8,79.6,Normal,3.33,3.38,0.04999999999999982,Maintain,1.3,False
ID01808,Male,21,Mathematics,5.3,5.7,9,62.1,Danger,2.9,3.06,0.16000000000000014,Other,0.54,False
ID01809,Male,21,Psychology,5.5,7.5,9,81.7,Normal,2.4,2.76,0.3599999999999999,Other,0.37,False
ID01810,Male,22,Economics,7.4,0.3,4,88.5,Normal,2.9,3.03,0.1299999999999999,Other,10.1,False
ID01811,Female,22,Business,8.0,5.4,4,79.2,Normal,3.66,3.72,0.06000000000000005,Maintain,0.69,False
ID01812,Female,19,Economics,4.2,2.6,8,60.0,Danger,3.16,3.15,-0.010000000000000231,Maintain,1.21,False
ID01813,Male,24,Mathematics,5.6,6.0,10,72.2,Danger,2.32,2.49,0.17000000000000037,Other,0.42,False
ID01814,Male,18,Psychology,7.2,4.6,11,100.0,Excellent,2.54,2.82,0.2799999999999998,Other,0.61,False
ID01815,Male,23,Engineering,4.9,5.3,10,100.0,Excellent,3.73,4.0,0.27,Other,0.75,True
ID01816,Female,23,Computer Science,6.6,3.9,10,71.7,Danger,3.34,3.24,-0.09999999999999964,Maintain,0.83,False
ID01817,Male,24,Business,7.6,7.7,7,95.1,Excellent,2.48,2.82,0.33999999999999986,Other,0.37,False
ID01818,Female,21,Computer Science,6.8,1.6,6,67.3,Danger,2.22,2.19,-0.03000000000000025,Maintain,1.37,False
ID01819,Female,18,Engineering,5.9,7.3,5,100.0,Excellent,2.79,3.34,0.5499999999999998,Improve,0.46,False
ID01820,Male,19,Mathematics,7.1,2.9,8,88.7,Normal,2.17,2.63,0.45999999999999996,Other,0.91,False
ID01821,Male,24,Mathematics,7.8,1.1,6,99.2,Excellent,3.02,3.27,0.25,Other,2.97,False
ID01822,Male,19,Engineering,5.6,4.2,4,59.3,Danger,4.0,3.78,-0.2200000000000002,Other,0.9,False
ID01823,Female,22,Economics,7.5,2.7,11,95.2,Excellent,2.3,2.55,0.25,Other,0.94,False
ID01824,Female,21,Engineering,7.5,5.2,8,84.9,Normal,3.01,3.57,0.56,Improve,0.69,False
ID01825,Female,20,Business,7.8,5.5,7,97.8,Excellent,3.76,4.0,0.2400000000000002,Other,0.73,True
ID01826,Male,19,Psychology,7.4,3.7,10,98.7,Excellent,3.47,3.73,0.2599999999999998,Other,1.01,False
ID01827,Male,24,Computer Science,7.2,5.4,12,86.0,Normal,3.03,3.49,0.4600000000000004,Other,0.65,False
ID01828,Female,21,Computer Science,6.8,4.8,12,76.0,Normal,3.03,2.94,-0.08999999999999986,Maintain,0.61,False
ID01829,Female,18,Mathematics,6.6,4.2,9,96.7,Excellent,2.52,2.74,0.2200000000000002,Other,0.65,False
ID01830,Male,24,Economics,8.1,3.6,6,84.1,Normal,2.97,3.38,0.4099999999999997,Other,0.94,False
ID01831,Female,22,Mathematics,6.9,3.0,6,71.9,Danger,3.22,3.02,-0.20000000000000018,Other,1.01,False
ID01832,Female,23,Business,7.8,10.2,3,71.2,Danger,3.65,3.89,0.2400000000000002,Other,0.38,True
ID01833,Female,18,Engineering,7.8,4.0,4,62.8,Danger,2.79,2.7,-0.08999999999999986,Maintain,0.68,False
ID01834,Female,19,Computer Science,5.6,4.9,10,77.3,Normal,3.01,3.08,0.07000000000000028,Maintain,0.63,False
ID01835,Female,19,Business,6.5,5.8,16,100.0,Excellent,2.63,2.61,-0.020000000000000018,Maintain,0.45,False
ID01836,Female,18,Mathematics,6.9,3.5,5,87.7,Normal,3.21,3.34,0.1299999999999999,Other,0.95,False
ID01837,Male,19,Mathematics,7.1,5.1,6,77.1,Normal,3.49,3.77,0.2799999999999998,Other,0.74,False
ID01838,Male,24,Computer Science,7.6,9.7,9,97.1,Excellent,3.41,4.0,0.5899999999999999,Improve,0.41,True
ID01839,Female,21,Mathematics,7.3,2.6,6,72.5,Danger,2.51,2.43,-0.07999999999999963,Maintain,0.93,False
ID01840,Male,19,Economics,7.1,9.7,4,86.4,Normal,3.17,3.65,0.48,Other,0.38,False
ID01841,Male,22,Mathematics,6.3,6.1,7,82.3,Normal,2.76,3.29,0.5300000000000002,Improve,0.54,False
ID01842,Male,21,Psychology,8.6,2.9,8,96.7,Excellent,3.61,3.96,0.3500000000000001,Other,1.37,True
ID01843,Male,24,Engineering,7.5,2.5,13,61.3,Danger,3.02,3.18,0.16000000000000014,Other,1.27,False
ID01844,Female,20,Mathematics,6.8,9.6,7,72.2,Danger,2.34,2.52,0.18000000000000016,Other,0.26,False
ID01845,Female,19,Psychology,6.4,7.0,8,60.4,Danger,2.99,3.23,0.23999999999999977,Other,0.46,False
ID01846,Male,19,Business,7.4,3.8,7,81.1,Normal,3.33,3.64,0.31000000000000005,Other,0.96,False
ID01847,Male,22,Mathematics,7.0,3.1,5,100.0,Excellent,3.22,3.39,0.16999999999999993,Other,1.09,False
ID01848,Male,24,Economics,4.7,2.9,6,77.4,Normal,2.84,2.86,0.020000000000000018,Maintain,0.99,False
ID01849,Female,22,Business,5.5,3.7,8,77.3,Normal,2.81,2.86,0.04999999999999982,Maintain,0.77,False
ID01850,Female,23,Mathematics,9.0,3.9,6,98.1,Excellent,2.61,3.04,0.43000000000000016,Other,0.78,False
ID01851,Male,24,Computer Science,7.6,4.5,9,100.0,Excellent,2.9,3.11,0.20999999999999996,Other,0.69,False
ID01852,Female,18,Psychology,6.0,2.3,7,83.7,Normal,2.67,2.83,0.16000000000000014,Other,1.23,False
ID01853,Female,18,Psychology,6.4,2.8,9,95.3,Excellent,3.59,4.0,0.41000000000000014,Other,1.43,True
ID01854,Female,18,Computer Science,5.7,3.6,16,68.8,Danger,2.65,2.24,-0.4099999999999997,Other,0.62,False
ID01855,Female,22,Engineering,6.2,11.6,10,100.0,Excellent,3.16,3.88,0.7199999999999998,Improve,0.33,True
ID01856,Male,18,Economics,8.5,4.8,11,100.0,Excellent,3.13,3.46,0.33000000000000007,Other,0.72,False
ID01857,Female,24,Psychology,6.7,1.8,2,92.8,Excellent,3.57,3.77,0.20000000000000018,Other,2.09,False
ID01858,Male,18,Business,8.2,2.3,6,53.7,Danger,3.64,3.02,-0.6200000000000001,Decline,1.31,False
ID01859,Female,20,Economics,9.4,9.6,8,76.6,Normal,3.45,3.72,0.27,Other,0.39,False
ID01860,Female,18,Psychology,6.4,7.8,6,94.2,Excellent,3.28,3.71,0.43000000000000016,Other,0.48,False
ID01861,Female,19,Engineering,5.1,3.3,10,78.7,Normal,2.58,2.68,0.10000000000000009,Other,0.81,False
ID01862,Female,23,Business,7.6,5.4,8,100.0,Excellent,2.57,3.07,0.5,Improve,0.57,False
ID01863,Male,22,Economics,5.8,5.1,7,93.8,Excellent,2.68,3.12,0.43999999999999995,Other,0.61,False
ID01864,Male,21,Business,7.0,4.1,3,74.4,Danger,3.48,3.72,0.2400000000000002,Other,0.91,False
ID01865,Female,23,Computer Science,7.3,2.5,5,85.5,Normal,3.14,3.24,0.10000000000000009,Other,1.3,False
ID01866,Female,20,Mathematics,9.8,1.3,13,71.6,Danger,3.53,3.2,-0.3299999999999996,Other,2.46,False
ID01867,Male,22,Computer Science,7.5,6.6,4,82.3,Normal,3.6,4.0,0.3999999999999999,Other,0.61,True
ID01868,Male,24,Economics,6.3,5.1,11,76.7,Normal,2.74,3.0,0.2599999999999998,Other,0.59,False
ID01869,Male,22,Mathematics,7.9,2.5,12,100.0,Excellent,3.12,3.2,0.08000000000000007,Maintain,1.28,False
ID01870,Female,19,Computer Science,8.2,7.6,14,100.0,Excellent,3.09,3.7,0.6100000000000003,Improve,0.49,False
ID01871,Female,24,Mathematics,8.8,9.4,13,63.5,Danger,2.94,3.14,0.20000000000000018,Other,0.33,False
ID01872,Male,23,Psychology,5.6,4.7,11,56.2,Danger,2.83,2.5,-0.33000000000000007,Other,0.53,False
ID01873,Male,23,Business,8.9,4.0,4,81.3,Normal,3.69,4.0,0.31000000000000005,Other,1.0,True
ID01874,Female,18,Mathematics,10.0,1.5,6,62.2,Danger,3.13,2.87,-0.2599999999999998,Other,1.91,False
ID01875,Female,24,Psychology,8.9,3.7,10,85.7,Normal,3.11,3.38,0.27,Other,0.91,False
ID01876,Male,19,Engineering,9.2,2.1,11,96.2,Excellent,2.7,2.79,0.08999999999999986,Maintain,1.33,False
ID01877,Female,18,Computer Science,6.3,3.8,4,100.0,Excellent,3.44,3.63,0.18999999999999995,Other,0.96,False
ID01878,Male,18,Engineering,9.5,7.1,4,88.0,Normal,2.6,2.95,0.3500000000000001,Other,0.42,False
ID01879,Male,22,Economics,6.3,5.8,5,82.1,Normal,3.33,3.64,0.31000000000000005,Other,0.63,False
ID01880,Female,23,Psychology,6.9,7.7,7,55.3,Danger,3.34,3.28,-0.06000000000000005,Maintain,0.43,False
ID01881,Female,18,Engineering,6.3,3.5,7,85.4,Normal,2.89,3.23,0.33999999999999986,Other,0.92,False
ID01882,Female,20,Engineering,6.1,1.8,8,86.1,Normal,3.26,3.47,0.2100000000000004,Other,1.93,False
ID01883,Female,20,Psychology,7.0,3.4,6,94.6,Excellent,3.19,3.38,0.18999999999999995,Other,0.99,False
ID01884,Female,23,Business,5.3,4.7,9,74.4,Danger,3.08,2.91,-0.16999999999999993,Other,0.62,False
ID01885,Male,20,Mathematics,6.0,7.9,10,78.5,Normal,3.11,3.2,0.0900000000000003,Maintain,0.41,False
ID01886,Male,22,Economics,5.5,6.5,6,62.8,Danger,3.13,3.05,-0.08000000000000007,Maintain,0.47,False
ID01887,Male,19,Economics,9.3,1.4,14,50.6,Danger,3.16,2.6,-0.56,Decline,1.86,False
ID01888,Male,21,Computer Science,9.4,4.6,8,68.4,Danger,3.13,2.91,-0.21999999999999975,Other,0.63,False
ID01889,Female,18,Mathematics,10.0,7.1,6,61.4,Danger,2.55,2.48,-0.06999999999999984,Maintain,0.35,False
ID01890,Female,21,Computer Science,6.9,8.2,6,90.1,Excellent,3.02,3.57,0.5499999999999998,Improve,0.44,False
ID01891,Male,19,Economics,7.0,7.4,9,77.2,Normal,3.23,3.32,0.08999999999999986,Maintain,0.45,False
ID01892,Male,19,Mathematics,8.2,2.7,12,76.9,Normal,3.15,2.94,-0.20999999999999996,Other,1.09,False
ID01893,Female,22,Engineering,5.1,2.8,12,70.2,Danger,3.58,3.41,-0.16999999999999993,Other,1.22,False
ID01894,Male,20,Business,5.5,10.2,7,36.5,Danger,3.41,3.19,-0.2200000000000002,Other,0.31,False
ID01895,Female,20,Engineering,4.6,3.2,4,100.0,Excellent,2.66,2.76,0.09999999999999964,Maintain,0.86,False
ID01896,Female,19,Business,8.3,9.3,8,70.0,Danger,3.02,3.35,0.33000000000000007,Other,0.36,False
ID01897,Female,22,Psychology,5.7,2.4,9,78.8,Normal,2.94,2.75,-0.18999999999999995,Other,1.15,False
ID01898,Male,22,Computer Science,8.5,3.8,8,63.2,Danger,3.1,2.91,-0.18999999999999995,Other,0.77,False
ID01899,Male,23,Computer Science,6.3,1.0,11,99.6,Excellent,3.1,3.18,0.08000000000000007,Maintain,3.18,False
ID01900,Female,24,Psychology,7.0,3.7,7,87.2,Normal,3.41,3.94,0.5299999999999998,Improve,1.06,True
ID01901,Female,18,Mathematics,6.7,2.5,16,72.6,Danger,3.19,2.72,-0.46999999999999975,Other,1.09,False
ID01902,Male,24,Psychology,7.3,5.8,8,79.1,Normal,3.72,4.0,0.2799999999999998,Other,0.69,True
ID01903,Female,20,Economics,6.3,5.8,5,100.0,Excellent,3.22,3.49,0.27,Other,0.6,False
ID01904,Male,19,Psychology,8.6,5.2,9,83.9,Normal,2.68,3.14,0.45999999999999996,Other,0.6,False
ID01905,Female,23,Business,6.7,2.6,11,82.3,Normal,2.87,3.15,0.2799999999999998,Other,1.21,False
ID01906,Male,21,Economics,7.5,7.7,10,70.9,Danger,3.4,3.68,0.28000000000000025,Other,0.48,False
ID01907,Female,20,Psychology,7.2,4.2,9,56.6,Danger,2.29,1.95,-0.3400000000000001,Other,0.46,False
ID01908,Male,18,Computer Science,5.5,6.1,6,82.6,Normal,2.43,2.94,0.5099999999999998,Improve,0.48,False
ID01909,Male,22,Engineering,9.0,7.4,8,89.9,Normal,3.11,3.56,0.4500000000000002,Other,0.48,False
ID01910,Male,19,Business,6.0,4.5,11,100.0,Excellent,3.58,4.0,0.41999999999999993,Other,0.89,True
ID01911,Male,20,Business,8.2,1.7,6,51.3,Danger,3.75,3.31,-0.43999999999999995,Other,1.95,False
ID01912,Female,21,Mathematics,8.1,4.8,9,68.1,Danger,2.99,2.83,-0.16000000000000014,Other,0.59,False
ID01913,Female,18,Engineering,4.8,3.7,6,76.3,Normal,3.63,3.7,0.07000000000000028,Maintain,1.0,False
ID01914,Male,18,Business,6.7,2.4,6,84.9,Normal,3.14,3.28,0.13999999999999968,Other,1.37,False
ID01915,Male,23,Psychology,7.9,8.7,10,82.8,Normal,2.33,2.83,0.5,Improve,0.33,False
ID01916,Female,20,Business,6.6,3.5,8,83.2,Normal,3.1,3.49,0.3900000000000001,Other,1.0,False
ID01917,Female,21,Business,6.8,5.6,6,91.1,Excellent,2.79,3.06,0.27,Other,0.55,False
ID01918,Female,18,Business,7.3,6.4,6,71.5,Danger,3.56,3.9,0.33999999999999986,Other,0.61,True
ID01919,Male,19,Mathematics,6.4,4.8,8,99.0,Excellent,3.09,3.33,0.2400000000000002,Other,0.69,False
ID01920,Male,18,Business,7.5,3.2,5,91.5,Excellent,2.46,2.84,0.3799999999999999,Other,0.89,False
ID01921,Female,21,Business,7.1,1.6,11,80.2,Normal,2.35,2.63,0.2799999999999998,Other,1.64,False
ID01922,Male,22,Mathematics,6.7,5.2,11,100.0,Excellent,3.09,3.58,0.4900000000000002,Other,0.69,False
ID01923,Female,22,Economics,5.5,3.5,3,100.0,Excellent,1.89,2.09,0.19999999999999996,Other,0.6,False
ID01924,Male,23,Engineering,7.6,10.0,6,99.0,Excellent,2.84,3.44,0.6000000000000001,Improve,0.34,False
ID01925,Female,20,Economics,4.0,2.8,8,39.7,Danger,3.22,3.0,-0.2200000000000002,Other,1.07,False
ID01926,Male,21,Computer Science,7.4,1.0,6,100.0,Excellent,2.57,2.9,0.33000000000000007,Other,2.9,False
ID01927,Female,23,Mathematics,7.0,2.0,13,96.9,Excellent,3.6,3.84,0.23999999999999977,Other,1.92,False
ID01928,Male,24,Mathematics,5.8,7.4,7,100.0,Excellent,3.7,3.99,0.29000000000000004,Other,0.54,True
ID01929,Female,18,Business,4.9,6.5,5,100.0,Excellent,2.59,3.12,0.5300000000000002,Improve,0.48,False
ID01930,Male,24,Business,7.6,8.7,10,100.0,Excellent,2.95,3.59,0.6399999999999997,Improve,0.41,False
ID01931,Female,18,Computer Science,6.6,3.7,14,98.2,Excellent,3.6,3.79,0.18999999999999995,Other,1.02,False
ID01932,Female,22,Business,7.2,6.0,5,100.0,Excellent,3.1,3.42,0.31999999999999984,Other,0.57,False
ID01933,Female,23,Psychology,4.2,4.7,2,100.0,Excellent,2.4,2.7,0.30000000000000027,Other,0.57,False
ID01934,Female,22,Business,7.7,2.9,6,88.2,Normal,3.03,3.33,0.30000000000000027,Other,1.15,False
ID01935,Female,19,Business,8.4,4.2,6,61.4,Danger,2.67,2.59,-0.08000000000000007,Maintain,0.62,False
ID01936,Female,24,Psychology,6.8,3.3,9,80.4,Normal,3.65,3.94,0.29000000000000004,Other,1.19,True
ID01937,Male,24,Computer Science,5.7,8.4,12,90.8,Excellent,3.4,3.74,0.3400000000000003,Other,0.45,False
ID01938,Female,22,Psychology,7.7,2.9,11,86.1,Normal,2.94,3.14,0.20000000000000018,Other,1.08,False
ID01939,Male,19,Mathematics,6.6,9.1,10,66.3,Danger,3.17,3.47,0.30000000000000027,Other,0.38,False
ID01940,Male,18,Psychology,8.3,2.8,6,60.5,Danger,2.45,2.17,-0.28000000000000025,Other,0.78,False
ID01941,Male,23,Engineering,7.0,3.3,12,73.9,Danger,2.72,2.68,-0.040000000000000036,Maintain,0.81,False
ID01942,Male,19,Mathematics,4.0,4.3,8,97.1,Excellent,3.88,4.0,0.1200000000000001,Other,0.93,True
ID01943,Female,23,Business,4.0,2.7,8,100.0,Excellent,3.13,3.18,0.050000000000000266,Maintain,1.18,False
ID01944,Female,24,Mathematics,5.9,4.3,10,98.7,Excellent,3.57,3.69,0.1200000000000001,Other,0.86,False
ID01945,Female,23,Computer Science,7.7,4.6,8,100.0,Excellent,3.22,3.46,0.23999999999999977,Other,0.75,False
ID01946,Male,24,Computer Science,6.3,8.2,6,83.8,Normal,3.76,4.0,0.2400000000000002,Other,0.49,True
ID01947,Male,19,Psychology,7.7,1.0,6,58.9,Danger,2.1,1.65,-0.4500000000000002,Other,1.65,False
ID01948,Male,24,Mathematics,6.0,2.8,7,78.2,Normal,3.01,2.84,-0.16999999999999993,Other,1.01,False
ID01949,Male,20,Business,10.0,9.8,4,81.1,Normal,3.92,4.0,0.08000000000000007,Maintain,0.41,True
ID01950,Male,24,Computer Science,6.7,3.3,4,77.5,Normal,3.58,3.59,0.009999999999999787,Maintain,1.09,False
ID01951,Male,22,Economics,7.4,3.3,12,85.8,Normal,3.76,4.0,0.2400000000000002,Other,1.21,True
ID01952,Male,19,Business,5.6,2.7,9,91.6,Excellent,3.1,3.17,0.06999999999999984,Maintain,1.17,False
ID01953,Female,18,Economics,6.4,6.0,11,97.8,Excellent,2.83,3.43,0.6000000000000001,Improve,0.57,False
ID01954,Female,23,Engineering,7.7,1.5,9,80.8,Normal,2.59,2.95,0.3600000000000003,Other,1.97,False
ID01955,Female,21,Economics,6.9,5.1,7,56.4,Danger,2.55,2.17,-0.3799999999999999,Other,0.43,False
ID01956,Female,19,Computer Science,4.0,10.5,6,77.8,Normal,3.5,3.87,0.3700000000000001,Other,0.37,True
ID01957,Female,22,Psychology,7.7,1.3,9,85.7,Normal,3.36,3.45,0.0900000000000003,Maintain,2.65,False
ID01958,Male,24,Engineering,7.9,6.0,7,100.0,Excellent,3.07,3.54,0.4700000000000002,Other,0.59,False
ID01959,Female,23,Mathematics,8.1,1.9,5,76.5,Normal,3.35,3.34,-0.010000000000000231,Maintain,1.76,False
ID01960,Female,20,Business,8.6,5.2,7,92.7,Excellent,3.17,3.65,0.48,Other,0.7,False
ID01961,Male,18,Computer Science,7.3,5.0,9,89.4,Normal,3.58,3.85,0.27,Other,0.77,False
ID01962,Male,20,Engineering,10.0,6.2,7,85.7,Normal,3.58,4.0,0.41999999999999993,Other,0.65,True
ID01963,Female,21,Engineering,7.4,3.0,4,99.0,Excellent,2.57,2.7,0.13000000000000034,Other,0.9,False
ID01964,Male,19,Computer Science,4.0,3.1,5,75.1,Normal,3.24,3.31,0.06999999999999984,Maintain,1.07,False
ID01965,Female,23,Mathematics,7.3,6.3,11,76.4,Normal,2.27,2.54,0.27,Other,0.4,False
ID01966,Female,19,Mathematics,8.7,3.0,4,84.8,Normal,3.17,3.54,0.3700000000000001,Other,1.18,False
ID01967,Male,22,Psychology,4.9,6.7,6,75.4,Normal,3.4,3.43,0.03000000000000025,Maintain,0.51,False
ID01968,Male,19,Economics,6.6,0.8,6,92.6,Excellent,2.44,2.81,0.3700000000000001,Other,3.51,False
ID01969,Male,18,Mathematics,8.8,4.8,5,74.3,Danger,2.89,3.01,0.11999999999999966,Other,0.63,False
ID01970,Male,21,Psychology,6.2,6.5,9,88.4,Normal,3.1,3.51,0.4099999999999997,Other,0.54,False
ID01971,Male,20,Economics,6.6,3.7,8,83.5,Normal,3.22,3.49,0.27,Other,0.94,False
ID01972,Female,21,Engineering,8.2,8.4,8,88.2,Normal,2.96,3.37,0.41000000000000014,Other,0.4,False
ID01973,Male,23,Computer Science,5.1,3.1,4,78.1,Normal,2.51,2.45,-0.05999999999999961,Maintain,0.79,False
ID01974,Male,19,Mathematics,7.0,4.7,4,79.9,Normal,3.07,3.03,-0.040000000000000036,Maintain,0.64,False
ID01975,Male,23,Psychology,5.5,7.1,10,86.4,Normal,2.27,2.65,0.3799999999999999,Other,0.37,False
ID01976,Female,20,Engineering,6.6,2.1,4,88.0,Normal,2.98,3.06,0.08000000000000007,Maintain,1.46,False
ID01977,Male,23,Mathematics,7.4,7.5,6,84.9,Normal,2.88,3.35,0.4700000000000002,Other,0.45,False
ID01978,Male,22,Business,8.6,5.0,8,100.0,Excellent,3.03,3.4,0.3700000000000001,Other,0.68,False
ID01979,Female,21,Engineering,7.5,2.6,10,70.1,Danger,2.82,2.84,0.020000000000000018,Maintain,1.09,False
ID01980,Female,20,Mathematics,6.2,4.1,12,84.0,Normal,2.35,2.63,0.2799999999999998,Other,0.64,False
ID01981,Male,20,Engineering,8.8,2.5,6,61.4,Danger,2.92,2.7,-0.21999999999999975,Other,1.08,False
ID01982,Female,24,Computer Science,7.9,5.7,6,90.6,Excellent,3.57,3.94,0.3700000000000001,Other,0.69,True
ID01983,Male,20,Computer Science,4.1,3.6,7,68.3,Danger,3.73,3.49,-0.23999999999999977,Other,0.97,False
ID01984,Male,24,Computer Science,8.3,3.3,10,80.8,Normal,4.0,4.0,0.0,Maintain,1.21,True
ID01985,Male,18,Economics,7.1,5.8,9,79.4,Normal,3.95,4.0,0.04999999999999982,Maintain,0.69,True
ID01986,Male,24,Business,7.0,3.7,6,89.2,Normal,2.5,2.71,0.20999999999999996,Other,0.73,False
ID01987,Female,21,Computer Science,8.8,4.2,14,76.7,Normal,2.9,2.72,-0.17999999999999972,Other,0.65,False
ID01988,Male,23,Business,6.7,4.0,11,76.1,Normal,3.09,3.28,0.18999999999999995,Other,0.82,False
ID01989,Male,24,Computer Science,8.3,1.0,9,100.0,Excellent,3.06,3.05,-0.010000000000000231,Maintain,3.05,False
ID01990,Female,20,Economics,8.9,1.7,7,89.3,Normal,3.13,3.17,0.040000000000000036,Maintain,1.86,False
ID01991,Female,21,Engineering,7.1,2.8,7,76.6,Normal,4.0,3.98,-0.020000000000000018,Maintain,1.42,True
ID01992,Male,24,Mathematics,7.7,2.9,6,81.2,Normal,2.56,2.84,0.2799999999999998,Other,0.98,False
ID01993,Female,24,Mathematics,8.0,0.9,16,100.0,Excellent,2.74,2.51,-0.23000000000000043,Other,2.79,False
ID01994,Male,20,Computer Science,7.7,4.2,7,81.5,Normal,3.92,4.0,0.08000000000000007,Maintain,0.95,True
ID01995,Female,22,Mathematics,8.3,3.9,12,74.7,Danger,2.79,2.81,0.020000000000000018,Maintain,0.72,False
ID01996,Female,22,Computer Science,5.4,4.5,7,74.7,Danger,3.3,3.27,-0.029999999999999805,Maintain,0.73,False
ID01997,Female,24,Computer Science,6.0,3.4,10,76.8,Normal,3.62,3.8,0.17999999999999972,Other,1.12,False
ID01998,Male,22,Psychology,5.1,8.9,4,76.1,Normal,3.34,3.73,0.3900000000000001,Other,0.42,False
ID01999,Male,19,Psychology,9.5,5.5,10,65.8,Danger,3.2,3.24,0.040000000000000036,Maintain,0.59,False
ID02000,Male,20,Psychology,4.5,9.6,7,68.1,Danger,3.57,3.99,0.4200000000000004,Other,0.42,True
ID02001,Male,19,Business,9.0,2.1,4,72.6,Danger,2.65,2.56,-0.08999999999999986,Maintain,1.22,False
ID02002,Male,21,Psychology,7.7,3.4,7,93.9,Excellent,2.85,3.18,0.33000000000000007,Other,0.94,False
ID02003,Female,19,Computer Science,5.7,3.0,9,79.3,Normal,3.37,3.42,0.04999999999999982,Maintain,1.14,False
ID02004,Male,21,Economics,5.1,1.4,7,81.9,Normal,2.07,2.38,0.31000000000000005,Other,1.7,False
ID02005,Male,24,Economics,6.9,3.7,11,100.0,Excellent,3.81,4.0,0.18999999999999995,Other,1.08,True
ID02006,Female,21,Engineering,6.7,0.9,7,100.0,Excellent,3.25,3.55,0.2999999999999998,Other,3.94,False
ID02007,Male,21,Psychology,7.6,5.7,6,80.8,Normal,3.18,3.61,0.4299999999999997,Other,0.63,False
ID02008,Female,23,Economics,4.0,7.8,12,75.5,Normal,2.28,2.34,0.06000000000000005,Maintain,0.3,False
ID02009,Male,19,Psychology,6.7,3.6,7,72.0,Danger,2.46,2.51,0.04999999999999982,Maintain,0.7,False
ID02010,Male,23,Engineering,5.7,4.5,8,95.4,Excellent,2.9,3.29,0.3900000000000001,Other,0.73,False
ID02011,Male,24,Economics,8.9,7.8,7,81.9,Normal,3.5,3.75,0.25,Other,0.48,False
ID02012,Male,20,Computer Science,7.6,2.3,8,79.2,Normal,2.06,1.93,-0.13000000000000012,Other,0.84,False
ID02013,Female,19,Business,6.2,1.4,10,72.8,Danger,3.49,3.35,-0.14000000000000012,Other,2.39,False
ID02014,Male,20,Psychology,9.1,0.9,6,73.5,Danger,2.92,2.83,-0.08999999999999986,Maintain,3.14,False
ID02015,Male,20,Economics,6.3,2.5,9,89.8,Normal,2.99,3.31,0.31999999999999984,Other,1.32,False
ID02016,Male,21,Economics,6.8,2.7,2,65.3,Danger,3.23,3.19,-0.040000000000000036,Maintain,1.18,False
ID02017,Male,19,Engineering,7.4,6.0,8,99.9,Excellent,3.23,3.85,0.6200000000000001,Improve,0.64,False
ID02018,Female,20,Computer Science,8.4,1.7,5,77.0,Normal,2.74,2.59,-0.15000000000000036,Other,1.52,False
ID02019,Male,22,Mathematics,7.0,1.4,12,82.8,Normal,3.41,3.72,0.31000000000000005,Other,2.66,False
ID02020,Female,20,Economics,9.1,6.5,7,64.9,Danger,1.94,2.08,0.14000000000000012,Other,0.32,False
ID02021,Female,22,Business,6.4,2.9,8,84.8,Normal,2.87,3.31,0.43999999999999995,Other,1.14,False
ID02022,Female,19,Engineering,5.5,4.5,9,80.1,Normal,3.18,3.58,0.3999999999999999,Other,0.8,False
ID02023,Female,24,Economics,9.4,6.2,10,84.2,Normal,2.93,3.49,0.56,Improve,0.56,False
ID02024,Male,23,Economics,6.5,14.0,7,100.0,Excellent,2.19,2.99,0.8000000000000003,Improve,0.21,False
ID02025,Male,19,Engineering,7.9,5.1,7,87.7,Normal,3.48,3.75,0.27,Other,0.74,False
ID02026,Male,23,Engineering,8.2,2.7,11,73.1,Danger,2.48,2.47,-0.009999999999999787,Maintain,0.91,False
ID02027,Female,23,Psychology,10.0,6.5,12,74.3,Danger,3.07,3.29,0.2200000000000002,Other,0.51,False
ID02028,Female,19,Economics,6.6,2.2,10,93.9,Excellent,3.18,3.26,0.07999999999999963,Maintain,1.48,False
ID02029,Male,20,Mathematics,7.8,7.8,8,100.0,Excellent,3.11,3.58,0.4700000000000002,Other,0.46,False
ID02030,Female,18,Business,5.8,2.6,13,89.2,Normal,3.68,3.98,0.2999999999999998,Other,1.53,True
ID02031,Male,20,Computer Science,6.3,2.0,3,95.3,Excellent,3.07,3.39,0.3200000000000003,Other,1.7,False
ID02032,Female,20,Computer Science,5.9,4.2,10,94.1,Excellent,3.31,3.67,0.3599999999999999,Other,0.87,False
ID02033,Male,24,Mathematics,8.3,5.0,6,100.0,Excellent,3.07,3.39,0.3200000000000003,Other,0.68,False
ID02034,Female,21,Engineering,8.4,2.0,9,55.8,Danger,3.41,2.91,-0.5,Decline,1.46,False
ID02035,Female,21,Engineering,7.6,2.8,3,95.0,Excellent,3.8,4.0,0.20000000000000018,Other,1.43,True
ID02036,Male,20,Engineering,5.8,5.3,8,99.8,Excellent,3.17,3.51,0.33999999999999986,Other,0.66,False
ID02037,Male,22,Economics,6.0,4.6,8,64.9,Danger,3.49,3.58,0.08999999999999986,Maintain,0.78,False
ID02038,Male,24,Engineering,5.9,5.2,10,71.7,Danger,3.83,3.93,0.10000000000000009,Other,0.76,True
ID02039,Male,23,Engineering,7.5,7.9,4,72.2,Danger,3.78,3.9,0.1200000000000001,Other,0.49,True
ID02040,Male,21,Economics,4.6,4.8,3,74.1,Danger,2.91,2.93,0.020000000000000018,Maintain,0.61,False
ID02041,Female,20,Economics,6.4,9.1,4,77.8,Normal,3.62,3.85,0.22999999999999998,Other,0.42,False
ID02042,Female,24,Mathematics,5.0,6.7,10,88.6,Normal,3.22,3.41,0.18999999999999995,Other,0.51,False
ID02043,Male,18,Psychology,7.8,2.8,4,98.0,Excellent,3.66,4.0,0.33999999999999986,Other,1.43,True
ID02044,Male,22,Economics,5.5,8.1,6,100.0,Excellent,3.38,3.82,0.43999999999999995,Other,0.47,False
ID02045,Female,19,Business,9.9,4.7,6,72.4,Danger,3.24,3.39,0.1499999999999999,Other,0.72,False
ID02046,Female,20,Engineering,8.6,7.4,6,72.3,Danger,3.32,3.44,0.1200000000000001,Other,0.46,False
ID02047,Male,24,Psychology,6.9,5.2,12,100.0,Excellent,3.23,3.44,0.20999999999999996,Other,0.66,False
ID02048,Female,20,Computer Science,7.6,10.3,7,94.7,Excellent,3.25,3.88,0.6299999999999999,Improve,0.38,True
ID02049,Male,23,Mathematics,7.7,2.0,9,86.2,Normal,3.02,3.14,0.1200000000000001,Other,1.57,False
ID02050,Male,22,Psychology,5.6,3.6,7,92.1,Excellent,2.97,3.37,0.3999999999999999,Other,0.94,False
ID02051,Male,21,Economics,8.9,5.8,3,84.6,Normal,3.98,4.0,0.020000000000000018,Maintain,0.69,True
ID02052,Male,21,Engineering,6.9,4.4,9,92.9,Excellent,3.34,3.71,0.3700000000000001,Other,0.84,False
ID02053,Male,21,Engineering,5.8,2.2,4,80.0,Normal,2.81,2.92,0.10999999999999988,Other,1.33,False
ID02054,Female,19,Engineering,7.8,9.8,6,89.0,Normal,2.96,3.61,0.6499999999999999,Improve,0.37,False
ID02055,Female,24,Psychology,5.3,3.9,6,62.3,Danger,3.63,3.41,-0.21999999999999975,Other,0.87,False
ID02056,Female,22,Engineering,8.0,7.0,11,74.7,Danger,2.73,2.91,0.18000000000000016,Other,0.42,False
ID02057,Male,22,Economics,7.5,5.5,3,74.8,Danger,2.36,2.55,0.18999999999999995,Other,0.46,False
ID02058,Male,21,Psychology,6.0,6.3,10,79.4,Normal,2.4,2.51,0.10999999999999988,Other,0.4,False
ID02059,Female,21,Engineering,8.4,1.9,12,71.1,Danger,2.24,2.04,-0.20000000000000018,Other,1.07,False
ID02060,Male,23,Computer Science,8.1,4.0,7,77.0,Normal,2.45,2.53,0.07999999999999963,Maintain,0.63,False
ID02061,Male,18,Computer Science,6.5,6.4,11,62.3,Danger,2.51,2.69,0.18000000000000016,Other,0.42,False
ID02062,Male,18,Business,7.8,7.0,8,93.2,Excellent,3.79,4.0,0.20999999999999996,Other,0.57,True
ID02063,Female,20,Engineering,5.0,6.6,11,83.8,Normal,3.08,3.38,0.2999999999999998,Other,0.51,False
ID02064,Male,20,Engineering,7.7,2.6,6,59.4,Danger,2.92,2.59,-0.33000000000000007,Other,1.0,False
ID02065,Male,22,Psychology,4.8,1.3,8,72.5,Danger,2.38,2.02,-0.3599999999999999,Other,1.55,False
ID02066,Female,22,Psychology,7.2,1.7,10,90.0,Normal,3.03,3.24,0.2100000000000004,Other,1.91,False
ID02067,Male,19,Engineering,8.0,4.1,8,76.9,Normal,2.23,2.41,0.18000000000000016,Other,0.59,False
ID02068,Male,19,Business,7.5,4.4,8,74.5,Danger,2.92,2.85,-0.06999999999999984,Maintain,0.65,False
ID02069,Male,18,Engineering,9.3,4.1,4,83.9,Normal,4.0,4.0,0.0,Maintain,0.98,True
ID02070,Male,20,Economics,5.8,1.9,5,90.2,Excellent,3.43,3.52,0.08999999999999986,Maintain,1.85,False
ID02071,Female,18,Psychology,7.6,2.9,6,63.5,Danger,3.0,2.81,-0.18999999999999995,Other,0.97,False
ID02072,Male,18,Engineering,4.0,9.7,15,93.3,Excellent,3.45,4.0,0.5499999999999998,Improve,0.41,True
ID02073,Male,20,Psychology,6.2,5.0,8,73.0,Danger,2.84,2.81,-0.029999999999999805,Maintain,0.56,False
ID02074,Female,24,Engineering,6.5,3.9,7,84.7,Normal,2.7,2.98,0.2799999999999998,Other,0.76,False
ID02075,Female,19,Mathematics,9.4,9.6,5,84.5,Normal,3.95,4.0,0.04999999999999982,Maintain,0.42,True
ID02076,Female,23,Psychology,7.0,10.8,10,77.1,Normal,2.53,3.1,0.5700000000000003,Improve,0.29,False
ID02077,Male,23,Business,8.4,3.1,9,69.6,Danger,2.92,2.86,-0.06000000000000005,Maintain,0.92,False
ID02078,Male,23,Mathematics,5.6,5.1,11,80.7,Normal,3.25,3.72,0.4700000000000002,Other,0.73,False
ID02079,Female,20,Economics,6.5,1.5,6,100.0,Excellent,2.63,2.88,0.25,Other,1.92,False
ID02080,Female,21,Engineering,5.7,1.2,7,64.6,Danger,3.43,3.12,-0.31000000000000005,Other,2.6,False
ID02081,Male,21,Economics,5.5,3.6,7,100.0,Excellent,2.95,3.21,0.2599999999999998,Other,0.89,False
ID02082,Male,21,Psychology,5.6,1.8,9,81.1,Normal,3.43,3.41,-0.020000000000000018,Maintain,1.89,False
ID02083,Male,22,Mathematics,6.1,2.9,4,85.5,Normal,3.39,3.53,0.13999999999999968,Other,1.22,False
ID02084,Female,19,Economics,10.0,4.8,8,68.7,Danger,2.98,2.82,-0.16000000000000014,Other,0.59,False
ID02085,Male,19,Business,6.9,8.5,13,73.4,Danger,3.96,4.0,0.040000000000000036,Maintain,0.47,True
ID02086,Male,24,Psychology,5.0,5.1,10,77.5,Normal,2.77,2.64,-0.1299999999999999,Other,0.52,False
ID02087,Male,24,Mathematics,6.2,3.1,1,69.3,Danger,3.77,3.72,-0.04999999999999982,Maintain,1.2,False
ID02088,Female,22,Economics,8.5,11.2,6,81.9,Normal,3.69,4.0,0.31000000000000005,Other,0.36,True
ID02089,Female,18,Mathematics,5.9,4.3,10,78.9,Normal,3.99,3.76,-0.23000000000000043,Other,0.87,False
ID02090,Male,24,Mathematics,9.2,7.0,4,100.0,Excellent,3.19,3.43,0.2400000000000002,Other,0.49,False
ID02091,Female,23,Economics,8.5,7.4,11,67.5,Danger,2.71,3.0,0.29000000000000004,Other,0.41,False
ID02092,Female,21,Computer Science,6.7,3.9,11,86.5,Normal,4.0,4.0,0.0,Maintain,1.03,True
ID02093,Male,23,Engineering,6.0,0.6,11,88.7,Normal,2.93,3.08,0.1499999999999999,Other,5.13,False
ID02094,Male,21,Psychology,5.6,1.2,9,68.9,Danger,2.69,2.49,-0.19999999999999973,Other,2.08,False
ID02095,Male,23,Psychology,7.3,2.7,10,95.3,Excellent,3.01,3.32,0.31000000000000005,Other,1.23,False
ID02096,Female,18,Psychology,7.6,2.8,9,79.0,Normal,2.61,2.44,-0.16999999999999993,Other,0.87,False
ID02097,Female,23,Mathematics,9.0,4.0,17,47.6,Danger,3.36,2.74,-0.6199999999999997,Decline,0.68,False
ID02098,Female,23,Economics,7.5,3.5,9,94.9,Excellent,2.8,3.26,0.45999999999999996,Other,0.93,False
ID02099,Female,20,Engineering,6.5,3.6,13,68.2,Danger,2.96,3.01,0.04999999999999982,Maintain,0.84,False
ID02100,Male,23,Business,9.1,4.2,7,69.3,Danger,3.58,3.69,0.10999999999999988,Other,0.88,False
ID02101,Female,20,Psychology,8.2,4.6,10,95.3,Excellent,3.41,3.55,0.13999999999999968,Other,0.77,False
ID02102,Male,19,Economics,6.0,1.3,10,79.8,Normal,3.11,3.16,0.050000000000000266,Maintain,2.43,False
ID02103,Male,22,Engineering,6.9,4.6,10,98.8,Excellent,3.19,3.64,0.4500000000000002,Other,0.79,False
ID02104,Female,23,Engineering,8.0,6.0,4,100.0,Excellent,3.11,3.6,0.4900000000000002,Other,0.6,False
ID02105,Female,19,Computer Science,7.5,11.2,4,75.3,Normal,2.88,3.33,0.4500000000000002,Other,0.3,False
ID02106,Male,24,Economics,5.5,4.5,5,96.9,Excellent,3.1,3.22,0.1200000000000001,Other,0.72,False
ID02107,Female,24,Psychology,7.3,6.8,5,73.7,Danger,3.35,3.6,0.25,Other,0.53,False
ID02108,Female,20,Mathematics,6.0,5.7,5,100.0,Excellent,3.04,3.43,0.3900000000000001,Other,0.6,False
ID02109,Male,23,Engineering,7.1,2.5,6,74.6,Danger,3.31,3.11,-0.20000000000000018,Other,1.24,False
ID02110,Female,23,Engineering,5.1,4.7,6,100.0,Excellent,2.68,2.85,0.16999999999999993,Other,0.61,False
ID02111,Male,18,Business,5.7,9.1,13,97.7,Excellent,2.8,3.28,0.48,Other,0.36,False
ID02112,Male,19,Computer Science,10.0,8.9,7,89.7,Normal,2.73,3.42,0.69,Improve,0.38,False
ID02113,Male,21,Engineering,6.4,8.8,11,74.9,Danger,2.82,3.08,0.26000000000000023,Other,0.35,False
ID02114,Female,21,Engineering,8.7,14.0,9,82.7,Normal,3.74,4.0,0.2599999999999998,Other,0.29,True
ID02115,Female,18,Mathematics,6.8,6.0,9,52.7,Danger,3.46,3.47,0.010000000000000231,Maintain,0.58,False
ID02116,Male,20,Mathematics,5.2,3.2,3,88.4,Normal,2.56,2.58,0.020000000000000018,Maintain,0.81,False
ID02117,Male,21,Business,5.4,6.1,12,90.2,Excellent,3.32,3.53,0.20999999999999996,Other,0.58,False
ID02118,Female,21,Economics,5.8,2.3,4,87.0,Normal,2.9,3.05,0.1499999999999999,Other,1.33,False
ID02119,Male,24,Business,10.0,5.5,10,40.4,Danger,2.76,2.32,-0.43999999999999995,Other,0.42,False
ID02120,Female,24,Business,6.7,2.2,3,66.0,Danger,2.36,2.35,-0.009999999999999787,Maintain,1.07,False
ID02121,Female,22,Mathematics,7.3,2.7,6,73.8,Danger,3.59,3.44,-0.1499999999999999,Other,1.27,False
ID02122,Male,19,Economics,8.0,1.2,6,89.4,Normal,2.42,2.69,0.27,Other,2.24,False
ID02123,Female,20,Mathematics,7.8,5.3,6,89.3,Normal,3.07,3.33,0.26000000000000023,Other,0.63,False
ID02124,Male,23,Computer Science,8.3,8.6,5,82.4,Normal,2.63,3.23,0.6000000000000001,Improve,0.38,False
ID02125,Female,19,Psychology,6.2,4.5,3,94.5,Excellent,3.49,3.96,0.46999999999999975,Other,0.88,True
ID02126,Female,20,Psychology,5.2,4.2,11,69.6,Danger,2.93,3.06,0.1299999999999999,Other,0.73,False
ID02127,Female,21,Computer Science,5.6,2.8,8,94.2,Excellent,3.03,3.05,0.020000000000000018,Maintain,1.09,False
ID02128,Male,22,Psychology,4.7,7.2,10,92.1,Excellent,3.05,3.48,0.43000000000000016,Other,0.48,False
ID02129,Female,19,Economics,6.2,7.8,5,90.7,Excellent,3.25,3.87,0.6200000000000001,Improve,0.5,True
ID02130,Male,21,Mathematics,4.0,1.5,9,82.3,Normal,3.11,3.4,0.29000000000000004,Other,2.27,False
ID02131,Male,20,Psychology,8.1,4.7,14,100.0,Excellent,3.08,3.36,0.2799999999999998,Other,0.71,False
ID02132,Male,19,Economics,7.9,7.0,8,92.4,Excellent,2.84,3.52,0.6800000000000002,Improve,0.5,False
ID02133,Female,23,Mathematics,5.5,3.1,10,70.5,Danger,2.31,2.06,-0.25,Other,0.66,False
ID02134,Male,19,Economics,4.9,1.4,6,88.7,Normal,2.54,2.63,0.08999999999999986,Maintain,1.88,False
ID02135,Female,21,Computer Science,9.3,2.1,16,96.3,Excellent,3.46,3.22,-0.23999999999999977,Other,1.53,False
ID02136,Female,19,Business,8.4,9.4,10,76.2,Normal,2.95,3.03,0.07999999999999963,Maintain,0.32,False
ID02137,Male,23,Computer Science,6.6,7.7,10,100.0,Excellent,2.77,3.22,0.4500000000000002,Other,0.42,False
ID02138,Female,22,Psychology,6.0,8.2,9,90.7,Excellent,2.4,3.03,0.6299999999999999,Improve,0.37,False
ID02139,Male,22,Mathematics,7.1,1.7,8,49.9,Danger,2.24,1.87,-0.3700000000000001,Other,1.1,False
ID02140,Female,21,Economics,4.8,7.0,9,89.5,Normal,2.75,3.02,0.27,Other,0.43,False
ID02141,Female,20,Psychology,7.4,9.7,10,78.9,Normal,3.54,3.69,0.1499999999999999,Other,0.38,False
ID02142,Male,21,Psychology,5.2,2.7,7,93.1,Excellent,2.82,3.17,0.3500000000000001,Other,1.17,False
ID02143,Female,22,Business,4.0,3.7,6,99.2,Excellent,3.3,3.46,0.16000000000000014,Other,0.94,False
ID02144,Male,18,Psychology,5.8,4.9,4,87.9,Normal,2.8,2.95,0.15000000000000036,Other,0.6,False
ID02145,Male,18,Business,5.5,5.3,10,100.0,Excellent,3.42,3.59,0.16999999999999993,Other,0.68,False
ID02146,Female,19,Mathematics,9.7,3.3,6,82.3,Normal,2.92,3.04,0.1200000000000001,Other,0.92,False
ID02147,Male,23,Mathematics,9.5,7.4,4,94.4,Excellent,2.48,2.79,0.31000000000000005,Other,0.38,False
ID02148,Male,24,Economics,5.3,5.8,13,97.1,Excellent,2.97,3.22,0.25,Other,0.56,False
ID02149,Male,24,Business,6.8,2.4,5,83.5,Normal,4.0,4.0,0.0,Maintain,1.67,True
ID02150,Female,24,Computer Science,6.0,7.2,5,96.7,Excellent,3.99,4.0,0.009999999999999787,Maintain,0.56,True
ID02151,Male,19,Mathematics,9.8,3.9,7,76.1,Normal,3.34,3.39,0.050000000000000266,Maintain,0.87,False
ID02152,Male,18,Economics,4.3,6.0,8,78.7,Normal,3.03,2.89,-0.13999999999999968,Other,0.48,False
ID02153,Female,22,Computer Science,7.7,2.5,5,65.3,Danger,3.25,3.1,-0.1499999999999999,Other,1.24,False
ID02154,Female,19,Mathematics,8.9,2.6,9,88.6,Normal,3.26,3.52,0.26000000000000023,Other,1.35,False
ID02155,Male,24,Mathematics,6.2,1.3,12,89.9,Normal,3.08,3.15,0.06999999999999984,Maintain,2.42,False
ID02156,Male,24,Economics,7.0,8.0,9,100.0,Excellent,3.32,3.97,0.6500000000000004,Improve,0.5,True
ID02157,Male,21,Economics,8.6,6.8,6,96.9,Excellent,3.2,3.6,0.3999999999999999,Other,0.53,False
ID02158,Male,24,Engineering,5.3,4.9,6,80.7,Normal,2.94,3.39,0.4500000000000002,Other,0.69,False
ID02159,Male,23,Psychology,8.0,1.7,9,67.3,Danger,2.5,2.24,-0.2599999999999998,Other,1.32,False
ID02160,Female,24,Psychology,4.7,8.7,8,91.5,Excellent,2.87,3.47,0.6000000000000001,Improve,0.4,False
ID02161,Female,21,Computer Science,4.6,5.9,9,100.0,Excellent,3.5,3.87,0.3700000000000001,Other,0.66,True
ID02162,Female,24,Psychology,8.3,3.3,11,96.3,Excellent,3.08,3.28,0.19999999999999973,Other,0.99,False
ID02163,Male,23,Computer Science,5.5,5.1,8,100.0,Excellent,3.25,3.41,0.16000000000000014,Other,0.67,False
ID02164,Female,22,Mathematics,7.3,3.8,6,81.8,Normal,2.96,3.19,0.22999999999999998,Other,0.84,False
ID02165,Male,19,Engineering,5.2,5.9,5,78.0,Normal,2.57,2.73,0.16000000000000014,Other,0.46,False
ID02166,Female,23,Engineering,7.4,2.2,8,73.9,Danger,2.98,2.8,-0.18000000000000016,Other,1.27,False
ID02167,Female,21,Mathematics,4.5,0.9,10,84.2,Normal,2.59,2.7,0.11000000000000032,Other,3.0,False
ID02168,Male,19,Economics,8.9,5.6,8,83.8,Normal,2.56,2.77,0.20999999999999996,Other,0.49,False
ID02169,Female,19,Business,8.2,6.1,4,88.1,Normal,3.7,4.0,0.2999999999999998,Other,0.66,True
ID02170,Male,21,Business,6.1,1.3,6,83.1,Normal,2.89,3.01,0.11999999999999966,Other,2.32,False
ID02171,Female,18,Psychology,4.2,0.6,11,83.0,Normal,2.73,2.75,0.020000000000000018,Maintain,4.58,False
ID02172,Male,24,Economics,6.7,4.9,9,73.3,Danger,3.91,4.0,0.08999999999999986,Maintain,0.82,True
ID02173,Male,23,Computer Science,6.5,5.7,9,99.1,Excellent,3.51,3.76,0.25,Other,0.66,False
ID02174,Female,21,Engineering,6.2,3.7,7,86.1,Normal,2.91,3.41,0.5,Improve,0.92,False
ID02175,Male,22,Psychology,8.6,2.3,6,82.4,Normal,3.31,3.4,0.08999999999999986,Maintain,1.48,False
ID02176,Female,20,Mathematics,8.8,11.3,9,73.8,Danger,2.98,3.33,0.3500000000000001,Other,0.29,False
ID02177,Male,21,Economics,7.6,5.4,10,65.0,Danger,2.75,2.76,0.009999999999999787,Maintain,0.51,False
ID02178,Female,24,Engineering,9.2,7.9,7,100.0,Excellent,3.34,3.73,0.3900000000000001,Other,0.47,False
ID02179,Female,24,Computer Science,4.0,2.0,5,93.3,Excellent,2.94,3.07,0.1299999999999999,Other,1.54,False
ID02180,Male,19,Computer Science,6.5,8.6,6,60.6,Danger,3.14,3.5,0.3599999999999999,Other,0.41,False
ID02181,Male,19,Business,6.5,5.3,8,96.4,Excellent,3.61,4.0,0.3900000000000001,Other,0.75,True
ID02182,Male,21,Psychology,8.3,10.6,8,98.8,Excellent,3.56,4.0,0.43999999999999995,Other,0.38,True
ID02183,Male,20,Mathematics,6.5,6.0,8,86.9,Normal,2.82,3.2,0.38000000000000034,Other,0.53,False
ID02184,Male,21,Engineering,7.8,4.5,4,100.0,Excellent,3.34,3.55,0.20999999999999996,Other,0.79,False
ID02185,Female,20,Computer Science,6.3,4.0,8,88.3,Normal,2.54,3.06,0.52,Improve,0.76,False
ID02186,Female,20,Engineering,6.0,2.8,9,63.7,Danger,3.33,3.13,-0.20000000000000018,Other,1.12,False
ID02187,Female,24,Mathematics,8.2,4.0,11,90.5,Excellent,3.17,3.57,0.3999999999999999,Other,0.89,False
ID02188,Female,24,Engineering,7.0,6.1,4,88.7,Normal,3.29,3.56,0.27,Other,0.58,False
ID02189,Female,24,Psychology,7.5,6.7,6,76.0,Normal,2.95,3.33,0.3799999999999999,Other,0.5,False
ID02190,Female,22,Business,5.1,2.5,9,93.6,Excellent,4.0,3.98,-0.020000000000000018,Maintain,1.59,True
ID02191,Male,24,Engineering,8.0,1.5,9,60.0,Danger,2.65,2.38,-0.27,Other,1.59,False
ID02192,Female,23,Economics,5.4,5.1,13,99.9,Excellent,3.59,3.9,0.31000000000000005,Other,0.76,True
ID02193,Female,19,Business,9.6,1.2,7,71.8,Danger,2.58,2.46,-0.1200000000000001,Other,2.05,False
ID02194,Female,19,Mathematics,6.6,4.1,11,70.2,Danger,3.35,3.35,0.0,Maintain,0.82,False
ID02195,Male,20,Business,6.4,1.7,9,83.3,Normal,3.39,3.67,0.2799999999999998,Other,2.16,False
ID02196,Male,19,Engineering,8.3,6.5,5,91.5,Excellent,3.13,3.64,0.5100000000000002,Improve,0.56,False
ID02197,Male,18,Engineering,6.9,3.2,6,87.5,Normal,2.85,3.28,0.4299999999999997,Other,1.02,False
ID02198,Female,20,Economics,8.1,3.5,9,73.9,Danger,3.17,3.25,0.08000000000000007,Maintain,0.93,False
ID02199,Male,19,Computer Science,6.6,1.5,6,77.4,Normal,3.23,3.02,-0.20999999999999996,Other,2.01,False
ID02200,Male,18,Economics,8.1,7.5,17,68.0,Danger,3.99,3.7,-0.29000000000000004,Other,0.49,False
ID02201,Female,22,Engineering,6.9,4.7,6,81.6,Normal,2.66,3.08,0.41999999999999993,Other,0.66,False
ID02202,Male,19,Business,8.3,4.8,10,100.0,Excellent,2.82,3.2,0.38000000000000034,Other,0.67,False
ID02203,Male,18,Economics,8.7,1.8,9,84.9,Normal,3.24,3.22,-0.020000000000000018,Maintain,1.79,False
ID02204,Male,21,Economics,4.6,1.1,7,97.9,Excellent,2.97,2.95,-0.020000000000000018,Maintain,2.68,False
ID02205,Female,23,Computer Science,7.5,2.5,6,100.0,Excellent,3.05,3.49,0.4400000000000004,Other,1.4,False
ID02206,Female,21,Engineering,9.7,3.2,12,76.2,Normal,3.64,3.36,-0.28000000000000025,Other,1.05,False
ID02207,Male,18,Engineering,7.9,2.4,7,82.2,Normal,1.69,1.92,0.22999999999999998,Other,0.8,False
ID02208,Female,20,Mathematics,10.0,10.7,4,100.0,Excellent,2.8,3.27,0.4700000000000002,Other,0.31,False
ID02209,Male,24,Computer Science,5.6,7.6,16,100.0,Excellent,2.23,2.47,0.2400000000000002,Other,0.33,False
ID02210,Female,24,Mathematics,7.4,4.1,8,59.9,Danger,2.5,2.4,-0.10000000000000009,Other,0.59,False
ID02211,Female,24,Mathematics,7.7,2.6,7,90.8,Excellent,4.0,4.0,0.0,Maintain,1.54,True
ID02212,Female,20,Mathematics,6.2,2.0,5,85.0,Normal,3.4,3.69,0.29000000000000004,Other,1.84,False
ID02213,Male,19,Psychology,5.1,4.0,7,97.4,Excellent,3.58,3.97,0.3900000000000001,Other,0.99,True
ID02214,Female,24,Mathematics,10.0,4.9,13,73.8,Danger,3.06,3.09,0.029999999999999805,Maintain,0.63,False
ID02215,Female,21,Economics,8.7,3.1,11,72.4,Danger,3.48,3.43,-0.04999999999999982,Maintain,1.11,False
ID02216,Male,20,Business,7.8,5.4,11,74.9,Danger,2.22,2.31,0.08999999999999986,Maintain,0.43,False
ID02217,Female,20,Economics,7.1,2.9,10,76.4,Normal,3.62,3.68,0.06000000000000005,Maintain,1.27,False
ID02218,Male,24,Economics,7.2,2.0,7,97.2,Excellent,2.69,3.12,0.43000000000000016,Other,1.56,False
ID02219,Female,21,Engineering,7.9,5.4,5,67.3,Danger,2.83,2.87,0.040000000000000036,Maintain,0.53,False
ID02220,Male,22,Psychology,9.2,1.1,8,75.7,Normal,3.35,3.04,-0.31000000000000005,Other,2.76,False
ID02221,Female,20,Mathematics,5.9,1.5,10,58.2,Danger,3.26,2.97,-0.2899999999999996,Other,1.98,False
ID02222,Male,24,Engineering,7.2,2.2,7,100.0,Excellent,3.14,3.22,0.08000000000000007,Maintain,1.46,False
ID02223,Male,23,Computer Science,6.4,2.8,8,100.0,Excellent,2.42,2.85,0.43000000000000016,Other,1.02,False
ID02224,Male,18,Computer Science,5.4,6.1,9,80.1,Normal,3.15,3.67,0.52,Improve,0.6,False
ID02225,Male,19,Engineering,6.1,1.5,3,80.5,Normal,3.58,3.69,0.10999999999999988,Other,2.46,False
ID02226,Male,20,Business,7.3,3.5,14,91.8,Excellent,2.83,3.13,0.2999999999999998,Other,0.89,False
ID02227,Male,23,Engineering,6.6,5.0,9,100.0,Excellent,3.76,4.0,0.2400000000000002,Other,0.8,True
ID02228,Female,23,Engineering,7.0,4.7,8,91.1,Excellent,2.66,2.99,0.33000000000000007,Other,0.64,False
ID02229,Male,20,Psychology,8.1,6.1,4,74.5,Danger,3.1,3.14,0.040000000000000036,Maintain,0.51,False
ID02230,Male,22,Computer Science,8.7,3.6,11,60.7,Danger,3.87,3.8,-0.07000000000000028,Maintain,1.06,False
ID02231,Female,18,Computer Science,10.0,2.7,6,68.3,Danger,2.76,2.49,-0.2699999999999996,Other,0.92,False
ID02232,Male,19,Mathematics,8.2,8.3,9,86.1,Normal,3.63,4.0,0.3700000000000001,Other,0.48,True
ID02233,Female,20,Economics,6.1,2.7,12,75.2,Normal,4.0,4.0,0.0,Maintain,1.48,True
ID02234,Female,19,Engineering,8.7,2.4,6,87.9,Normal,3.19,3.36,0.16999999999999993,Other,1.4,False
ID02235,Female,21,Engineering,6.5,2.3,7,76.7,Normal,2.84,2.94,0.10000000000000009,Other,1.28,False
ID02236,Female,23,Business,6.0,2.3,9,69.1,Danger,2.71,2.86,0.1499999999999999,Other,1.24,False
ID02237,Female,23,Computer Science,7.9,9.3,9,67.3,Danger,3.75,4.0,0.25,Other,0.43,True
ID02238,Male,20,Business,9.1,10.2,12,100.0,Excellent,3.74,4.0,0.2599999999999998,Other,0.39,True
ID02239,Male,20,Psychology,6.1,6.5,12,98.3,Excellent,3.82,4.0,0.18000000000000016,Other,0.62,True
ID02240,Male,21,Mathematics,7.5,5.5,8,100.0,Excellent,3.08,3.34,0.2599999999999998,Other,0.61,False
ID02241,Female,22,Business,7.7,2.4,8,93.1,Excellent,3.62,3.86,0.23999999999999977,Other,1.61,False
ID02242,Male,20,Computer Science,5.6,3.1,4,78.6,Normal,3.08,3.07,-0.010000000000000231,Maintain,0.99,False
ID02243,Female,23,Psychology,4.9,1.3,13,100.0,Excellent,2.66,2.59,-0.07000000000000028,Maintain,1.99,False
ID02244,Female,19,Engineering,4.9,3.5,13,84.5,Normal,3.66,3.79,0.1299999999999999,Other,1.08,False
ID02245,Female,18,Psychology,8.9,1.7,7,88.3,Normal,3.92,3.89,-0.029999999999999805,Maintain,2.29,True
ID02246,Male,24,Economics,6.3,4.5,11,84.4,Normal,2.59,2.93,0.3400000000000003,Other,0.65,False
ID02247,Male,19,Business,6.1,2.6,8,40.8,Danger,2.58,2.43,-0.1499999999999999,Other,0.93,False
ID02248,Female,22,Computer Science,7.5,4.8,8,100.0,Excellent,3.12,3.48,0.3599999999999999,Other,0.72,False
ID02249,Female,18,Business,9.0,2.3,7,92.4,Excellent,3.58,3.8,0.21999999999999975,Other,1.65,False
ID02250,Male,19,Engineering,5.3,1.2,5,89.9,Normal,2.53,2.59,0.06000000000000005,Maintain,2.16,False
ID02251,Male,19,Engineering,4.2,2.0,8,84.1,Normal,3.21,3.45,0.2400000000000002,Other,1.72,False
ID02252,Female,21,Computer Science,9.2,5.0,7,87.5,Normal,2.8,3.2,0.40000000000000036,Other,0.64,False
ID02253,Female,24,Economics,7.8,5.2,6,76.0,Normal,3.45,3.42,-0.03000000000000025,Maintain,0.66,False
ID02254,Female,22,Mathematics,5.4,4.9,10,94.2,Excellent,2.7,3.06,0.3599999999999999,Other,0.62,False
ID02255,Female,23,Psychology,6.3,4.5,5,65.4,Danger,3.49,3.52,0.029999999999999805,Maintain,0.78,False
ID02256,Female,21,Psychology,5.5,4.1,6,87.8,Normal,3.02,3.42,0.3999999999999999,Other,0.83,False
ID02257,Male,18,Engineering,8.0,5.9,6,93.4,Excellent,2.63,2.94,0.31000000000000005,Other,0.5,False
ID02258,Male,24,Business,8.5,0.6,12,82.0,Normal,3.13,3.37,0.2400000000000002,Other,5.62,False
ID02259,Male,23,Business,8.0,9.1,12,90.6,Excellent,2.13,2.74,0.6100000000000003,Improve,0.3,False
ID02260,Male,21,Economics,7.2,3.5,11,70.1,Danger,2.82,2.75,-0.06999999999999984,Maintain,0.79,False
ID02261,Female,24,Mathematics,7.6,5.9,5,70.5,Danger,3.27,3.35,0.08000000000000007,Maintain,0.57,False
ID02262,Female,22,Business,5.9,3.9,4,88.6,Normal,2.21,2.26,0.04999999999999982,Maintain,0.58,False
ID02263,Female,20,Psychology,6.3,2.5,12,95.2,Excellent,1.81,2.26,0.44999999999999973,Other,0.9,False
ID02264,Male,20,Business,7.0,3.3,9,56.9,Danger,1.93,1.53,-0.3999999999999999,Other,0.46,False
ID02265,Female,18,Mathematics,6.6,2.0,3,92.8,Excellent,3.76,4.0,0.2400000000000002,Other,2.0,True
ID02266,Female,20,Psychology,7.0,2.2,8,76.9,Normal,3.06,3.16,0.10000000000000009,Other,1.44,False
ID02267,Female,21,Business,4.6,5.3,6,82.1,Normal,2.83,3.08,0.25,Other,0.58,False
ID02268,Female,18,Psychology,8.3,4.5,8,64.9,Danger,3.57,3.43,-0.13999999999999968,Other,0.76,False
ID02269,Male,23,Engineering,5.4,1.1,8,72.2,Danger,2.9,2.68,-0.21999999999999975,Other,2.44,False
ID02270,Male,22,Engineering,4.0,2.3,7,99.5,Excellent,3.23,3.57,0.33999999999999986,Other,1.55,False
ID02271,Male,18,Economics,5.9,3.5,7,85.5,Normal,3.11,3.48,0.3700000000000001,Other,0.99,False
ID02272,Male,23,Engineering,6.7,3.9,5,79.3,Normal,2.86,2.9,0.040000000000000036,Maintain,0.74,False
ID02273,Male,18,Business,10.0,11.1,12,83.3,Normal,3.25,3.87,0.6200000000000001,Improve,0.35,True
ID02274,Female,19,Mathematics,6.3,4.5,4,92.3,Excellent,3.49,3.83,0.33999999999999986,Other,0.85,False
ID02275,Female,19,Psychology,7.3,0.9,9,91.6,Excellent,3.01,3.38,0.3700000000000001,Other,3.76,False
ID02276,Female,18,Computer Science,7.5,4.1,6,83.9,Normal,2.87,3.42,0.5499999999999998,Improve,0.83,False
ID02277,Female,24,Engineering,4.7,1.7,11,100.0,Excellent,2.93,2.98,0.04999999999999982,Maintain,1.75,False
ID02278,Male,20,Engineering,6.8,3.6,5,99.6,Excellent,1.95,2.46,0.51,Improve,0.68,False
ID02279,Female,19,Computer Science,6.6,11.6,11,91.2,Excellent,3.24,4.0,0.7599999999999998,Improve,0.34,True
ID02280,Male,24,Computer Science,7.1,2.9,7,85.8,Normal,2.5,2.78,0.2799999999999998,Other,0.96,False
ID02281,Male,24,Business,7.6,6.7,8,94.9,Excellent,3.41,3.86,0.44999999999999973,Other,0.58,False
ID02282,Male,22,Psychology,8.3,4.0,2,89.7,Normal,3.05,3.45,0.40000000000000036,Other,0.86,False
ID02283,Male,23,Engineering,5.7,8.9,6,100.0,Excellent,3.15,3.82,0.6699999999999999,Improve,0.43,False
ID02284,Male,21,Mathematics,7.7,5.5,8,98.5,Excellent,3.45,3.84,0.3899999999999997,Other,0.7,False
ID02285,Male,19,Business,5.9,7.2,8,69.7,Danger,2.64,2.75,0.10999999999999988,Other,0.38,False
ID02286,Male,18,Business,5.6,5.0,9,68.7,Danger,3.28,3.21,-0.06999999999999984,Maintain,0.64,False
ID02287,Female,20,Mathematics,9.6,2.9,7,74.5,Danger,3.23,3.01,-0.2200000000000002,Other,1.04,False
ID02288,Male,21,Mathematics,4.3,8.3,4,99.6,Excellent,3.01,3.67,0.6600000000000001,Improve,0.44,False
ID02289,Male,23,Economics,6.2,4.6,8,61.4,Danger,2.64,2.6,-0.040000000000000036,Maintain,0.57,False
ID02290,Male,24,Mathematics,7.3,3.0,3,90.9,Excellent,3.4,3.83,0.43000000000000016,Other,1.28,False
ID02291,Female,23,Computer Science,6.1,2.5,9,90.4,Excellent,3.45,3.69,0.23999999999999977,Other,1.48,False
ID02292,Male,19,Engineering,7.2,4.7,6,100.0,Excellent,3.16,3.38,0.21999999999999975,Other,0.72,False
ID02293,Male,23,Economics,5.0,7.5,6,87.7,Normal,2.56,2.91,0.3500000000000001,Other,0.39,False
ID02294,Male,23,Computer Science,4.2,5.2,4,64.9,Danger,2.84,2.68,-0.1599999999999997,Other,0.52,False
ID02295,Male,20,Economics,5.7,3.2,6,70.6,Danger,3.07,3.17,0.10000000000000009,Other,0.99,False
ID02296,Male,24,Engineering,7.2,5.1,8,67.3,Danger,3.44,3.45,0.010000000000000231,Maintain,0.68,False
ID02297,Male,20,Economics,6.7,6.3,8,76.9,Normal,2.31,2.57,0.2599999999999998,Other,0.41,False
ID02298,Male,20,Computer Science,8.0,1.3,11,82.3,Normal,2.82,3.01,0.18999999999999995,Other,2.32,False
ID02299,Male,18,Psychology,4.9,1.7,11,67.5,Danger,2.9,2.81,-0.08999999999999986,Maintain,1.65,False
ID02300,Male,23,Engineering,6.1,6.0,7,100.0,Excellent,3.06,3.41,0.3500000000000001,Other,0.57,False
ID02301,Female,23,Business,6.9,1.6,11,65.1,Danger,2.45,2.22,-0.22999999999999998,Other,1.39,False
ID02302,Female,23,Engineering,5.5,3.6,8,100.0,Excellent,2.99,3.34,0.34999999999999964,Other,0.93,False
ID02303,Male,22,Engineering,7.2,4.3,4,100.0,Excellent,2.94,3.39,0.4500000000000002,Other,0.79,False
ID02304,Male,20,Engineering,6.6,2.1,8,98.5,Excellent,2.58,2.68,0.10000000000000009,Other,1.28,False
ID02305,Female,21,Psychology,7.7,3.6,8,74.6,Danger,3.04,3.16,0.1200000000000001,Other,0.88,False
ID02306,Male,19,Computer Science,7.4,4.3,5,90.1,Excellent,2.83,3.23,0.3999999999999999,Other,0.75,False
ID02307,Male,24,Business,4.2,7.7,9,65.8,Danger,3.35,3.35,0.0,Maintain,0.44,False
ID02308,Female,21,Computer Science,9.2,7.2,7,98.7,Excellent,2.66,3.2,0.54,Improve,0.44,False
ID02309,Male,24,Economics,4.0,4.7,11,83.9,Normal,3.14,3.5,0.3599999999999999,Other,0.74,False
ID02310,Male,18,Economics,4.7,2.7,15,78.9,Normal,2.7,2.59,-0.11000000000000032,Other,0.96,False
ID02311,Male,18,Economics,6.9,7.3,11,66.6,Danger,2.8,2.89,0.0900000000000003,Maintain,0.4,False
ID02312,Female,24,Computer Science,7.4,7.5,12,47.8,Danger,3.25,3.19,-0.06000000000000005,Maintain,0.43,False
ID02313,Male,23,Mathematics,6.6,2.5,14,69.4,Danger,3.22,3.06,-0.16000000000000014,Other,1.22,False
ID02314,Female,21,Psychology,6.2,4.5,11,100.0,Excellent,2.89,3.14,0.25,Other,0.7,False
ID02315,Female,23,Mathematics,6.9,3.0,8,79.0,Normal,2.97,2.87,-0.10000000000000009,Other,0.96,False
ID02316,Male,22,Economics,7.8,4.8,5,82.5,Normal,2.37,2.82,0.44999999999999973,Other,0.59,False
ID02317,Male,18,Psychology,5.3,2.4,9,94.8,Excellent,3.8,4.0,0.20000000000000018,Other,1.67,True
ID02318,Male,18,Computer Science,5.3,6.2,10,100.0,Excellent,3.44,3.63,0.18999999999999995,Other,0.59,False
ID02319,Male,21,Economics,5.7,4.8,6,100.0,Excellent,3.43,3.78,0.34999999999999964,Other,0.79,False
ID02320,Male,18,Computer Science,9.0,2.4,11,70.4,Danger,2.3,1.98,-0.31999999999999984,Other,0.82,False
ID02321,Female,22,Psychology,7.6,5.9,11,55.9,Danger,2.8,2.81,0.010000000000000231,Maintain,0.48,False
ID02322,Female,22,Computer Science,7.9,2.7,7,100.0,Excellent,2.93,3.33,0.3999999999999999,Other,1.23,False
ID02323,Female,22,Computer Science,9.4,1.1,8,100.0,Excellent,2.13,2.32,0.18999999999999995,Other,2.11,False
ID02324,Male,19,Business,8.2,2.0,7,87.8,Normal,3.54,3.59,0.04999999999999982,Maintain,1.8,False
ID02325,Female,22,Mathematics,7.2,6.6,3,65.9,Danger,3.83,4.0,0.16999999999999993,Other,0.61,True
ID02326,Female,22,Mathematics,9.3,9.4,7,99.4,Excellent,4.0,4.0,0.0,Maintain,0.43,True
ID02327,Female,19,Mathematics,5.5,9.6,8,83.4,Normal,2.58,3.11,0.5299999999999998,Improve,0.32,False
ID02328,Male,23,Engineering,6.6,2.8,10,83.3,Normal,3.16,3.26,0.09999999999999964,Maintain,1.16,False
ID02329,Female,20,Business,8.7,3.6,9,98.4,Excellent,3.76,3.99,0.23000000000000043,Other,1.11,True
ID02330,Male,18,Economics,4.0,3.1,8,90.0,Normal,2.97,3.04,0.06999999999999984,Maintain,0.98,False
ID02331,Male,22,Economics,5.8,4.0,4,67.2,Danger,2.82,2.81,-0.009999999999999787,Maintain,0.7,False
ID02332,Male,18,Economics,8.2,1.6,10,80.1,Normal,2.17,2.49,0.3200000000000003,Other,1.56,False
ID02333,Female,21,Mathematics,7.2,2.9,4,94.9,Excellent,3.67,4.0,0.33000000000000007,Other,1.38,True
ID02334,Female,18,Mathematics,7.8,4.5,12,92.7,Excellent,3.09,3.39,0.30000000000000027,Other,0.75,False
ID02335,Male,24,Business,4.1,6.7,7,88.9,Normal,2.74,3.08,0.33999999999999986,Other,0.46,False
ID02336,Male,23,Computer Science,5.7,4.7,10,99.0,Excellent,3.24,3.7,0.45999999999999996,Other,0.79,False
ID02337,Male,19,Mathematics,8.0,3.5,5,79.6,Normal,3.18,3.05,-0.13000000000000034,Other,0.87,False
ID02338,Male,18,Economics,5.6,2.1,9,87.7,Normal,3.18,3.49,0.31000000000000005,Other,1.66,False
ID02339,Male,18,Computer Science,8.2,6.9,7,34.4,Danger,2.99,2.61,-0.38000000000000034,Other,0.38,False
ID02340,Male,18,Mathematics,7.4,1.5,13,78.3,Normal,3.91,3.8,-0.11000000000000032,Other,2.53,False
ID02341,Female,20,Psychology,5.2,1.7,7,96.5,Excellent,3.03,3.26,0.22999999999999998,Other,1.92,False
ID02342,Male,20,Engineering,7.5,5.6,6,79.1,Normal,3.91,4.0,0.08999999999999986,Maintain,0.71,True
ID02343,Male,21,Mathematics,8.1,6.0,13,78.0,Normal,3.38,3.46,0.08000000000000007,Maintain,0.58,False
ID02344,Male,19,Psychology,7.5,0.6,8,69.4,Danger,3.28,3.16,-0.11999999999999966,Other,5.27,False
ID02345,Female,18,Business,7.8,3.5,8,100.0,Excellent,3.04,3.41,0.3700000000000001,Other,0.97,False
ID02346,Female,18,Psychology,4.4,1.0,8,93.2,Excellent,3.59,3.56,-0.029999999999999805,Maintain,3.56,False
ID02347,Female,18,Business,10.0,3.6,11,97.4,Excellent,3.16,3.42,0.2599999999999998,Other,0.95,False
ID02348,Male,18,Mathematics,10.0,3.2,8,59.1,Danger,2.63,2.43,-0.19999999999999973,Other,0.76,False
ID02349,Female,20,Business,9.1,8.3,8,82.6,Normal,2.62,2.96,0.33999999999999986,Other,0.36,False
ID02350,Male,23,Psychology,7.2,5.1,5,80.8,Normal,3.31,3.54,0.22999999999999998,Other,0.69,False
ID02351,Female,23,Engineering,6.4,5.2,10,80.8,Normal,2.65,3.02,0.3700000000000001,Other,0.58,False
ID02352,Female,21,Computer Science,6.4,7.6,11,75.8,Normal,3.07,3.25,0.18000000000000016,Other,0.43,False
ID02353,Female,24,Computer Science,8.2,7.7,9,79.8,Normal,3.63,3.62,-0.009999999999999787,Maintain,0.47,False
ID02354,Female,22,Engineering,8.6,4.3,3,97.7,Excellent,3.25,3.54,0.29000000000000004,Other,0.82,False
ID02355,Female,19,Economics,6.0,2.7,7,56.3,Danger,2.74,2.4,-0.3400000000000003,Other,0.89,False
ID02356,Male,23,Computer Science,7.0,6.5,10,100.0,Excellent,3.8,4.0,0.20000000000000018,Other,0.62,True
ID02357,Female,24,Mathematics,8.9,6.3,8,92.3,Excellent,3.37,3.7,0.33000000000000007,Other,0.59,False
ID02358,Male,18,Economics,6.8,5.6,9,84.4,Normal,3.61,4.0,0.3900000000000001,Other,0.71,True
ID02359,Male,23,Mathematics,7.2,4.3,6,98.6,Excellent,1.97,2.45,0.4800000000000002,Other,0.57,False
ID02360,Male,21,Psychology,9.1,3.6,7,63.2,Danger,3.27,3.19,-0.08000000000000007,Maintain,0.89,False
ID02361,Male,22,Psychology,8.8,7.8,7,75.0,Danger,3.52,3.68,0.16000000000000014,Other,0.47,False
ID02362,Male,23,Economics,8.2,3.2,12,83.2,Normal,3.95,4.0,0.04999999999999982,Maintain,1.25,True
ID02363,Male,21,Economics,5.4,2.6,13,100.0,Excellent,2.37,2.66,0.29000000000000004,Other,1.02,False
ID02364,Male,20,Economics,5.4,3.4,8,84.3,Normal,3.7,3.98,0.2799999999999998,Other,1.17,True
ID02365,Female,22,Economics,5.9,2.3,7,91.8,Excellent,3.92,3.99,0.07000000000000028,Maintain,1.73,True
ID02366,Male,21,Business,6.2,6.3,8,76.2,Normal,2.09,2.22,0.13000000000000034,Other,0.35,False
ID02367,Male,24,Economics,7.3,4.3,8,92.3,Excellent,3.34,3.82,0.48,Other,0.89,False
ID02368,Female,23,Economics,6.9,1.0,8,100.0,Excellent,3.41,3.66,0.25,Other,3.66,False
ID02369,Male,20,Psychology,6.8,5.1,6,99.9,Excellent,2.94,3.53,0.5899999999999999,Improve,0.69,False
ID02370,Female,24,Mathematics,6.6,3.5,8,83.8,Normal,2.85,3.32,0.46999999999999975,Other,0.95,False
ID02371,Female,21,Psychology,5.7,4.0,11,95.1,Excellent,3.43,3.65,0.21999999999999975,Other,0.91,False
ID02372,Female,21,Computer Science,6.3,4.6,7,93.7,Excellent,2.79,3.09,0.2999999999999998,Other,0.67,False
ID02373,Female,24,Business,10.0,2.9,4,92.6,Excellent,2.99,3.03,0.03999999999999959,Maintain,1.04,False
ID02374,Male,23,Business,8.0,2.6,10,100.0,Excellent,3.51,3.75,0.2400000000000002,Other,1.44,False
ID02375,Female,22,Mathematics,7.0,5.6,7,100.0,Excellent,3.98,4.0,0.020000000000000018,Maintain,0.71,True
ID02376,Male,20,Economics,4.7,1.8,7,83.1,Normal,3.37,3.32,-0.050000000000000266,Maintain,1.84,False
ID02377,Male,18,Psychology,5.5,2.2,8,94.6,Excellent,3.17,3.19,0.020000000000000018,Maintain,1.45,False
ID02378,Female,19,Computer Science,6.9,2.5,10,79.3,Normal,2.84,2.8,-0.040000000000000036,Maintain,1.12,False
ID02379,Male,22,Psychology,9.0,6.8,9,71.2,Danger,2.59,2.84,0.25,Other,0.42,False
ID02380,Female,20,Economics,7.3,7.9,9,81.0,Normal,3.65,4.0,0.3500000000000001,Other,0.51,True
ID02381,Female,24,Economics,7.3,2.5,11,83.9,Normal,3.02,3.27,0.25,Other,1.31,False
ID02382,Female,21,Engineering,8.7,2.2,3,60.1,Danger,3.68,3.49,-0.18999999999999995,Other,1.59,False
ID02383,Female,24,Psychology,5.5,4.3,9,97.9,Excellent,2.94,3.15,0.20999999999999996,Other,0.73,False
ID02384,Male,20,Mathematics,9.1,3.5,7,43.5,Danger,2.78,2.49,-0.2899999999999996,Other,0.71,False
ID02385,Male,24,Psychology,6.4,6.4,9,100.0,Excellent,3.31,3.78,0.46999999999999975,Other,0.59,False
ID02386,Female,24,Business,8.7,5.3,9,100.0,Excellent,3.06,3.34,0.2799999999999998,Other,0.63,False
ID02387,Male,19,Computer Science,9.5,9.9,8,81.1,Normal,2.5,3.22,0.7200000000000002,Improve,0.33,False
ID02388,Female,23,Mathematics,5.6,2.3,11,85.1,Normal,4.0,4.0,0.0,Maintain,1.74,True
ID02389,Female,19,Engineering,7.0,6.3,12,89.5,Normal,2.79,3.39,0.6000000000000001,Improve,0.54,False
ID02390,Female,18,Computer Science,8.2,3.2,11,76.2,Normal,3.56,3.48,-0.08000000000000007,Maintain,1.09,False
ID02391,Male,18,Computer Science,6.6,2.1,8,87.9,Normal,3.52,3.75,0.22999999999999998,Other,1.79,False
ID02392,Male,19,Business,6.6,3.1,10,82.8,Normal,2.47,2.6,0.1299999999999999,Other,0.84,False
ID02393,Male,22,Business,6.4,3.3,10,83.6,Normal,2.6,3.06,0.45999999999999996,Other,0.93,False
ID02394,Male,22,Business,4.2,7.5,8,87.7,Normal,2.95,3.28,0.3299999999999996,Other,0.44,False
ID02395,Female,24,Mathematics,8.6,1.4,10,65.3,Danger,2.67,2.56,-0.10999999999999988,Other,1.83,False
ID02396,Male,24,Psychology,5.5,2.5,11,85.6,Normal,3.96,4.0,0.040000000000000036,Maintain,1.6,True
ID02397,Male,21,Computer Science,4.0,4.2,4,87.5,Normal,3.0,3.27,0.27,Other,0.78,False
ID02398,Male,18,Psychology,8.6,2.0,5,86.9,Normal,3.54,3.75,0.20999999999999996,Other,1.88,False
ID02399,Female,21,Psychology,7.7,9.3,8,81.8,Normal,3.36,3.91,0.5500000000000003,Improve,0.42,True
ID02400,Female,18,Business,5.0,10.2,14,100.0,Excellent,3.23,3.88,0.6499999999999999,Improve,0.38,True
ID02401,Male,19,Psychology,8.6,4.0,6,79.7,Normal,3.12,3.13,0.009999999999999787,Maintain,0.78,False
ID02402,Male,22,Computer Science,8.0,5.6,10,88.4,Normal,3.72,4.0,0.2799999999999998,Other,0.71,True
ID02403,Male,24,Computer Science,7.0,8.5,5,100.0,Excellent,2.69,3.32,0.6299999999999999,Improve,0.39,False
ID02404,Male,22,Economics,6.5,3.7,8,83.8,Normal,3.96,4.0,0.040000000000000036,Maintain,1.08,True
ID02405,Female,19,Engineering,6.8,5.4,5,88.2,Normal,2.46,2.94,0.48,Other,0.54,False
ID02406,Female,21,Mathematics,7.3,1.9,4,83.6,Normal,3.49,3.8,0.3099999999999996,Other,2.0,False
ID02407,Male,21,Psychology,5.8,1.0,7,100.0,Excellent,2.4,2.48,0.08000000000000007,Maintain,2.48,False
ID02408,Male,20,Mathematics,8.7,6.7,9,81.1,Normal,2.94,3.22,0.28000000000000025,Other,0.48,False
ID02409,Female,24,Mathematics,7.8,3.8,4,100.0,Excellent,3.15,3.61,0.45999999999999996,Other,0.95,False
ID02410,Male,24,Mathematics,6.8,10.0,10,83.4,Normal,2.86,3.61,0.75,Improve,0.36,False
ID02411,Female,24,Economics,9.6,2.8,4,72.1,Danger,3.01,2.72,-0.2899999999999996,Other,0.97,False
ID02412,Male,18,Mathematics,6.5,1.7,8,95.2,Excellent,2.41,2.64,0.22999999999999998,Other,1.55,False
ID02413,Male,21,Economics,9.3,6.4,5,80.4,Normal,2.61,2.82,0.20999999999999996,Other,0.44,False
ID02414,Male,19,Computer Science,7.4,9.5,8,94.3,Excellent,3.35,3.9,0.5499999999999998,Improve,0.41,True
ID02415,Male,21,Psychology,8.1,1.9,5,44.1,Danger,3.11,2.62,-0.48999999999999977,Other,1.38,False
ID02416,Female,22,Economics,6.4,2.2,7,85.1,Normal,2.75,2.88,0.1299999999999999,Other,1.31,False
ID02417,Male,18,Engineering,4.2,8.3,13,78.1,Normal,3.76,3.91,0.15000000000000036,Other,0.47,True
ID02418,Male,24,Mathematics,7.7,11.7,4,69.1,Danger,2.49,3.01,0.5199999999999996,Improve,0.26,False
ID02419,Male,23,Engineering,5.2,5.4,6,76.7,Normal,2.92,2.91,-0.009999999999999787,Maintain,0.54,False
ID02420,Male,20,Computer Science,6.1,2.6,5,76.4,Normal,2.85,2.72,-0.1299999999999999,Other,1.05,False
ID02421,Male,18,Computer Science,7.1,7.9,10,84.3,Normal,3.41,3.92,0.5099999999999998,Improve,0.5,True
ID02422,Male,22,Business,6.0,3.4,7,64.5,Danger,3.12,3.18,0.06000000000000005,Maintain,0.94,False
ID02423,Female,24,Mathematics,7.0,2.7,6,89.7,Normal,3.05,3.51,0.45999999999999996,Other,1.3,False
ID02424,Male,22,Business,7.3,2.9,8,100.0,Excellent,2.18,2.47,0.29000000000000004,Other,0.85,False
ID02425,Male,22,Engineering,4.8,5.9,12,89.2,Normal,3.53,4.0,0.4700000000000002,Other,0.68,True
ID02426,Female,24,Psychology,7.4,4.1,5,97.1,Excellent,2.99,3.54,0.5499999999999998,Improve,0.86,False
ID02427,Male,22,Business,6.1,5.2,4,100.0,Excellent,3.16,3.59,0.4299999999999997,Other,0.69,False
ID02428,Female,19,Computer Science,5.4,6.5,7,100.0,Excellent,2.73,2.96,0.22999999999999998,Other,0.46,False
ID02429,Male,20,Mathematics,4.0,3.5,10,100.0,Excellent,2.65,3.03,0.3799999999999999,Other,0.87,False
ID02430,Female,23,Engineering,4.7,6.9,12,77.5,Normal,3.85,4.0,0.1499999999999999,Other,0.58,True
ID02431,Female,22,Economics,7.0,4.0,7,74.2,Danger,2.21,2.41,0.20000000000000018,Other,0.6,False
ID02432,Female,22,Computer Science,7.1,2.9,10,96.8,Excellent,2.57,3.05,0.48,Other,1.05,False
ID02433,Female,21,Economics,7.8,1.5,10,95.6,Excellent,3.84,3.98,0.14000000000000012,Other,2.65,True
ID02434,Male,20,Psychology,9.6,3.4,6,96.6,Excellent,3.42,3.57,0.1499999999999999,Other,1.05,False
ID02435,Female,18,Mathematics,9.0,8.8,7,100.0,Excellent,2.94,3.5,0.56,Improve,0.4,False
ID02436,Male,20,Psychology,8.5,6.3,13,85.2,Normal,3.72,4.0,0.2799999999999998,Other,0.63,True
ID02437,Male,20,Psychology,8.8,5.2,6,91.4,Excellent,3.32,3.78,0.45999999999999996,Other,0.73,False
ID02438,Male,24,Mathematics,7.3,2.0,6,70.3,Danger,3.22,3.07,-0.15000000000000036,Other,1.54,False
ID02439,Male,24,Mathematics,7.2,2.9,10,100.0,Excellent,3.21,3.57,0.3599999999999999,Other,1.23,False
ID02440,Male,24,Economics,9.3,5.8,4,80.0,Normal,3.33,3.85,0.52,Improve,0.66,False
ID02441,Female,23,Psychology,7.3,6.6,10,80.4,Normal,3.35,3.72,0.3700000000000001,Other,0.56,False
ID02442,Male,20,Engineering,7.4,6.3,10,79.8,Normal,4.0,4.0,0.0,Maintain,0.63,True
ID02443,Female,23,Economics,8.7,4.7,6,75.3,Normal,3.0,2.95,-0.04999999999999982,Maintain,0.63,False
ID02444,Female,22,Mathematics,6.6,2.4,7,74.1,Danger,3.02,2.82,-0.20000000000000018,Other,1.18,False
ID02445,Male,24,Computer Science,6.8,6.6,5,77.1,Normal,2.48,2.53,0.04999999999999982,Maintain,0.38,False
ID02446,Male,22,Economics,5.0,2.9,4,64.5,Danger,3.07,2.92,-0.1499999999999999,Other,1.01,False
ID02447,Male,24,Business,6.3,6.7,5,73.2,Danger,4.0,4.0,0.0,Maintain,0.6,True
ID02448,Male,19,Engineering,6.5,3.4,13,100.0,Excellent,3.59,3.86,0.27,Other,1.14,False
ID02449,Male,23,Economics,6.6,9.7,10,96.0,Excellent,2.83,3.36,0.5299999999999998,Improve,0.35,False
ID02450,Male,23,Mathematics,8.2,3.2,8,98.9,Excellent,3.12,3.48,0.3599999999999999,Other,1.09,False
ID02451,Male,18,Mathematics,5.5,3.1,8,100.0,Excellent,2.45,2.7,0.25,Other,0.87,False
ID02452,Female,21,Engineering,9.2,3.8,7,100.0,Excellent,2.62,3.02,0.3999999999999999,Other,0.79,False
ID02453,Female,20,Business,4.0,2.5,8,58.4,Danger,3.17,2.63,-0.54,Decline,1.05,False
ID02454,Male,18,Economics,7.9,2.2,9,66.6,Danger,2.85,2.64,-0.20999999999999996,Other,1.2,False
ID02455,Female,23,Economics,8.2,2.4,9,72.9,Danger,2.58,2.39,-0.18999999999999995,Other,1.0,False
ID02456,Male,18,Psychology,8.0,8.1,7,78.0,Normal,3.34,3.42,0.08000000000000007,Maintain,0.42,False
ID02457,Male,19,Computer Science,8.6,2.3,13,80.5,Normal,3.06,3.38,0.31999999999999984,Other,1.47,False
ID02458,Female,21,Mathematics,6.7,3.2,8,78.3,Normal,2.32,2.21,-0.10999999999999988,Other,0.69,False
ID02459,Male,23,Economics,8.9,12.3,6,88.3,Normal,2.06,2.58,0.52,Improve,0.21,False
ID02460,Male,23,Economics,6.0,6.8,2,85.5,Normal,2.81,3.42,0.6099999999999999,Improve,0.5,False
ID02461,Female,20,Economics,6.1,6.7,10,74.2,Danger,2.31,2.58,0.27,Other,0.39,False
ID02462,Female,24,Business,10.0,11.3,9,52.4,Danger,2.17,2.01,-0.16000000000000014,Other,0.18,False
ID02463,Female,21,Computer Science,7.3,3.8,10,70.1,Danger,3.66,3.7,0.040000000000000036,Maintain,0.97,False
ID02464,Female,19,Economics,8.4,1.1,9,76.8,Normal,3.05,2.83,-0.21999999999999975,Other,2.57,False
ID02465,Female,22,Engineering,7.7,6.4,8,81.3,Normal,2.97,3.39,0.41999999999999993,Other,0.53,False
ID02466,Male,18,Mathematics,8.1,3.5,10,68.1,Danger,3.01,2.79,-0.21999999999999975,Other,0.8,False
ID02467,Male,20,Psychology,4.0,12.4,11,77.6,Normal,2.53,3.01,0.48,Other,0.24,False
ID02468,Male,23,Engineering,7.6,1.0,10,68.0,Danger,3.31,3.11,-0.20000000000000018,Other,3.11,False
ID02469,Male,22,Mathematics,7.0,2.2,11,83.1,Normal,3.03,3.27,0.2400000000000002,Other,1.49,False
ID02470,Male,19,Business,8.5,2.8,8,68.9,Danger,2.72,2.76,0.03999999999999959,Maintain,0.99,False
ID02471,Male,21,Computer Science,5.8,3.8,11,72.3,Danger,2.8,2.67,-0.1299999999999999,Other,0.7,False
ID02472,Female,18,Computer Science,8.8,1.6,7,65.4,Danger,2.49,2.13,-0.3600000000000003,Other,1.33,False
ID02473,Female,20,Mathematics,5.2,4.9,6,82.7,Normal,2.9,3.35,0.4500000000000002,Other,0.68,False
ID02474,Female,23,Engineering,6.3,2.7,7,72.0,Danger,2.98,2.96,-0.020000000000000018,Maintain,1.1,False
ID02475,Male,23,Psychology,4.6,7.0,11,98.6,Excellent,2.88,3.28,0.3999999999999999,Other,0.47,False
ID02476,Female,22,Business,5.4,8.5,7,91.1,Excellent,3.13,3.63,0.5,Improve,0.43,False
ID02477,Male,22,Mathematics,7.0,3.3,7,84.0,Normal,3.06,3.25,0.18999999999999995,Other,0.98,False
ID02478,Female,18,Business,9.1,5.4,8,73.0,Danger,3.22,3.33,0.10999999999999988,Other,0.62,False
ID02479,Male,21,Computer Science,7.1,4.0,12,90.7,Excellent,3.57,3.81,0.2400000000000002,Other,0.95,False
ID02480,Female,19,Economics,5.1,3.8,10,95.4,Excellent,3.4,3.56,0.16000000000000014,Other,0.94,False
ID02481,Male,24,Economics,4.0,1.6,8,87.1,Normal,3.58,3.76,0.17999999999999972,Other,2.35,False
ID02482,Female,21,Psychology,8.0,3.7,6,100.0,Excellent,2.68,3.11,0.4299999999999997,Other,0.84,False
ID02483,Female,21,Business,6.0,6.6,5,91.9,Excellent,2.85,3.42,0.5699999999999998,Improve,0.52,False
ID02484,Male,21,Mathematics,6.2,5.0,5,98.7,Excellent,3.43,3.66,0.22999999999999998,Other,0.73,False
ID02485,Male,24,Psychology,8.6,2.2,14,87.0,Normal,3.44,3.7,0.26000000000000023,Other,1.68,False
ID02486,Female,18,Engineering,6.8,1.6,11,95.1,Excellent,2.76,3.06,0.30000000000000027,Other,1.91,False
ID02487,Male,24,Economics,6.6,3.6,5,73.0,Danger,3.41,3.48,0.06999999999999984,Maintain,0.97,False
ID02488,Female,18,Mathematics,7.2,2.5,7,78.1,Normal,2.63,2.79,0.16000000000000014,Other,1.12,False
ID02489,Female,24,Business,9.2,2.7,3,90.2,Excellent,3.34,3.46,0.1200000000000001,Other,1.28,False
ID02490,Male,19,Psychology,7.4,2.5,11,90.1,Excellent,3.09,3.44,0.3500000000000001,Other,1.38,False
ID02491,Male,21,Mathematics,4.0,4.0,4,92.6,Excellent,2.41,2.69,0.2799999999999998,Other,0.67,False
ID02492,Male,18,Psychology,5.8,5.6,16,100.0,Excellent,2.88,2.87,-0.009999999999999787,Maintain,0.51,False
ID02493,Female,24,Psychology,6.6,2.4,12,63.6,Danger,4.0,4.0,0.0,Maintain,1.67,True
ID02494,Male,19,Psychology,8.3,2.4,4,70.4,Danger,3.2,3.03,-0.17000000000000037,Other,1.26,False
ID02495,Male,24,Business,5.1,1.7,5,88.4,Normal,4.0,4.0,0.0,Maintain,2.35,True
ID02496,Male,23,Mathematics,7.2,4.4,9,74.1,Danger,2.38,2.47,0.0900000000000003,Maintain,0.56,False
ID02497,Female,19,Computer Science,6.9,6.6,7,100.0,Excellent,3.48,3.96,0.48,Other,0.6,True
ID02498,Female,21,Computer Science,8.5,3.7,7,92.7,Excellent,1.83,2.05,0.21999999999999975,Other,0.55,False
ID02499,Female,20,Business,5.5,5.7,6,83.8,Normal,3.1,3.3,0.19999999999999973,Other,0.58,False
ID02500,Male,21,Business,7.3,7.6,6,77.3,Normal,3.42,3.55,0.1299999999999999,Other,0.47,False
ID02501,Female,20,Economics,9.3,4.6,8,77.8,Normal,3.52,3.35,-0.16999999999999993,Other,0.73,False
ID02502,Female,19,Psychology,8.3,2.2,8,85.5,Normal,2.7,2.95,0.25,Other,1.34,False
ID02503,Female,23,Mathematics,7.9,2.1,10,86.7,Normal,3.62,3.97,0.3500000000000001,Other,1.89,True
ID02504,Female,23,Mathematics,6.5,2.3,12,78.1,Normal,2.83,2.85,0.020000000000000018,Maintain,1.24,False
ID02505,Male,18,Engineering,7.2,10.4,8,80.9,Normal,3.02,3.86,0.8399999999999999,Improve,0.37,False
ID02506,Male,23,Engineering,6.8,12.0,11,100.0,Excellent,2.88,3.54,0.6600000000000001,Improve,0.3,False
ID02507,Female,22,Computer Science,8.3,3.2,11,100.0,Excellent,2.53,2.87,0.3400000000000003,Other,0.9,False
ID02508,Male,19,Engineering,7.8,7.4,8,88.8,Normal,3.88,4.0,0.1200000000000001,Other,0.54,True
ID02509,Female,18,Engineering,6.1,8.1,10,64.9,Danger,3.12,3.2,0.08000000000000007,Maintain,0.4,False
ID02510,Female,23,Computer Science,9.6,1.6,10,93.1,Excellent,3.64,3.57,-0.07000000000000028,Maintain,2.23,False
ID02511,Male,19,Economics,8.8,10.0,9,100.0,Excellent,3.62,4.0,0.3799999999999999,Other,0.4,True
ID02512,Female,21,Computer Science,5.7,3.4,7,100.0,Excellent,2.62,2.95,0.33000000000000007,Other,0.87,False
ID02513,Male,23,Engineering,6.5,3.3,4,96.0,Excellent,3.71,4.0,0.29000000000000004,Other,1.21,True
ID02514,Male,24,Mathematics,6.8,1.8,7,100.0,Excellent,3.35,3.58,0.22999999999999998,Other,1.99,False
ID02515,Female,20,Engineering,8.2,10.4,7,85.8,Normal,2.58,2.97,0.3900000000000001,Other,0.29,False
ID02516,Female,19,Psychology,5.8,4.2,8,94.4,Excellent,3.32,3.39,0.07000000000000028,Maintain,0.81,False
ID02517,Male,18,Psychology,6.0,9.8,6,74.8,Danger,2.59,3.1,0.5100000000000002,Improve,0.32,False
ID02518,Male,21,Psychology,8.3,7.8,9,89.4,Normal,3.9,4.0,0.10000000000000009,Other,0.51,True
ID02519,Female,22,Economics,7.8,3.2,8,100.0,Excellent,3.51,3.93,0.4200000000000004,Other,1.23,True
ID02520,Female,21,Business,4.1,4.3,6,76.2,Normal,3.06,2.85,-0.20999999999999996,Other,0.66,False
ID02521,Female,23,Psychology,8.0,2.6,9,72.1,Danger,3.73,3.58,-0.1499999999999999,Other,1.38,False
ID02522,Male,20,Mathematics,4.8,2.8,9,86.5,Normal,2.31,2.37,0.06000000000000005,Maintain,0.85,False
ID02523,Male,21,Economics,6.0,5.2,5,81.6,Normal,2.73,3.05,0.31999999999999984,Other,0.59,False
ID02524,Male,22,Business,6.5,6.2,12,94.7,Excellent,2.97,3.39,0.41999999999999993,Other,0.55,False
ID02525,Female,24,Business,6.3,1.1,10,78.2,Normal,4.0,3.75,-0.25,Other,3.41,False
ID02526,Male,18,Psychology,6.0,1.1,5,100.0,Excellent,2.56,2.95,0.3900000000000001,Other,2.68,False
ID02527,Male,19,Engineering,5.4,2.9,6,65.7,Danger,2.25,1.95,-0.30000000000000004,Other,0.67,False
ID02528,Female,20,Computer Science,7.8,4.7,14,100.0,Excellent,2.38,2.87,0.4900000000000002,Other,0.61,False
ID02529,Male,22,Engineering,4.6,8.2,8,73.5,Danger,3.55,3.72,0.17000000000000037,Other,0.45,False
ID02530,Female,23,Engineering,6.2,4.1,5,58.1,Danger,2.8,2.39,-0.4099999999999997,Other,0.58,False
ID02531,Female,23,Business,8.2,3.4,12,88.6,Normal,3.02,3.09,0.06999999999999984,Maintain,0.91,False
ID02532,Female,23,Business,7.6,5.6,10,81.2,Normal,3.48,3.95,0.4700000000000002,Other,0.71,True
ID02533,Male,20,Economics,4.9,2.2,4,68.4,Danger,3.02,2.81,-0.20999999999999996,Other,1.28,False
ID02534,Male,21,Economics,4.1,4.2,7,59.8,Danger,3.2,2.84,-0.3600000000000003,Other,0.68,False
ID02535,Female,20,Business,5.4,3.7,10,84.9,Normal,3.37,3.62,0.25,Other,0.98,False
ID02536,Female,23,Mathematics,4.0,4.4,9,99.6,Excellent,2.88,3.18,0.30000000000000027,Other,0.72,False
ID02537,Female,24,Mathematics,7.1,7.6,14,93.8,Excellent,3.02,3.58,0.56,Improve,0.47,False
ID02538,Male,22,Computer Science,6.3,1.2,7,85.9,Normal,3.22,3.26,0.03999999999999959,Maintain,2.72,False
ID02539,Female,19,Business,6.4,3.8,8,92.2,Excellent,3.53,3.97,0.4400000000000004,Other,1.04,True
ID02540,Female,19,Psychology,7.8,6.1,5,84.6,Normal,2.7,3.07,0.36999999999999966,Other,0.5,False
ID02541,Female,20,Economics,8.3,5.4,5,63.6,Danger,1.59,1.46,-0.13000000000000012,Other,0.27,False
ID02542,Female,23,Business,7.4,1.3,7,63.7,Danger,3.44,3.2,-0.23999999999999977,Other,2.46,False
ID02543,Female,18,Mathematics,6.7,1.1,9,82.0,Normal,3.56,3.66,0.10000000000000009,Other,3.33,False
ID02544,Female,24,Business,5.9,5.9,5,82.6,Normal,3.2,3.6,0.3999999999999999,Other,0.61,False
ID02545,Male,20,Mathematics,6.5,1.3,6,97.8,Excellent,3.23,3.43,0.20000000000000018,Other,2.64,False
ID02546,Male,23,Business,7.3,4.3,7,96.4,Excellent,2.82,3.03,0.20999999999999996,Other,0.7,False
ID02547,Male,21,Psychology,8.4,7.3,5,94.1,Excellent,3.35,3.58,0.22999999999999998,Other,0.49,False
ID02548,Male,19,Computer Science,4.9,1.5,5,80.8,Normal,3.53,3.46,-0.06999999999999984,Maintain,2.31,False
ID02549,Male,19,Psychology,5.3,9.9,5,64.3,Danger,3.13,3.34,0.20999999999999996,Other,0.34,False
ID02550,Male,24,Mathematics,7.0,5.8,10,91.2,Excellent,4.0,4.0,0.0,Maintain,0.69,True
ID02551,Male,19,Economics,4.0,14.0,9,92.9,Excellent,2.32,3.1,0.7800000000000002,Improve,0.22,False
ID02552,Male,18,Economics,7.4,3.0,9,49.2,Danger,3.18,3.0,-0.18000000000000016,Other,1.0,False
ID02553,Female,23,Engineering,8.6,8.4,6,72.5,Danger,2.51,2.61,0.10000000000000009,Other,0.31,False
ID02554,Female,23,Psychology,10.0,3.2,7,74.6,Danger,3.54,3.31,-0.22999999999999998,Other,1.03,False
ID02555,Male,24,Business,7.1,4.1,11,86.8,Normal,2.31,2.79,0.48,Other,0.68,False
ID02556,Female,23,Computer Science,8.3,2.6,6,72.9,Danger,2.43,2.4,-0.03000000000000025,Maintain,0.92,False
ID02557,Male,24,Business,7.0,4.0,4,84.4,Normal,2.78,3.17,0.3900000000000001,Other,0.79,False
ID02558,Male,23,Business,9.4,6.8,10,81.8,Normal,3.23,3.78,0.5499999999999998,Improve,0.56,False
ID02559,Male,18,Psychology,6.4,10.0,10,82.6,Normal,2.8,3.5,0.7000000000000002,Improve,0.35,False
ID02560,Male,22,Computer Science,7.5,2.3,14,74.3,Danger,2.81,2.79,-0.020000000000000018,Maintain,1.21,False
ID02561,Female,20,Engineering,7.9,4.5,11,75.4,Normal,3.01,3.09,0.08000000000000007,Maintain,0.69,False
ID02562,Female,20,Business,7.6,2.8,6,68.8,Danger,2.98,3.02,0.040000000000000036,Maintain,1.08,False
ID02563,Male,23,Computer Science,5.8,4.6,10,90.7,Excellent,3.84,4.0,0.16000000000000014,Other,0.87,True
ID02564,Male,21,Engineering,4.9,7.4,8,93.6,Excellent,3.44,3.77,0.33000000000000007,Other,0.51,False
ID02565,Male,19,Business,8.5,3.0,9,73.4,Danger,2.94,3.02,0.08000000000000007,Maintain,1.01,False
ID02566,Male,18,Computer Science,7.4,5.2,7,100.0,Excellent,4.0,4.0,0.0,Maintain,0.77,True
ID02567,Male,21,Psychology,7.1,2.2,12,80.3,Normal,3.35,3.48,0.1299999999999999,Other,1.58,False
ID02568,Male,21,Economics,8.3,7.7,13,100.0,Excellent,2.62,3.07,0.44999999999999973,Other,0.4,False
ID02569,Female,23,Economics,8.3,6.3,8,75.4,Normal,3.23,3.41,0.18000000000000016,Other,0.54,False
ID02570,Female,18,Business,7.5,2.4,12,54.6,Danger,3.37,2.86,-0.5100000000000002,Decline,1.19,False
ID02571,Male,20,Business,8.0,2.4,7,91.0,Excellent,2.76,2.88,0.1200000000000001,Other,1.2,False
ID02572,Female,19,Computer Science,6.2,8.7,10,88.7,Normal,2.57,3.17,0.6000000000000001,Improve,0.36,False
ID02573,Male,20,Economics,7.8,11.7,9,85.5,Normal,3.14,3.69,0.5499999999999998,Improve,0.32,False
ID02574,Male,21,Business,4.6,2.5,4,75.4,Normal,2.92,2.93,0.010000000000000231,Maintain,1.17,False
ID02575,Male,19,Engineering,7.0,6.8,5,84.5,Normal,3.84,4.0,0.16000000000000014,Other,0.59,True
ID02576,Female,22,Business,8.1,3.2,8,77.3,Normal,3.47,3.47,0.0,Maintain,1.08,False
ID02577,Female,21,Economics,5.9,8.7,6,80.5,Normal,2.78,3.39,0.6100000000000003,Improve,0.39,False
ID02578,Female,20,Mathematics,7.2,3.4,7,97.6,Excellent,3.31,3.7,0.3900000000000001,Other,1.09,False
ID02579,Male,20,Economics,7.5,6.0,5,87.8,Normal,3.73,4.0,0.27,Other,0.67,True
ID02580,Female,23,Engineering,5.7,4.4,1,94.1,Excellent,2.4,2.48,0.08000000000000007,Maintain,0.56,False
ID02581,Male,20,Computer Science,8.7,0.8,4,81.5,Normal,2.59,2.82,0.22999999999999998,Other,3.52,False
ID02582,Female,18,Engineering,7.5,2.3,8,79.9,Normal,3.09,3.14,0.050000000000000266,Maintain,1.37,False
ID02583,Male,21,Mathematics,4.5,5.9,4,67.7,Danger,3.12,3.12,0.0,Maintain,0.53,False
ID02584,Male,24,Mathematics,7.1,5.5,7,79.4,Normal,3.07,3.31,0.2400000000000002,Other,0.6,False
ID02585,Female,24,Business,9.2,4.7,2,35.2,Danger,2.94,2.45,-0.48999999999999977,Other,0.52,False
ID02586,Female,19,Business,7.0,10.2,5,76.1,Normal,2.94,3.23,0.29000000000000004,Other,0.32,False
ID02587,Male,20,Economics,6.0,6.5,11,83.8,Normal,3.29,3.7,0.41000000000000014,Other,0.57,False
ID02588,Female,23,Psychology,6.2,6.1,9,93.5,Excellent,3.67,3.97,0.30000000000000027,Other,0.65,True
ID02589,Male,23,Engineering,6.8,0.8,9,81.0,Normal,2.86,3.15,0.29000000000000004,Other,3.94,False
ID02590,Female,20,Economics,5.2,6.7,3,90.2,Excellent,4.0,4.0,0.0,Maintain,0.6,True
ID02591,Female,18,Psychology,9.1,1.4,12,52.3,Danger,4.0,3.55,-0.4500000000000002,Other,2.54,False
ID02592,Female,23,Economics,8.4,4.0,7,84.1,Normal,3.76,3.98,0.2200000000000002,Other,1.0,True
ID02593,Female,24,Mathematics,8.6,1.4,9,59.8,Danger,3.41,2.97,-0.43999999999999995,Other,2.12,False
ID02594,Male,19,Business,4.7,5.3,7,66.9,Danger,4.0,4.0,0.0,Maintain,0.75,True
ID02595,Male,21,Business,7.2,7.5,13,82.2,Normal,2.95,3.42,0.46999999999999975,Other,0.46,False
ID02596,Female,22,Economics,8.6,3.8,10,100.0,Excellent,2.68,2.85,0.16999999999999993,Other,0.75,False
ID02597,Male,18,Business,5.6,3.9,8,90.6,Excellent,2.84,3.13,0.29000000000000004,Other,0.8,False
ID02598,Male,23,Computer Science,6.9,2.1,9,85.3,Normal,2.6,2.93,0.33000000000000007,Other,1.4,False
ID02599,Male,21,Economics,5.4,7.5,8,84.7,Normal,3.16,3.57,0.4099999999999997,Other,0.48,False
ID02600,Male,22,Mathematics,8.3,1.5,9,74.3,Danger,3.25,3.22,-0.029999999999999805,Maintain,2.15,False
ID02601,Female,20,Economics,6.7,4.4,10,76.8,Normal,3.2,3.21,0.009999999999999787,Maintain,0.73,False
ID02602,Male,20,Economics,6.9,3.8,6,91.4,Excellent,3.09,3.49,0.40000000000000036,Other,0.92,False
ID02603,Female,19,Business,5.3,5.0,12,64.2,Danger,3.17,3.24,0.07000000000000028,Maintain,0.65,False
ID02604,Male,22,Mathematics,9.3,6.4,8,93.9,Excellent,3.97,4.0,0.029999999999999805,Maintain,0.62,True
ID02605,Male,20,Economics,7.1,3.6,5,79.2,Normal,3.41,3.25,-0.16000000000000014,Other,0.9,False
ID02606,Male,20,Business,8.2,6.8,12,97.4,Excellent,3.56,4.0,0.43999999999999995,Other,0.59,True
ID02607,Male,24,Engineering,7.6,3.9,11,99.4,Excellent,3.2,3.54,0.33999999999999986,Other,0.91,False
ID02608,Male,23,Mathematics,5.6,4.9,9,59.9,Danger,2.29,1.82,-0.47,Other,0.37,False
ID02609,Female,19,Psychology,4.5,1.9,6,76.3,Normal,2.19,2.22,0.03000000000000025,Maintain,1.17,False
ID02610,Male,21,Computer Science,6.7,3.1,5,72.2,Danger,4.0,3.92,-0.08000000000000007,Maintain,1.26,True
ID02611,Female,20,Psychology,8.7,1.3,12,57.8,Danger,2.83,2.33,-0.5,Decline,1.79,False
ID02612,Male,24,Mathematics,4.0,4.2,7,69.5,Danger,2.79,2.74,-0.04999999999999982,Maintain,0.65,False
ID02613,Male,18,Economics,9.9,6.2,10,100.0,Excellent,3.22,3.53,0.3099999999999996,Other,0.57,False
ID02614,Female,18,Business,8.3,3.5,8,94.1,Excellent,3.38,3.47,0.0900000000000003,Maintain,0.99,False
ID02615,Male,21,Mathematics,7.3,3.8,5,100.0,Excellent,3.44,3.86,0.41999999999999993,Other,1.02,False
ID02616,Male,22,Computer Science,6.8,5.1,9,97.4,Excellent,3.99,4.0,0.009999999999999787,Maintain,0.78,True
ID02617,Male,19,Mathematics,8.3,5.4,12,73.9,Danger,3.85,3.94,0.08999999999999986,Maintain,0.73,True
ID02618,Male,24,Business,5.2,1.2,7,79.3,Normal,2.69,2.62,-0.06999999999999984,Maintain,2.18,False
ID02619,Female,23,Psychology,7.7,2.7,9,93.8,Excellent,3.58,3.67,0.08999999999999986,Maintain,1.36,False
ID02620,Male,24,Engineering,7.5,1.4,10,91.6,Excellent,2.91,3.22,0.31000000000000005,Other,2.3,False
ID02621,Female,18,Psychology,9.7,3.1,13,76.3,Normal,3.03,2.99,-0.03999999999999959,Maintain,0.96,False
ID02622,Female,18,Business,6.5,9.2,8,62.4,Danger,2.55,2.74,0.1900000000000004,Other,0.3,False
ID02623,Male,21,Business,7.1,6.2,7,100.0,Excellent,2.25,2.76,0.5099999999999998,Improve,0.45,False
ID02624,Female,22,Computer Science,6.9,4.0,9,82.9,Normal,3.08,3.4,0.31999999999999984,Other,0.85,False
ID02625,Male,22,Mathematics,6.2,10.7,6,80.1,Normal,2.62,3.14,0.52,Improve,0.29,False
ID02626,Female,21,Mathematics,9.2,4.8,3,86.7,Normal,3.56,3.86,0.2999999999999998,Other,0.8,False
ID02627,Male,24,Psychology,5.5,13.9,5,81.4,Normal,2.96,3.89,0.9300000000000002,Improve,0.28,True
ID02628,Female,18,Engineering,4.7,4.3,7,86.8,Normal,3.25,3.57,0.31999999999999984,Other,0.83,False
ID02629,Male,24,Engineering,7.4,2.7,7,100.0,Excellent,3.78,4.0,0.2200000000000002,Other,1.48,True
ID02630,Male,24,Computer Science,5.9,1.8,10,83.1,Normal,2.36,2.53,0.16999999999999993,Other,1.41,False
ID02631,Female,19,Business,7.4,5.8,6,67.6,Danger,2.74,2.98,0.23999999999999977,Other,0.51,False
ID02632,Female,18,Computer Science,8.0,3.1,9,82.6,Normal,3.19,3.36,0.16999999999999993,Other,1.08,False
ID02633,Male,22,Mathematics,7.2,4.3,9,78.0,Normal,3.26,3.34,0.08000000000000007,Maintain,0.78,False
ID02634,Male,23,Economics,7.0,5.3,8,100.0,Excellent,3.65,4.0,0.3500000000000001,Other,0.75,True
ID02635,Female,24,Economics,4.0,2.3,4,100.0,Excellent,3.53,3.65,0.1200000000000001,Other,1.59,False
ID02636,Female,18,Economics,7.8,4.7,8,86.6,Normal,3.15,3.63,0.48,Other,0.77,False
ID02637,Female,24,Business,7.3,3.6,7,65.8,Danger,3.25,3.31,0.06000000000000005,Maintain,0.92,False
ID02638,Female,19,Computer Science,9.8,1.4,8,66.6,Danger,3.27,3.17,-0.10000000000000009,Other,2.26,False
ID02639,Female,20,Psychology,8.7,5.5,10,85.2,Normal,2.37,2.73,0.3599999999999999,Other,0.5,False
ID02640,Female,18,Mathematics,4.8,5.9,7,90.0,Normal,3.02,3.48,0.45999999999999996,Other,0.59,False
ID02641,Male,21,Economics,8.6,8.2,11,79.4,Normal,3.22,3.43,0.20999999999999996,Other,0.42,False
ID02642,Male,20,Engineering,5.1,1.8,9,77.8,Normal,3.33,3.24,-0.08999999999999986,Maintain,1.8,False
ID02643,Female,24,Computer Science,8.3,11.8,7,76.1,Normal,2.64,2.87,0.22999999999999998,Other,0.24,False
ID02644,Female,21,Mathematics,9.2,2.4,4,84.6,Normal,2.47,2.78,0.3099999999999996,Other,1.16,False
ID02645,Male,21,Mathematics,9.8,0.9,7,49.3,Danger,2.98,2.34,-0.6400000000000001,Decline,2.6,False
ID02646,Male,21,Engineering,6.4,4.1,7,68.5,Danger,4.0,3.99,-0.009999999999999787,Maintain,0.97,True
ID02647,Female,18,Engineering,8.1,5.0,8,75.6,Normal,2.69,2.85,0.16000000000000014,Other,0.57,False
ID02648,Male,22,Engineering,8.5,3.6,9,100.0,Excellent,3.69,3.76,0.06999999999999984,Maintain,1.04,False
ID02649,Male,24,Economics,7.7,1.8,6,72.8,Danger,3.89,3.98,0.08999999999999986,Maintain,2.21,True
ID02650,Male,20,Economics,4.5,3.0,15,87.7,Normal,3.12,3.31,0.18999999999999995,Other,1.1,False
ID02651,Male,19,Computer Science,7.2,4.8,7,88.4,Normal,2.76,3.02,0.26000000000000023,Other,0.63,False
ID02652,Male,22,Engineering,7.9,12.8,6,100.0,Excellent,3.36,4.0,0.6400000000000001,Improve,0.31,True
ID02653,Male,24,Psychology,7.0,1.9,12,100.0,Excellent,3.2,3.36,0.1599999999999997,Other,1.77,False
ID02654,Male,18,Mathematics,5.7,2.7,8,84.1,Normal,2.67,2.93,0.26000000000000023,Other,1.09,False
ID02655,Female,21,Engineering,6.7,1.6,10,77.9,Normal,2.77,2.82,0.04999999999999982,Maintain,1.76,False
ID02656,Male,19,Mathematics,8.4,3.1,11,75.0,Danger,3.33,3.26,-0.07000000000000028,Maintain,1.05,False
ID02657,Female,24,Business,7.6,3.8,11,81.4,Normal,3.57,4.0,0.43000000000000016,Other,1.05,True
ID02658,Female,20,Business,7.7,7.0,7,78.5,Normal,2.94,3.31,0.3700000000000001,Other,0.47,False
ID02659,Male,24,Engineering,6.6,4.9,11,93.3,Excellent,3.07,3.49,0.4200000000000004,Other,0.71,False
ID02660,Female,22,Mathematics,7.6,9.0,8,91.3,Excellent,3.43,3.89,0.45999999999999996,Other,0.43,True
ID02661,Male,23,Business,4.0,3.9,13,93.9,Excellent,3.01,3.34,0.33000000000000007,Other,0.86,False
ID02662,Female,22,Engineering,6.9,0.3,8,100.0,Excellent,2.95,3.08,0.1299999999999999,Other,10.27,False
ID02663,Male,24,Mathematics,6.4,5.0,8,100.0,Excellent,2.72,3.13,0.4099999999999997,Other,0.63,False
ID02664,Female,19,Engineering,7.0,1.1,14,86.9,Normal,2.71,2.97,0.26000000000000023,Other,2.7,False
ID02665,Female,24,Economics,5.2,6.9,13,100.0,Excellent,4.0,4.0,0.0,Maintain,0.58,True
ID02666,Male,24,Mathematics,7.6,3.9,8,79.7,Normal,3.0,3.1,0.10000000000000009,Other,0.79,False
ID02667,Male,18,Business,9.9,2.6,10,100.0,Excellent,3.78,3.85,0.07000000000000028,Maintain,1.48,False
ID02668,Female,20,Engineering,7.1,1.7,6,100.0,Excellent,3.94,4.0,0.06000000000000005,Maintain,2.35,True
ID02669,Female,19,Business,7.1,2.9,8,100.0,Excellent,3.01,3.43,0.4200000000000004,Other,1.18,False
ID02670,Male,24,Engineering,10.0,3.8,8,86.4,Normal,3.28,3.34,0.06000000000000005,Maintain,0.88,False
ID02671,Female,21,Computer Science,5.6,10.9,9,75.0,Danger,3.15,3.37,0.2200000000000002,Other,0.31,False
ID02672,Male,20,Business,7.7,3.6,5,64.1,Danger,2.29,2.51,0.21999999999999975,Other,0.7,False
ID02673,Female,22,Business,9.4,4.6,6,84.4,Normal,2.32,2.47,0.15000000000000036,Other,0.54,False
ID02674,Male,19,Psychology,6.4,3.7,7,100.0,Excellent,3.12,3.33,0.20999999999999996,Other,0.9,False
ID02675,Female,22,Economics,8.3,4.6,9,80.4,Normal,2.89,3.21,0.31999999999999984,Other,0.7,False
ID02676,Male,24,Business,7.3,4.4,8,96.8,Excellent,4.0,4.0,0.0,Maintain,0.91,True
ID02677,Male,22,Mathematics,5.4,4.0,10,97.7,Excellent,2.98,3.29,0.31000000000000005,Other,0.82,False
ID02678,Male,22,Engineering,6.8,2.6,9,80.7,Normal,4.0,4.0,0.0,Maintain,1.54,True
ID02679,Male,18,Computer Science,7.0,6.0,13,100.0,Excellent,2.86,3.28,0.41999999999999993,Other,0.55,False
ID02680,Male,22,Mathematics,6.0,1.9,8,41.4,Danger,4.0,3.84,-0.16000000000000014,Other,2.02,False
ID02681,Male,21,Mathematics,4.6,5.3,8,66.7,Danger,3.35,3.31,-0.040000000000000036,Maintain,0.62,False
ID02682,Female,21,Mathematics,6.4,6.0,9,71.3,Danger,3.38,3.36,-0.020000000000000018,Maintain,0.56,False
ID02683,Male,20,Mathematics,4.8,1.0,9,72.7,Danger,2.84,2.74,-0.09999999999999964,Maintain,2.74,False
ID02684,Male,24,Computer Science,7.8,1.8,6,90.0,Normal,3.39,3.67,0.2799999999999998,Other,2.04,False
ID02685,Male,23,Psychology,7.8,1.1,5,89.4,Normal,3.95,4.0,0.04999999999999982,Maintain,3.64,True
ID02686,Male,22,Economics,5.1,8.0,5,90.9,Excellent,3.03,3.64,0.6100000000000003,Improve,0.46,False
ID02687,Male,22,Business,7.1,2.8,7,93.9,Excellent,2.93,3.08,0.1499999999999999,Other,1.1,False
ID02688,Male,19,Mathematics,5.0,7.8,7,70.7,Danger,2.98,3.12,0.14000000000000012,Other,0.4,False
ID02689,Male,18,Business,6.5,3.2,9,66.7,Danger,3.91,3.8,-0.11000000000000032,Other,1.19,False
ID02690,Male,23,Business,6.0,2.0,5,90.9,Excellent,3.53,3.61,0.08000000000000007,Maintain,1.8,False
ID02691,Male,20,Mathematics,7.7,2.5,10,75.5,Normal,3.82,3.77,-0.04999999999999982,Maintain,1.51,False
ID02692,Female,23,Psychology,4.6,4.4,5,61.4,Danger,3.26,3.41,0.15000000000000036,Other,0.78,False
ID02693,Male,22,Business,8.5,6.0,7,99.6,Excellent,3.12,3.56,0.43999999999999995,Other,0.59,False
ID02694,Male,19,Engineering,8.8,4.0,7,100.0,Excellent,3.31,3.45,0.14000000000000012,Other,0.86,False
ID02695,Female,24,Business,6.8,6.8,8,100.0,Excellent,3.64,4.0,0.3599999999999999,Other,0.59,True
ID02696,Male,18,Economics,5.0,3.6,4,87.8,Normal,2.98,3.33,0.3500000000000001,Other,0.92,False
ID02697,Female,24,Mathematics,4.0,3.8,7,94.4,Excellent,3.78,3.9,0.1200000000000001,Other,1.03,True
ID02698,Male,20,Computer Science,8.6,2.4,13,100.0,Excellent,3.28,3.33,0.050000000000000266,Maintain,1.39,False
ID02699,Female,23,Business,10.0,2.2,8,75.4,Normal,1.9,1.63,-0.27,Other,0.74,False
ID02700,Female,20,Psychology,7.1,6.2,9,100.0,Excellent,3.54,4.0,0.45999999999999996,Other,0.65,True
ID02701,Male,22,Engineering,5.3,1.9,7,89.1,Normal,2.46,2.42,-0.040000000000000036,Maintain,1.27,False
ID02702,Female,20,Engineering,5.4,3.2,4,98.7,Excellent,3.53,3.78,0.25,Other,1.18,False
ID02703,Male,24,Computer Science,8.8,6.4,11,87.8,Normal,3.55,4.0,0.4500000000000002,Other,0.62,True
ID02704,Male,19,Economics,7.3,1.2,8,100.0,Excellent,3.26,3.58,0.3200000000000003,Other,2.98,False
ID02705,Female,20,Computer Science,5.5,8.2,10,88.4,Normal,3.37,3.9,0.5299999999999998,Improve,0.48,True
ID02706,Female,21,Economics,10.0,2.0,8,62.7,Danger,3.65,3.39,-0.2599999999999998,Other,1.7,False
ID02707,Male,19,Business,8.6,8.2,8,100.0,Excellent,2.85,3.44,0.5899999999999999,Improve,0.42,False
ID02708,Male,23,Mathematics,7.8,1.9,7,70.8,Danger,3.5,3.63,0.1299999999999999,Other,1.91,False
ID02709,Male,18,Psychology,6.2,6.2,6,100.0,Excellent,3.68,4.0,0.31999999999999984,Other,0.65,True
ID02710,Male,18,Engineering,8.9,2.8,8,83.6,Normal,3.98,4.0,0.020000000000000018,Maintain,1.43,True
ID02711,Female,22,Computer Science,8.3,11.1,14,100.0,Excellent,2.55,3.3,0.75,Improve,0.3,False
ID02712,Male,22,Psychology,6.8,3.4,7,100.0,Excellent,3.3,3.81,0.5100000000000002,Improve,1.12,False
ID02713,Male,21,Economics,8.6,1.7,10,91.5,Excellent,2.62,2.68,0.06000000000000005,Maintain,1.58,False
ID02714,Male,23,Mathematics,8.6,5.3,9,92.6,Excellent,2.6,3.09,0.48999999999999977,Other,0.58,False
ID02715,Male,24,Engineering,7.4,3.0,5,91.3,Excellent,3.28,3.45,0.17000000000000037,Other,1.15,False
ID02716,Male,18,Engineering,5.3,5.7,9,54.8,Danger,3.14,2.75,-0.3900000000000001,Other,0.48,False
ID02717,Female,18,Economics,5.5,8.1,8,86.8,Normal,3.67,3.97,0.30000000000000027,Other,0.49,True
ID02718,Female,18,Mathematics,4.6,6.3,2,68.3,Danger,2.93,2.97,0.040000000000000036,Maintain,0.47,False
ID02719,Female,24,Engineering,9.0,1.2,6,87.6,Normal,3.03,2.94,-0.08999999999999986,Maintain,2.45,False
ID02720,Male,18,Mathematics,4.8,1.9,11,67.9,Danger,3.21,3.01,-0.20000000000000018,Other,1.58,False
ID02721,Female,20,Engineering,7.1,4.6,4,67.2,Danger,2.67,2.8,0.1299999999999999,Other,0.61,False
ID02722,Female,23,Business,4.6,4.9,9,100.0,Excellent,2.74,2.87,0.1299999999999999,Other,0.59,False
ID02723,Female,19,Economics,9.5,0.5,1,100.0,Excellent,3.66,3.86,0.19999999999999973,Other,7.72,False
ID02724,Male,19,Mathematics,5.3,1.6,7,84.9,Normal,2.83,2.88,0.04999999999999982,Maintain,1.8,False
ID02725,Male,21,Psychology,7.5,2.0,12,87.8,Normal,3.69,3.76,0.06999999999999984,Maintain,1.88,False
ID02726,Male,20,Business,4.6,8.4,8,81.3,Normal,3.4,3.82,0.41999999999999993,Other,0.45,False
ID02727,Male,18,Psychology,8.3,2.5,9,93.5,Excellent,2.33,2.36,0.029999999999999805,Maintain,0.94,False
ID02728,Male,18,Economics,8.6,6.0,5,74.9,Danger,3.37,3.54,0.16999999999999993,Other,0.59,False
ID02729,Male,22,Engineering,7.0,7.4,4,99.9,Excellent,3.36,3.81,0.4500000000000002,Other,0.51,False
ID02730,Male,22,Psychology,6.9,2.5,3,81.2,Normal,3.31,3.43,0.1200000000000001,Other,1.37,False
ID02731,Female,21,Business,8.2,3.7,5,78.7,Normal,3.03,2.95,-0.07999999999999963,Maintain,0.8,False
ID02732,Male,18,Mathematics,6.1,6.0,6,85.3,Normal,2.63,3.06,0.43000000000000016,Other,0.51,False
ID02733,Male,21,Computer Science,8.6,1.2,6,76.1,Normal,3.77,3.49,-0.2799999999999998,Other,2.91,False
ID02734,Female,20,Psychology,7.4,3.3,4,89.9,Normal,3.05,3.3,0.25,Other,1.0,False
ID02735,Female,19,Computer Science,4.6,7.9,8,76.9,Normal,2.66,2.91,0.25,Other,0.37,False
ID02736,Female,18,Economics,9.8,4.9,8,92.0,Excellent,3.33,3.68,0.3500000000000001,Other,0.75,False
ID02737,Female,23,Psychology,7.3,4.9,6,100.0,Excellent,2.73,3.01,0.2799999999999998,Other,0.61,False
ID02738,Male,24,Psychology,6.5,6.8,9,74.2,Danger,2.63,3.0,0.3700000000000001,Other,0.44,False
ID02739,Female,20,Mathematics,7.2,2.7,7,83.0,Normal,2.91,3.12,0.20999999999999996,Other,1.16,False
ID02740,Male,18,Engineering,5.9,1.9,9,91.9,Excellent,2.77,2.93,0.16000000000000014,Other,1.54,False
ID02741,Male,24,Business,6.8,4.7,9,78.5,Normal,2.64,2.75,0.10999999999999988,Other,0.59,False
ID02742,Male,23,Business,8.2,2.9,6,92.0,Excellent,3.5,3.58,0.08000000000000007,Maintain,1.23,False
ID02743,Male,22,Business,8.0,2.7,8,93.3,Excellent,3.04,3.24,0.20000000000000018,Other,1.2,False
ID02744,Male,21,Economics,7.9,1.9,8,100.0,Excellent,3.73,3.97,0.2400000000000002,Other,2.09,True
ID02745,Female,22,Engineering,6.1,5.3,7,75.9,Normal,2.67,2.69,0.020000000000000018,Maintain,0.51,False
ID02746,Female,19,Computer Science,5.7,3.5,8,70.9,Danger,2.24,2.09,-0.15000000000000036,Other,0.6,False
ID02747,Female,22,Business,7.6,1.9,7,80.4,Normal,3.17,3.46,0.29000000000000004,Other,1.82,False
ID02748,Male,18,Computer Science,8.2,7.0,7,70.5,Danger,4.0,4.0,0.0,Maintain,0.57,True
ID02749,Female,23,Engineering,5.9,3.2,7,93.5,Excellent,3.37,3.7,0.33000000000000007,Other,1.16,False
ID02750,Female,22,Economics,6.7,5.4,8,67.6,Danger,4.0,3.97,-0.029999999999999805,Maintain,0.74,True
ID02751,Male,18,Engineering,7.6,9.6,7,100.0,Excellent,3.27,3.99,0.7200000000000002,Improve,0.42,True
ID02752,Female,19,Mathematics,6.9,6.9,12,100.0,Excellent,3.22,3.89,0.6699999999999999,Improve,0.56,True
ID02753,Male,24,Business,8.7,9.0,9,85.2,Normal,2.02,2.55,0.5299999999999998,Improve,0.28,False
ID02754,Male,23,Economics,5.0,6.9,7,98.0,Excellent,3.31,3.75,0.43999999999999995,Other,0.54,False
ID02755,Female,22,Mathematics,4.8,3.3,8,60.4,Danger,3.18,3.28,0.09999999999999964,Maintain,0.99,False
ID02756,Male,21,Business,8.6,2.3,7,100.0,Excellent,2.9,3.21,0.31000000000000005,Other,1.4,False
ID02757,Male,21,Engineering,7.9,3.2,9,76.1,Normal,3.03,3.06,0.03000000000000025,Maintain,0.96,False
ID02758,Female,23,Engineering,7.1,3.3,7,83.2,Normal,3.07,3.49,0.4200000000000004,Other,1.06,False
ID02759,Female,21,Psychology,6.5,8.1,11,57.2,Danger,3.01,2.84,-0.16999999999999993,Other,0.35,False
ID02760,Male,22,Psychology,7.7,2.9,5,92.3,Excellent,4.0,4.0,0.0,Maintain,1.38,True
ID02761,Male,22,Engineering,7.3,1.6,9,68.4,Danger,2.91,2.93,0.020000000000000018,Maintain,1.83,False
ID02762,Male,23,Engineering,7.4,4.5,6,86.5,Normal,3.18,3.47,0.29000000000000004,Other,0.77,False
ID02763,Female,22,Computer Science,6.9,4.1,8,76.8,Normal,2.9,2.94,0.040000000000000036,Maintain,0.72,False
ID02764,Male,24,Computer Science,7.8,2.4,8,68.8,Danger,3.49,3.33,-0.16000000000000014,Other,1.39,False
ID02765,Male,18,Mathematics,8.4,3.1,7,72.9,Danger,3.19,3.25,0.06000000000000005,Maintain,1.05,False
ID02766,Female,19,Psychology,8.4,9.2,7,88.4,Normal,2.96,3.63,0.6699999999999999,Improve,0.39,False
ID02767,Male,24,Psychology,7.7,5.3,5,65.8,Danger,2.14,2.25,0.10999999999999988,Other,0.42,False
ID02768,Male,24,Engineering,7.0,3.2,8,73.8,Danger,3.22,3.11,-0.11000000000000032,Other,0.97,False
ID02769,Male,21,Engineering,7.7,2.3,4,94.9,Excellent,2.95,3.29,0.33999999999999986,Other,1.43,False
ID02770,Female,18,Mathematics,8.8,11.9,13,100.0,Excellent,3.07,3.6,0.5300000000000002,Improve,0.3,False
ID02771,Male,23,Economics,6.8,10.3,8,92.2,Excellent,2.51,3.07,0.56,Improve,0.3,False
ID02772,Male,21,Economics,6.6,6.6,14,71.2,Danger,3.82,4.0,0.18000000000000016,Other,0.61,True
ID02773,Female,18,Economics,7.7,3.4,7,79.5,Normal,3.53,3.39,-0.13999999999999968,Other,1.0,False
ID02774,Male,22,Psychology,8.1,2.3,11,85.5,Normal,3.82,3.94,0.1200000000000001,Other,1.71,True
ID02775,Male,23,Computer Science,6.8,2.3,6,79.8,Normal,3.67,3.66,-0.009999999999999787,Maintain,1.59,False
ID02776,Male,23,Economics,7.7,3.4,6,98.5,Excellent,3.4,3.56,0.16000000000000014,Other,1.05,False
ID02777,Male,21,Business,5.7,2.9,5,88.3,Normal,2.53,2.54,0.010000000000000231,Maintain,0.88,False
ID02778,Male,22,Mathematics,7.0,3.9,8,98.6,Excellent,4.0,4.0,0.0,Maintain,1.03,True
ID02779,Male,21,Economics,9.3,3.8,8,80.3,Normal,2.64,2.73,0.08999999999999986,Maintain,0.72,False
ID02780,Male,20,Business,7.9,2.0,9,100.0,Excellent,2.97,3.12,0.1499999999999999,Other,1.56,False
ID02781,Male,18,Economics,6.0,2.1,6,82.5,Normal,3.45,3.7,0.25,Other,1.76,False
ID02782,Female,20,Computer Science,6.2,3.2,9,70.4,Danger,3.48,3.43,-0.04999999999999982,Maintain,1.07,False
ID02783,Female,18,Computer Science,5.1,3.7,5,100.0,Excellent,3.39,3.71,0.31999999999999984,Other,1.0,False
ID02784,Female,19,Economics,9.4,8.7,8,57.6,Danger,2.9,2.97,0.07000000000000028,Maintain,0.34,False
ID02785,Female,24,Business,5.5,4.7,9,73.9,Danger,2.8,2.89,0.0900000000000003,Maintain,0.61,False
ID02786,Male,23,Mathematics,4.0,4.6,9,75.6,Normal,4.0,4.0,0.0,Maintain,0.87,True
ID02787,Female,21,Business,4.9,4.8,6,100.0,Excellent,3.08,3.33,0.25,Other,0.69,False
ID02788,Male,19,Mathematics,7.1,7.6,11,100.0,Excellent,3.02,3.47,0.4500000000000002,Other,0.46,False
ID02789,Female,19,Economics,5.9,14.0,7,100.0,Excellent,2.74,3.38,0.6399999999999997,Improve,0.24,False
ID02790,Female,23,Mathematics,7.2,2.8,9,80.0,Normal,3.22,3.66,0.43999999999999995,Other,1.31,False
ID02791,Female,23,Engineering,7.5,11.4,8,100.0,Excellent,3.2,3.88,0.6799999999999997,Improve,0.34,True
ID02792,Female,18,Psychology,6.1,1.4,10,90.5,Excellent,3.09,3.39,0.30000000000000027,Other,2.42,False
ID02793,Female,20,Psychology,5.6,3.3,7,99.7,Excellent,3.29,3.57,0.2799999999999998,Other,1.08,False
ID02794,Male,22,Computer Science,8.4,1.9,2,87.7,Normal,3.98,3.95,-0.029999999999999805,Maintain,2.08,True
ID02795,Male,18,Engineering,7.4,5.9,11,84.3,Normal,2.8,3.4,0.6000000000000001,Improve,0.58,False
ID02796,Female,22,Psychology,4.0,6.8,11,81.2,Normal,3.12,3.5,0.3799999999999999,Other,0.51,False
ID02797,Male,19,Economics,4.7,1.6,4,81.9,Normal,2.78,2.8,0.020000000000000018,Maintain,1.75,False
ID02798,Female,22,Mathematics,4.3,7.3,9,94.1,Excellent,3.25,3.86,0.6099999999999999,Improve,0.53,False
ID02799,Female,20,Mathematics,6.8,4.9,9,90.5,Excellent,2.82,3.32,0.5,Improve,0.68,False
ID02800,Male,18,Business,7.3,6.4,6,84.5,Normal,2.84,3.36,0.52,Improve,0.52,False
ID02801,Female,23,Business,6.7,8.0,10,100.0,Excellent,2.37,3.12,0.75,Improve,0.39,False
ID02802,Female,20,Mathematics,6.1,6.0,6,40.5,Danger,3.15,3.1,-0.04999999999999982,Maintain,0.52,False
ID02803,Female,24,Economics,8.5,1.4,8,92.6,Excellent,3.31,3.28,-0.03000000000000025,Maintain,2.34,False
ID02804,Female,20,Mathematics,7.5,3.1,8,95.8,Excellent,4.0,4.0,0.0,Maintain,1.29,True
ID02805,Male,24,Business,5.6,1.5,5,100.0,Excellent,3.33,3.49,0.16000000000000014,Other,2.33,False
ID02806,Female,18,Psychology,5.7,0.9,4,84.0,Normal,2.88,2.89,0.010000000000000231,Maintain,3.21,False
ID02807,Female,23,Computer Science,5.9,1.8,6,88.1,Normal,2.42,2.69,0.27,Other,1.49,False
ID02808,Male,20,Business,6.5,3.2,13,99.8,Excellent,2.49,2.62,0.1299999999999999,Other,0.82,False
ID02809,Male,24,Economics,7.1,10.9,9,100.0,Excellent,2.45,3.21,0.7599999999999998,Improve,0.29,False
ID02810,Female,23,Psychology,7.6,3.9,4,80.5,Normal,4.0,4.0,0.0,Maintain,1.03,True
ID02811,Male,21,Psychology,5.8,4.9,11,89.0,Normal,3.24,3.37,0.1299999999999999,Other,0.69,False
ID02812,Female,21,Psychology,5.0,2.8,18,100.0,Excellent,2.81,2.64,-0.16999999999999993,Other,0.94,False
ID02813,Female,21,Engineering,7.6,3.5,9,53.1,Danger,2.62,2.29,-0.33000000000000007,Other,0.65,False
ID02814,Male,22,Engineering,8.2,4.1,8,74.6,Danger,2.67,2.67,0.0,Maintain,0.65,False
ID02815,Female,20,Psychology,9.6,3.3,7,100.0,Excellent,2.8,3.04,0.2400000000000002,Other,0.92,False
ID02816,Female,18,Economics,7.6,5.5,13,100.0,Excellent,3.76,4.0,0.2400000000000002,Other,0.73,True
ID02817,Male,18,Mathematics,5.9,2.6,7,92.8,Excellent,3.09,3.14,0.050000000000000266,Maintain,1.21,False
ID02818,Male,22,Economics,7.9,1.5,7,78.3,Normal,2.38,2.45,0.07000000000000028,Maintain,1.63,False
ID02819,Male,18,Engineering,6.8,1.2,6,71.8,Danger,4.0,4.0,0.0,Maintain,3.33,True
ID02820,Male,24,Business,5.0,6.5,4,76.1,Normal,2.53,2.49,-0.03999999999999959,Maintain,0.38,False
ID02821,Female,21,Engineering,6.9,0.5,10,100.0,Excellent,2.8,2.96,0.16000000000000014,Other,5.92,False
ID02822,Male,20,Mathematics,7.4,3.4,11,75.6,Normal,3.76,3.78,0.020000000000000018,Maintain,1.11,False
ID02823,Female,18,Computer Science,9.2,1.9,9,86.5,Normal,3.31,3.62,0.31000000000000005,Other,1.91,False
ID02824,Male,18,Engineering,7.1,5.6,6,73.7,Danger,2.87,3.16,0.29000000000000004,Other,0.56,False
ID02825,Male,19,Economics,5.8,4.0,7,97.6,Excellent,2.48,2.56,0.08000000000000007,Maintain,0.64,False
ID02826,Female,19,Economics,4.2,4.0,11,76.9,Normal,2.62,2.75,0.1299999999999999,Other,0.69,False
ID02827,Female,19,Psychology,5.2,4.2,6,83.5,Normal,2.65,2.74,0.0900000000000003,Maintain,0.65,False
ID02828,Male,20,Psychology,5.5,4.1,8,59.7,Danger,3.1,2.77,-0.33000000000000007,Other,0.68,False
ID02829,Male,21,Psychology,9.5,1.5,7,60.8,Danger,3.2,2.95,-0.25,Other,1.97,False
ID02830,Male,23,Computer Science,6.7,2.9,8,85.1,Normal,3.03,3.28,0.25,Other,1.13,False
ID02831,Male,21,Mathematics,6.9,2.2,5,65.1,Danger,3.08,3.09,0.009999999999999787,Maintain,1.4,False
ID02832,Female,21,Business,8.7,2.5,9,100.0,Excellent,2.57,2.78,0.20999999999999996,Other,1.11,False
ID02833,Male,20,Economics,7.9,4.2,4,54.1,Danger,3.25,2.88,-0.3700000000000001,Other,0.69,False
ID02834,Male,24,Economics,6.6,6.6,11,73.0,Danger,3.74,4.0,0.2599999999999998,Other,0.61,True
ID02835,Male,24,Mathematics,8.7,6.4,11,85.3,Normal,3.02,3.2,0.18000000000000016,Other,0.5,False
ID02836,Female,20,Computer Science,6.0,4.6,11,79.5,Normal,3.01,3.03,0.020000000000000018,Maintain,0.66,False
ID02837,Female,19,Psychology,7.4,3.0,5,68.4,Danger,3.14,3.26,0.11999999999999966,Other,1.09,False
ID02838,Male,18,Mathematics,5.1,4.0,9,70.6,Danger,3.66,3.75,0.08999999999999986,Maintain,0.94,False
ID02839,Female,22,Business,7.4,6.0,6,70.1,Danger,2.65,2.92,0.27,Other,0.49,False
ID02840,Male,22,Psychology,8.5,2.5,9,80.7,Normal,3.83,3.95,0.1200000000000001,Other,1.58,True
ID02841,Male,23,Business,8.3,3.9,9,100.0,Excellent,3.31,3.62,0.31000000000000005,Other,0.93,False
ID02842,Female,18,Engineering,8.4,2.8,12,86.2,Normal,3.11,3.41,0.30000000000000027,Other,1.22,False
ID02843,Female,23,Business,10.0,2.4,10,100.0,Excellent,3.71,3.91,0.20000000000000018,Other,1.63,True
ID02844,Female,19,Psychology,6.6,3.8,17,92.6,Excellent,2.51,2.62,0.11000000000000032,Other,0.69,False
ID02845,Female,23,Engineering,5.6,3.0,8,100.0,Excellent,3.36,3.58,0.2200000000000002,Other,1.19,False
ID02846,Male,18,Psychology,7.7,4.7,12,43.0,Danger,3.32,2.93,-0.3899999999999997,Other,0.62,False
ID02847,Female,18,Economics,5.7,3.1,8,80.4,Normal,2.63,2.74,0.11000000000000032,Other,0.88,False
ID02848,Male,22,Psychology,5.3,3.6,9,100.0,Excellent,3.33,3.64,0.31000000000000005,Other,1.01,False
ID02849,Female,24,Engineering,6.6,1.5,3,76.4,Normal,3.24,3.06,-0.18000000000000016,Other,2.04,False
ID02850,Male,19,Business,10.0,6.1,10,100.0,Excellent,3.01,3.35,0.3400000000000003,Other,0.55,False
ID02851,Female,20,Economics,8.0,6.2,7,100.0,Excellent,3.53,4.0,0.4700000000000002,Other,0.65,True
ID02852,Male,23,Computer Science,7.6,2.2,3,78.0,Normal,2.81,2.84,0.029999999999999805,Maintain,1.29,False
ID02853,Male,22,Computer Science,4.5,2.3,6,77.5,Normal,3.24,3.01,-0.23000000000000043,Other,1.31,False
ID02854,Female,23,Computer Science,6.1,4.3,6,69.8,Danger,3.03,3.13,0.10000000000000009,Other,0.73,False
ID02855,Male,23,Computer Science,9.1,2.9,8,75.6,Normal,2.79,2.72,-0.06999999999999984,Maintain,0.94,False
ID02856,Male,20,Mathematics,6.6,4.6,8,66.5,Danger,3.35,3.57,0.21999999999999975,Other,0.78,False
ID02857,Male,19,Computer Science,10.0,8.3,5,91.4,Excellent,3.0,3.49,0.4900000000000002,Other,0.42,False
ID02858,Male,18,Engineering,7.7,2.3,11,63.2,Danger,2.36,2.24,-0.11999999999999966,Other,0.97,False
ID02859,Male,21,Computer Science,6.8,6.4,4,94.1,Excellent,2.2,2.68,0.48,Other,0.42,False
ID02860,Male,23,Psychology,6.5,2.0,5,94.4,Excellent,3.49,3.58,0.08999999999999986,Maintain,1.79,False
ID02861,Female,21,Computer Science,6.9,2.5,8,60.1,Danger,2.49,2.51,0.019999999999999574,Maintain,1.0,False
ID02862,Male,19,Business,4.8,4.3,12,100.0,Excellent,3.24,3.67,0.4299999999999997,Other,0.85,False
ID02863,Female,21,Engineering,8.5,5.5,6,92.7,Excellent,3.13,3.47,0.3400000000000003,Other,0.63,False
ID02864,Female,23,Engineering,7.7,8.2,8,96.2,Excellent,2.92,3.4,0.48,Other,0.41,False
ID02865,Male,20,Economics,6.6,9.8,10,73.6,Danger,4.0,4.0,0.0,Maintain,0.41,True
ID02866,Female,21,Mathematics,6.8,3.2,11,94.3,Excellent,3.19,3.66,0.4700000000000002,Other,1.14,False
ID02867,Male,19,Psychology,8.2,3.9,6,100.0,Excellent,3.48,3.85,0.3700000000000001,Other,0.99,False
ID02868,Female,19,Engineering,10.0,4.7,4,83.5,Normal,3.24,3.65,0.4099999999999997,Other,0.78,False
ID02869,Male,24,Business,9.3,3.8,9,100.0,Excellent,2.98,3.25,0.27,Other,0.86,False
ID02870,Male,24,Computer Science,7.3,3.2,4,85.7,Normal,3.09,3.36,0.27,Other,1.05,False
ID02871,Female,20,Engineering,5.8,2.7,7,100.0,Excellent,3.83,3.87,0.040000000000000036,Maintain,1.43,True
ID02872,Female,21,Business,4.7,5.5,9,89.4,Normal,3.64,4.0,0.3599999999999999,Other,0.73,True
ID02873,Female,21,Computer Science,7.2,8.2,8,93.8,Excellent,4.0,4.0,0.0,Maintain,0.49,True
ID02874,Male,24,Mathematics,5.8,1.3,19,59.9,Danger,3.21,2.33,-0.8799999999999999,Decline,1.79,False
ID02875,Female,18,Engineering,7.2,3.4,7,90.6,Excellent,2.66,3.09,0.4299999999999997,Other,0.91,False
ID02876,Male,22,Engineering,7.4,1.4,10,74.0,Danger,2.88,2.74,-0.13999999999999968,Other,1.96,False
ID02877,Male,19,Business,8.1,5.3,2,72.3,Danger,2.51,2.56,0.050000000000000266,Maintain,0.48,False
ID02878,Male,18,Economics,5.2,2.4,11,100.0,Excellent,3.48,3.75,0.27,Other,1.56,False
ID02879,Female,19,Psychology,5.7,7.6,14,81.8,Normal,2.81,3.26,0.44999999999999973,Other,0.43,False
ID02880,Male,18,Mathematics,6.5,3.6,6,70.0,Danger,1.57,1.6,0.030000000000000027,Maintain,0.44,False
ID02881,Male,24,Psychology,7.4,5.4,13,79.6,Normal,4.0,3.94,-0.06000000000000005,Maintain,0.73,True
ID02882,Female,24,Engineering,7.3,2.2,7,65.5,Danger,2.81,2.77,-0.040000000000000036,Maintain,1.26,False
ID02883,Male,22,Psychology,10.0,4.2,7,100.0,Excellent,2.81,3.05,0.23999999999999977,Other,0.73,False
ID02884,Male,18,Computer Science,4.0,4.2,8,74.6,Danger,3.94,4.0,0.06000000000000005,Maintain,0.95,True
ID02885,Male,19,Mathematics,8.7,4.9,7,92.9,Excellent,2.5,2.77,0.27,Other,0.57,False
ID02886,Female,21,Psychology,8.6,2.6,10,100.0,Excellent,3.67,3.9,0.22999999999999998,Other,1.5,True
ID02887,Male,19,Computer Science,5.6,7.2,12,77.5,Normal,2.81,3.03,0.21999999999999975,Other,0.42,False
ID02888,Male,23,Business,6.3,4.7,12,93.0,Excellent,2.44,2.81,0.3700000000000001,Other,0.6,False
ID02889,Female,24,Psychology,9.6,8.0,9,69.5,Danger,3.95,4.0,0.04999999999999982,Maintain,0.5,True
ID02890,Female,20,Mathematics,6.1,1.5,8,100.0,Excellent,3.56,3.94,0.3799999999999999,Other,2.63,True
ID02891,Male,20,Computer Science,6.1,4.2,7,99.0,Excellent,3.56,4.0,0.43999999999999995,Other,0.95,True
ID02892,Female,24,Psychology,7.2,3.5,9,82.1,Normal,3.28,3.76,0.48,Other,1.07,False
ID02893,Female,23,Business,7.8,9.9,10,73.4,Danger,3.4,3.65,0.25,Other,0.37,False
ID02894,Female,20,Psychology,8.5,5.6,13,83.3,Normal,2.48,2.74,0.26000000000000023,Other,0.49,False
ID02895,Male,24,Computer Science,8.6,3.8,6,79.9,Normal,3.16,3.27,0.10999999999999988,Other,0.86,False
ID02896,Female,20,Psychology,8.2,5.4,9,100.0,Excellent,2.64,2.81,0.16999999999999993,Other,0.52,False
ID02897,Male,24,Mathematics,4.1,3.0,5,66.6,Danger,2.41,2.37,-0.040000000000000036,Maintain,0.79,False
ID02898,Male,22,Engineering,6.9,5.0,7,87.0,Normal,3.31,3.63,0.31999999999999984,Other,0.73,False
ID02899,Male,21,Computer Science,8.0,13.0,7,84.7,Normal,3.68,4.0,0.31999999999999984,Other,0.31,True
ID02900,Male,21,Computer Science,8.0,2.7,5,83.2,Normal,2.91,3.33,0.41999999999999993,Other,1.23,False
ID02901,Male,19,Computer Science,5.9,4.2,4,83.4,Normal,2.99,3.21,0.21999999999999975,Other,0.76,False
ID02902,Female,23,Computer Science,5.5,2.4,9,83.3,Normal,2.53,2.56,0.03000000000000025,Maintain,1.07,False
ID02903,Male,24,Psychology,5.4,2.1,12,98.1,Excellent,3.1,3.35,0.25,Other,1.6,False
ID02904,Male,18,Mathematics,7.7,6.4,10,94.1,Excellent,3.48,3.77,0.29000000000000004,Other,0.59,False
ID02905,Male,19,Business,8.5,1.8,9,91.3,Excellent,3.5,3.45,-0.04999999999999982,Maintain,1.92,False
ID02906,Male,19,Mathematics,7.2,5.0,5,39.5,Danger,3.37,3.32,-0.050000000000000266,Maintain,0.66,False
ID02907,Female,24,Computer Science,5.4,6.2,4,89.5,Normal,2.79,3.28,0.48999999999999977,Other,0.53,False
ID02908,Male,24,Economics,7.3,3.0,6,60.2,Danger,2.77,2.8,0.029999999999999805,Maintain,0.93,False
ID02909,Male,19,Psychology,5.6,7.8,7,94.7,Excellent,3.5,4.0,0.5,Improve,0.51,True
ID02910,Male,19,Economics,5.9,7.4,9,100.0,Excellent,3.51,4.0,0.4900000000000002,Other,0.54,True
ID02911,Male,21,Psychology,6.4,3.0,10,71.1,Danger,3.01,2.84,-0.16999999999999993,Other,0.95,False
ID02912,Male,18,Computer Science,5.8,1.6,8,81.1,Normal,2.89,2.91,0.020000000000000018,Maintain,1.82,False
ID02913,Female,19,Psychology,5.3,5.2,4,76.0,Normal,3.68,3.78,0.09999999999999964,Maintain,0.73,False
ID02914,Female,21,Computer Science,9.3,3.7,7,100.0,Excellent,2.92,3.06,0.14000000000000012,Other,0.83,False
ID02915,Male,19,Mathematics,4.2,4.4,10,86.4,Normal,3.47,3.62,0.1499999999999999,Other,0.82,False
ID02916,Female,20,Engineering,6.1,5.2,9,100.0,Excellent,3.03,3.42,0.3900000000000001,Other,0.66,False
ID02917,Female,19,Psychology,6.7,1.4,7,91.2,Excellent,2.58,2.89,0.31000000000000005,Other,2.06,False
ID02918,Female,24,Computer Science,8.8,2.9,8,88.6,Normal,3.91,3.99,0.08000000000000007,Maintain,1.38,True
ID02919,Male,23,Economics,7.4,9.3,5,86.0,Normal,3.16,3.75,0.5899999999999999,Improve,0.4,False
ID02920,Male,23,Computer Science,6.6,4.4,4,97.3,Excellent,2.74,3.12,0.3799999999999999,Other,0.71,False
ID02921,Male,19,Economics,5.9,5.4,14,58.9,Danger,2.4,1.99,-0.4099999999999999,Other,0.37,False
ID02922,Female,22,Psychology,8.7,4.2,8,86.3,Normal,2.45,2.7,0.25,Other,0.64,False
ID02923,Female,20,Business,5.8,5.3,10,83.9,Normal,2.91,3.37,0.45999999999999996,Other,0.64,False
ID02924,Male,18,Economics,7.3,7.4,8,95.9,Excellent,4.0,4.0,0.0,Maintain,0.54,True
ID02925,Male,19,Computer Science,6.7,0.9,6,82.2,Normal,2.81,3.01,0.19999999999999973,Other,3.34,False
ID02926,Female,18,Psychology,7.7,6.0,11,69.4,Danger,3.82,3.82,0.0,Maintain,0.64,False
ID02927,Female,20,Computer Science,9.4,3.8,5,85.1,Normal,3.03,3.08,0.050000000000000266,Maintain,0.81,False
ID02928,Female,19,Business,8.1,6.6,10,68.8,Danger,2.51,2.42,-0.08999999999999986,Maintain,0.37,False
ID02929,Female,22,Engineering,6.8,3.1,9,56.1,Danger,2.86,2.67,-0.18999999999999995,Other,0.86,False
ID02930,Male,21,Business,9.5,3.0,8,95.9,Excellent,2.46,2.74,0.28000000000000025,Other,0.91,False
ID02931,Female,22,Mathematics,9.4,1.7,11,93.7,Excellent,2.67,2.9,0.22999999999999998,Other,1.71,False
ID02932,Female,24,Psychology,8.7,3.8,7,92.0,Excellent,2.66,2.82,0.1599999999999997,Other,0.74,False
ID02933,Male,22,Business,7.4,1.7,10,100.0,Excellent,2.15,2.22,0.07000000000000028,Maintain,1.31,False
ID02934,Male,21,Engineering,5.8,3.6,11,75.0,Danger,3.86,3.88,0.020000000000000018,Maintain,1.08,True
ID02935,Female,24,Computer Science,4.0,4.4,9,63.5,Danger,3.21,3.35,0.14000000000000012,Other,0.76,False
ID02936,Male,21,Psychology,7.3,2.5,10,83.9,Normal,2.76,3.02,0.26000000000000023,Other,1.21,False
ID02937,Female,23,Economics,8.2,1.3,15,79.8,Normal,3.21,3.13,-0.08000000000000007,Maintain,2.41,False
ID02938,Female,21,Business,5.0,1.1,8,72.4,Danger,2.68,2.58,-0.10000000000000009,Other,2.35,False
ID02939,Female,19,Engineering,7.6,2.1,5,83.8,Normal,1.76,2.16,0.40000000000000013,Other,1.03,False
ID02940,Male,18,Business,6.3,1.0,12,75.8,Normal,4.0,3.71,-0.29000000000000004,Other,3.71,False
ID02941,Male,23,Mathematics,7.8,4.3,6,57.5,Danger,3.19,3.14,-0.04999999999999982,Maintain,0.73,False
ID02942,Female,23,Psychology,6.1,13.2,7,78.4,Normal,2.81,3.47,0.6600000000000001,Improve,0.26,False
ID02943,Male,18,Computer Science,5.9,1.7,11,68.0,Danger,2.13,2.12,-0.009999999999999787,Maintain,1.25,False
ID02944,Female,23,Engineering,6.9,14.0,8,88.5,Normal,2.35,3.4,1.0499999999999998,Improve,0.24,False
ID02945,Female,21,Business,5.2,4.2,9,75.2,Normal,3.93,3.95,0.020000000000000018,Maintain,0.94,True
ID02946,Male,22,Psychology,8.4,4.7,9,100.0,Excellent,3.85,3.97,0.1200000000000001,Other,0.84,True
ID02947,Male,20,Business,7.0,1.4,10,100.0,Excellent,3.48,3.83,0.3500000000000001,Other,2.74,False
ID02948,Male,21,Psychology,5.3,4.4,9,95.2,Excellent,2.54,2.66,0.1200000000000001,Other,0.6,False
ID02949,Male,24,Mathematics,6.1,2.8,10,61.7,Danger,3.85,3.94,0.08999999999999986,Maintain,1.41,True
ID02950,Female,24,Business,7.9,9.0,9,100.0,Excellent,3.32,3.89,0.5700000000000003,Improve,0.43,True
ID02951,Female,22,Mathematics,6.5,1.1,9,100.0,Excellent,3.43,3.44,0.009999999999999787,Maintain,3.13,False
ID02952,Female,22,Economics,8.1,2.9,7,85.3,Normal,3.32,3.49,0.17000000000000037,Other,1.2,False
ID02953,Female,23,Economics,5.5,2.3,7,100.0,Excellent,2.35,2.63,0.2799999999999998,Other,1.14,False
ID02954,Male,19,Engineering,6.6,4.8,4,76.7,Normal,2.5,2.42,-0.08000000000000007,Maintain,0.5,False
ID02955,Female,19,Mathematics,6.9,0.6,3,57.0,Danger,2.84,2.22,-0.6199999999999997,Decline,3.7,False
ID02956,Female,23,Psychology,10.0,8.8,9,73.6,Danger,3.42,3.59,0.16999999999999993,Other,0.41,False
ID02957,Female,23,Engineering,5.9,4.7,10,100.0,Excellent,2.41,2.5,0.08999999999999986,Maintain,0.53,False
ID02958,Female,18,Business,7.9,4.5,4,62.6,Danger,3.01,3.26,0.25,Other,0.72,False
ID02959,Male,18,Business,7.7,1.8,4,85.0,Normal,3.01,3.38,0.3700000000000001,Other,1.88,False
ID02960,Female,20,Psychology,9.6,6.2,11,85.5,Normal,3.5,3.91,0.41000000000000014,Other,0.63,True
ID02961,Male,20,Computer Science,9.0,5.8,7,77.3,Normal,3.44,3.29,-0.1499999999999999,Other,0.57,False
ID02962,Male,20,Computer Science,6.3,7.7,9,78.3,Normal,2.59,2.85,0.26000000000000023,Other,0.37,False
ID02963,Male,20,Business,5.4,3.3,6,86.1,Normal,3.82,4.0,0.18000000000000016,Other,1.21,True
ID02964,Female,22,Psychology,4.9,1.3,9,76.6,Normal,2.52,2.37,-0.1499999999999999,Other,1.82,False
ID02965,Female,22,Computer Science,7.4,2.6,12,63.7,Danger,3.65,3.81,0.16000000000000014,Other,1.47,False
ID02966,Female,18,Mathematics,8.5,6.7,8,88.2,Normal,2.82,3.34,0.52,Improve,0.5,False
ID02967,Female,19,Business,8.7,2.9,8,100.0,Excellent,3.18,3.32,0.13999999999999968,Other,1.14,False
ID02968,Female,23,Economics,6.6,11.1,6,98.0,Excellent,3.21,3.99,0.7800000000000002,Improve,0.36,True
ID02969,Female,24,Mathematics,7.1,6.3,5,72.9,Danger,3.2,3.35,0.1499999999999999,Other,0.53,False
ID02970,Male,19,Psychology,9.1,10.2,8,66.2,Danger,3.44,3.87,0.43000000000000016,Other,0.38,True
ID02971,Male,21,Economics,5.9,3.0,12,80.7,Normal,3.3,3.55,0.25,Other,1.18,False
ID02972,Male,22,Mathematics,4.0,5.1,7,100.0,Excellent,3.49,3.83,0.33999999999999986,Other,0.75,False
ID02973,Female,20,Computer Science,8.7,2.1,9,94.7,Excellent,3.33,3.49,0.16000000000000014,Other,1.66,False
ID02974,Female,20,Computer Science,5.3,6.4,5,95.6,Excellent,2.47,2.79,0.31999999999999984,Other,0.44,False
ID02975,Male,21,Economics,6.6,5.3,7,98.3,Excellent,3.23,3.5,0.27,Other,0.66,False
ID02976,Male,19,Engineering,7.7,6.0,8,91.3,Excellent,2.82,3.18,0.3600000000000003,Other,0.53,False
ID02977,Female,20,Business,6.3,3.1,8,86.8,Normal,2.55,2.79,0.2400000000000002,Other,0.9,False
ID02978,Male,19,Economics,8.6,4.3,11,94.9,Excellent,2.96,3.09,0.1299999999999999,Other,0.72,False
ID02979,Female,23,Psychology,10.0,4.2,13,76.8,Normal,3.19,3.28,0.08999999999999986,Maintain,0.78,False
ID02980,Female,21,Business,5.8,3.1,2,63.8,Danger,3.22,2.93,-0.29000000000000004,Other,0.95,False
ID02981,Male,24,Mathematics,7.2,4.4,5,95.8,Excellent,3.63,4.0,0.3700000000000001,Other,0.91,True
ID02982,Male,19,Psychology,7.0,4.9,5,100.0,Excellent,3.75,4.0,0.25,Other,0.82,True
ID02983,Female,23,Psychology,7.5,5.4,10,68.2,Danger,3.27,3.21,-0.06000000000000005,Maintain,0.59,False
ID02984,Female,19,Computer Science,6.1,3.1,9,97.3,Excellent,3.36,3.86,0.5,Improve,1.25,False
ID02985,Male,19,Mathematics,6.0,6.2,7,100.0,Excellent,3.15,3.81,0.6600000000000001,Improve,0.61,False
ID02986,Female,20,Computer Science,6.1,6.0,7,85.0,Normal,3.48,3.81,0.33000000000000007,Other,0.64,False
ID02987,Male,18,Computer Science,6.3,5.5,9,72.7,Danger,3.34,3.32,-0.020000000000000018,Maintain,0.6,False
ID02988,Male,22,Engineering,6.3,6.5,10,86.8,Normal,3.07,3.42,0.3500000000000001,Other,0.53,False
ID02989,Female,19,Computer Science,4.0,3.6,10,76.7,Normal,4.0,3.93,-0.06999999999999984,Maintain,1.09,True
ID02990,Female,19,Business,7.1,1.9,5,75.7,Normal,2.83,2.7,-0.1299999999999999,Other,1.42,False
ID02991,Male,19,Psychology,6.5,6.0,11,91.5,Excellent,3.83,4.0,0.16999999999999993,Other,0.67,True
ID02992,Female,18,Computer Science,5.9,2.8,8,60.9,Danger,2.42,2.43,0.010000000000000231,Maintain,0.87,False
ID02993,Female,23,Economics,7.1,1.3,5,63.3,Danger,3.51,3.58,0.07000000000000028,Maintain,2.75,False
ID02994,Male,24,Business,7.0,2.8,8,85.3,Normal,3.82,4.0,0.18000000000000016,Other,1.43,True
ID02995,Male,24,Mathematics,6.4,4.4,8,84.7,Normal,2.15,2.53,0.3799999999999999,Other,0.57,False
ID02996,Female,21,Psychology,7.0,8.4,6,90.2,Excellent,3.17,3.64,0.4700000000000002,Other,0.43,False
ID02997,Male,20,Economics,6.1,4.9,10,100.0,Excellent,3.46,3.88,0.41999999999999993,Other,0.79,True
ID02998,Male,18,Economics,5.2,6.5,8,86.6,Normal,3.23,3.75,0.52,Improve,0.58,False
ID02999,Male,23,Mathematics,9.9,6.0,10,94.0,Excellent,3.29,3.45,0.16000000000000014,Other,0.58,False
ID03000,Female,19,Economics,6.3,4.8,9,70.4,Danger,3.17,3.42,0.25,Other,0.71,False
ID03001,Female,23,Business,7.4,3.4,4,96.5,Excellent,2.55,2.76,0.20999999999999996,Other,0.81,False
ID03002,Female,18,Mathematics,10.0,2.1,5,77.1,Normal,4.0,3.78,-0.2200000000000002,Other,1.8,False
ID03003,Male,18,Economics,6.4,11.8,7,86.1,Normal,2.85,3.54,0.69,Improve,0.3,False
ID03004,Female,18,Mathematics,7.7,2.9,6,83.4,Normal,3.32,3.78,0.45999999999999996,Other,1.3,False
ID03005,Female,21,Mathematics,10.0,3.4,14,100.0,Excellent,2.78,2.87,0.0900000000000003,Maintain,0.84,False
ID03006,Female,22,Computer Science,4.5,3.7,7,65.4,Danger,1.96,1.78,-0.17999999999999994,Other,0.48,False
ID03007,Female,20,Computer Science,9.0,2.8,4,50.8,Danger,2.64,2.32,-0.3200000000000003,Other,0.83,False
ID03008,Male,21,Computer Science,7.3,5.4,7,81.8,Normal,2.38,2.97,0.5900000000000003,Improve,0.55,False
ID03009,Female,21,Economics,6.2,2.9,10,92.0,Excellent,3.65,3.79,0.14000000000000012,Other,1.31,False
ID03010,Male,22,Psychology,7.1,3.3,13,87.3,Normal,2.8,3.12,0.3200000000000003,Other,0.95,False
ID03011,Male,21,Business,6.5,2.7,8,100.0,Excellent,2.84,3.29,0.4500000000000002,Other,1.22,False
ID03012,Male,18,Economics,9.4,3.3,8,91.6,Excellent,2.57,2.94,0.3700000000000001,Other,0.89,False
ID03013,Male,18,Computer Science,7.0,1.8,6,76.5,Normal,3.15,3.27,0.1200000000000001,Other,1.82,False
ID03014,Male,23,Mathematics,8.0,1.5,9,50.1,Danger,2.74,2.53,-0.2100000000000004,Other,1.69,False
ID03015,Female,19,Economics,6.2,9.5,5,81.4,Normal,3.6,4.0,0.3999999999999999,Other,0.42,True
ID03016,Male,21,Mathematics,7.4,6.5,12,100.0,Excellent,3.25,3.61,0.3599999999999999,Other,0.56,False
ID03017,Female,19,Mathematics,6.4,8.6,9,79.1,Normal,2.81,3.25,0.43999999999999995,Other,0.38,False
ID03018,Male,20,Mathematics,4.9,9.1,8,85.4,Normal,3.53,4.0,0.4700000000000002,Other,0.44,True
ID03019,Male,24,Engineering,9.0,2.2,6,91.3,Excellent,3.1,3.21,0.10999999999999988,Other,1.46,False
ID03020,Female,18,Psychology,7.5,8.4,8,69.8,Danger,3.11,3.47,0.3600000000000003,Other,0.41,False
ID03021,Male,23,Business,8.2,7.2,4,94.3,Excellent,2.37,2.7,0.33000000000000007,Other,0.38,False
ID03022,Male,20,Business,5.9,3.2,8,100.0,Excellent,3.06,3.3,0.23999999999999977,Other,1.03,False
ID03023,Female,23,Computer Science,8.8,4.9,5,82.4,Normal,3.26,3.45,0.1900000000000004,Other,0.7,False
ID03024,Male,24,Engineering,7.7,6.4,6,68.1,Danger,3.77,3.96,0.18999999999999995,Other,0.62,True
ID03025,Male,24,Economics,7.2,5.6,12,84.0,Normal,2.72,3.32,0.5999999999999996,Improve,0.59,False
ID03026,Male,22,Economics,8.5,3.7,4,51.6,Danger,4.0,3.74,-0.2599999999999998,Other,1.01,False
ID03027,Female,18,Business,6.5,4.4,5,90.1,Excellent,3.38,3.81,0.43000000000000016,Other,0.87,False
ID03028,Female,20,Psychology,8.9,5.2,16,91.8,Excellent,2.34,2.25,-0.08999999999999986,Maintain,0.43,False
ID03029,Female,22,Mathematics,6.0,3.2,10,100.0,Excellent,2.68,2.82,0.13999999999999968,Other,0.88,False
ID03030,Female,24,Computer Science,7.0,5.6,9,82.1,Normal,3.81,4.0,0.18999999999999995,Other,0.71,True
ID03031,Male,20,Psychology,5.6,2.6,10,91.1,Excellent,3.72,3.93,0.20999999999999996,Other,1.51,True
ID03032,Male,23,Business,5.3,8.6,7,72.1,Danger,3.11,3.18,0.07000000000000028,Maintain,0.37,False
ID03033,Female,22,Engineering,6.3,7.0,15,79.7,Normal,3.17,3.54,0.3700000000000001,Other,0.51,False
ID03034,Male,22,Computer Science,6.8,6.5,9,62.1,Danger,2.52,2.72,0.20000000000000018,Other,0.42,False
ID03035,Male,18,Business,7.8,5.0,8,82.1,Normal,3.76,4.0,0.2400000000000002,Other,0.8,True
ID03036,Male,19,Economics,6.0,4.6,8,80.4,Normal,2.61,2.91,0.30000000000000027,Other,0.63,False
ID03037,Male,23,Computer Science,7.9,7.1,10,89.5,Normal,3.52,4.0,0.48,Other,0.56,True
ID03038,Female,23,Business,6.5,1.9,5,75.6,Normal,3.78,3.88,0.10000000000000009,Other,2.04,True
ID03039,Male,22,Economics,6.3,2.4,9,86.3,Normal,3.12,3.48,0.3599999999999999,Other,1.45,False
ID03040,Male,22,Economics,7.9,5.7,14,80.0,Normal,3.58,3.85,0.27,Other,0.68,False
ID03041,Male,18,Mathematics,6.2,3.9,8,80.0,Normal,4.0,4.0,0.0,Maintain,1.03,True
ID03042,Female,19,Engineering,9.7,2.8,8,86.2,Normal,3.23,3.41,0.18000000000000016,Other,1.22,False
ID03043,Male,23,Mathematics,7.6,7.4,8,85.6,Normal,3.01,3.39,0.38000000000000034,Other,0.46,False
ID03044,Male,24,Business,4.9,4.4,10,96.4,Excellent,3.07,3.27,0.20000000000000018,Other,0.74,False
ID03045,Female,21,Psychology,6.8,4.9,9,83.2,Normal,2.73,2.99,0.26000000000000023,Other,0.61,False
ID03046,Female,21,Mathematics,6.0,7.5,6,79.8,Normal,2.72,2.87,0.1499999999999999,Other,0.38,False
ID03047,Male,19,Psychology,4.5,3.7,8,82.3,Normal,3.32,3.73,0.41000000000000014,Other,1.01,False
ID03048,Male,20,Economics,8.6,11.2,4,74.3,Danger,3.02,3.43,0.41000000000000014,Other,0.31,False
ID03049,Male,18,Business,8.6,2.1,10,79.6,Normal,3.26,2.97,-0.2899999999999996,Other,1.41,False
ID03050,Male,19,Engineering,5.9,7.4,8,100.0,Excellent,2.36,2.85,0.4900000000000002,Other,0.39,False
ID03051,Male,21,Psychology,8.1,2.9,6,71.3,Danger,3.05,2.76,-0.29000000000000004,Other,0.95,False
ID03052,Male,22,Business,8.3,6.8,15,80.8,Normal,3.62,4.0,0.3799999999999999,Other,0.59,True
ID03053,Male,21,Psychology,7.0,2.6,6,79.2,Normal,2.54,2.53,-0.010000000000000231,Maintain,0.97,False
ID03054,Male,22,Mathematics,8.4,1.5,8,81.3,Normal,3.11,3.24,0.13000000000000034,Other,2.16,False
ID03055,Female,18,Business,7.4,6.8,3,80.0,Normal,2.17,2.56,0.3900000000000001,Other,0.38,False
ID03056,Female,22,Mathematics,8.7,3.3,4,89.2,Normal,2.45,2.65,0.19999999999999973,Other,0.8,False
ID03057,Female,19,Computer Science,5.2,1.6,12,59.3,Danger,3.5,3.04,-0.45999999999999996,Other,1.9,False
ID03058,Male,22,Business,7.2,7.0,11,100.0,Excellent,2.95,3.51,0.5599999999999996,Improve,0.5,False
ID03059,Male,20,Psychology,7.3,4.6,10,94.5,Excellent,4.0,4.0,0.0,Maintain,0.87,True
ID03060,Female,19,Computer Science,5.3,3.3,14,66.4,Danger,3.32,3.17,-0.1499999999999999,Other,0.96,False
ID03061,Male,18,Mathematics,5.4,5.0,6,51.0,Danger,3.37,3.02,-0.3500000000000001,Other,0.6,False
ID03062,Male,19,Mathematics,4.6,3.7,5,70.3,Danger,2.56,2.35,-0.20999999999999996,Other,0.64,False
ID03063,Female,20,Psychology,7.1,3.4,9,81.4,Normal,2.91,3.13,0.21999999999999975,Other,0.92,False
ID03064,Female,18,Computer Science,6.3,6.4,8,100.0,Excellent,2.73,3.09,0.3599999999999999,Other,0.48,False
ID03065,Female,21,Economics,5.1,4.6,8,93.1,Excellent,2.57,2.97,0.40000000000000036,Other,0.65,False
ID03066,Male,20,Engineering,8.8,2.5,10,57.9,Danger,3.43,3.08,-0.3500000000000001,Other,1.23,False
ID03067,Male,18,Psychology,7.6,4.0,6,74.7,Danger,3.53,3.75,0.2200000000000002,Other,0.94,False
ID03068,Female,24,Mathematics,5.9,6.3,5,84.2,Normal,3.3,3.59,0.29000000000000004,Other,0.57,False
ID03069,Male,22,Business,7.3,2.0,4,88.8,Normal,2.69,3.09,0.3999999999999999,Other,1.54,False
ID03070,Female,19,Computer Science,6.6,7.8,12,65.3,Danger,3.27,3.66,0.3900000000000001,Other,0.47,False
ID03071,Female,18,Economics,4.7,4.5,7,83.0,Normal,2.14,2.39,0.25,Other,0.53,False
ID03072,Female,19,Engineering,7.4,4.3,12,74.2,Danger,3.76,3.88,0.1200000000000001,Other,0.9,True
ID03073,Male,22,Business,9.5,4.5,5,68.4,Danger,2.45,2.46,0.009999999999999787,Maintain,0.55,False
ID03074,Male,18,Computer Science,9.1,9.7,7,88.9,Normal,2.54,3.0,0.45999999999999996,Other,0.31,False
ID03075,Female,21,Economics,7.2,4.0,10,96.6,Excellent,3.16,3.41,0.25,Other,0.85,False
ID03076,Female,24,Psychology,6.3,3.3,11,97.6,Excellent,3.2,3.38,0.17999999999999972,Other,1.02,False
ID03077,Female,24,Economics,7.8,3.7,7,93.6,Excellent,3.06,3.53,0.46999999999999975,Other,0.95,False
ID03078,Male,20,Psychology,7.4,6.8,6,77.5,Normal,2.54,2.74,0.20000000000000018,Other,0.4,False
ID03079,Male,18,Computer Science,6.8,5.8,10,95.7,Excellent,3.67,4.0,0.33000000000000007,Other,0.69,True
ID03080,Female,22,Economics,9.8,4.1,2,89.6,Normal,2.26,2.52,0.26000000000000023,Other,0.61,False
ID03081,Female,18,Engineering,6.4,12.4,7,87.0,Normal,2.36,2.96,0.6000000000000001,Improve,0.24,False
ID03082,Female,19,Economics,8.4,5.5,8,75.8,Normal,3.05,2.92,-0.1299999999999999,Other,0.53,False
ID03083,Male,23,Computer Science,7.2,2.3,6,77.5,Normal,2.47,2.54,0.06999999999999984,Maintain,1.1,False
ID03084,Female,18,Business,7.2,1.0,11,86.1,Normal,3.71,4.0,0.29000000000000004,Other,4.0,True
ID03085,Female,24,Business,4.5,5.8,6,100.0,Excellent,2.51,2.78,0.27,Other,0.48,False
ID03086,Female,24,Economics,8.7,3.4,6,89.5,Normal,3.88,4.0,0.1200000000000001,Other,1.18,True
ID03087,Male,24,Economics,8.3,1.5,5,75.8,Normal,3.62,3.39,-0.22999999999999998,Other,2.26,False
ID03088,Male,21,Psychology,7.3,3.8,10,72.5,Danger,3.72,3.75,0.029999999999999805,Maintain,0.99,False
ID03089,Female,18,Computer Science,8.6,6.1,15,77.6,Normal,4.0,4.0,0.0,Maintain,0.66,True
ID03090,Male,20,Psychology,7.6,3.6,9,100.0,Excellent,3.14,3.42,0.2799999999999998,Other,0.95,False
ID03091,Male,18,Engineering,5.1,4.0,6,79.0,Normal,2.59,2.6,0.010000000000000231,Maintain,0.65,False
ID03092,Female,23,Business,5.5,0.9,10,98.6,Excellent,3.05,3.05,0.0,Maintain,3.39,False
ID03093,Male,24,Mathematics,6.9,5.8,13,79.4,Normal,2.82,3.14,0.3200000000000003,Other,0.54,False
ID03094,Female,19,Mathematics,4.5,1.3,8,88.9,Normal,2.75,2.79,0.040000000000000036,Maintain,2.15,False
ID03095,Male,24,Computer Science,8.7,2.8,6,96.9,Excellent,3.18,3.26,0.07999999999999963,Maintain,1.16,False
ID03096,Female,18,Computer Science,6.7,4.8,12,76.4,Normal,2.94,3.22,0.28000000000000025,Other,0.67,False
ID03097,Female,21,Mathematics,7.2,2.5,6,75.4,Normal,2.72,2.59,-0.13000000000000034,Other,1.04,False
ID03098,Male,22,Computer Science,5.5,2.8,6,100.0,Excellent,2.98,3.18,0.20000000000000018,Other,1.14,False
ID03099,Male,18,Business,8.0,4.6,10,99.8,Excellent,3.37,3.68,0.31000000000000005,Other,0.8,False
ID03100,Male,18,Engineering,6.8,4.9,3,96.9,Excellent,3.58,3.81,0.22999999999999998,Other,0.78,False
ID03101,Male,20,Engineering,6.5,4.1,5,96.8,Excellent,2.3,2.84,0.54,Improve,0.69,False
ID03102,Female,21,Psychology,9.1,0.8,9,91.9,Excellent,2.95,2.99,0.040000000000000036,Maintain,3.74,False
ID03103,Female,23,Business,9.0,1.1,10,100.0,Excellent,3.03,3.19,0.16000000000000014,Other,2.9,False
ID03104,Male,22,Computer Science,8.1,6.8,8,85.7,Normal,2.51,3.04,0.5300000000000002,Improve,0.45,False
ID03105,Male,24,Computer Science,7.3,3.2,6,93.7,Excellent,3.04,3.37,0.33000000000000007,Other,1.05,False
ID03106,Male,19,Psychology,6.2,13.6,6,63.2,Danger,3.17,3.79,0.6200000000000001,Improve,0.28,False
ID03107,Female,18,Psychology,6.6,4.7,7,72.6,Danger,3.36,3.56,0.20000000000000018,Other,0.76,False
ID03108,Male,23,Computer Science,6.5,11.0,9,67.0,Danger,3.14,3.49,0.3500000000000001,Other,0.32,False
ID03109,Female,22,Computer Science,7.6,3.6,7,100.0,Excellent,2.66,3.04,0.3799999999999999,Other,0.84,False
ID03110,Female,19,Business,7.0,3.0,7,46.7,Danger,4.0,3.58,-0.41999999999999993,Other,1.19,False
ID03111,Female,23,Psychology,7.0,5.9,12,79.0,Normal,3.51,3.48,-0.029999999999999805,Maintain,0.59,False
ID03112,Male,21,Business,9.3,7.6,6,40.1,Danger,3.38,3.4,0.020000000000000018,Maintain,0.45,False
ID03113,Female,21,Economics,8.7,3.6,9,72.5,Danger,3.6,3.37,-0.22999999999999998,Other,0.94,False
ID03114,Male,22,Computer Science,5.8,5.8,3,77.6,Normal,3.22,3.23,0.009999999999999787,Maintain,0.56,False
ID03115,Male,24,Mathematics,7.4,1.3,8,100.0,Excellent,3.74,3.78,0.03999999999999959,Maintain,2.91,False
ID03116,Female,19,Mathematics,5.8,2.3,7,90.9,Excellent,3.13,3.46,0.33000000000000007,Other,1.5,False
ID03117,Female,21,Economics,7.9,5.1,8,72.5,Danger,3.1,3.05,-0.050000000000000266,Maintain,0.6,False
ID03118,Male,22,Computer Science,9.9,3.2,9,100.0,Excellent,3.42,3.74,0.3200000000000003,Other,1.17,False
ID03119,Male,21,Psychology,6.5,4.8,6,85.3,Normal,3.89,4.0,0.10999999999999988,Other,0.83,True
ID03120,Male,21,Mathematics,8.2,5.2,8,85.6,Normal,3.86,3.99,0.13000000000000034,Other,0.77,True
ID03121,Male,23,Psychology,9.4,5.7,5,67.0,Danger,3.4,3.52,0.1200000000000001,Other,0.62,False
ID03122,Male,23,Mathematics,6.8,6.7,8,70.1,Danger,3.36,3.73,0.3700000000000001,Other,0.56,False
ID03123,Male,21,Psychology,7.7,6.8,3,72.6,Danger,3.45,3.65,0.19999999999999973,Other,0.54,False
ID03124,Male,20,Mathematics,9.6,2.0,8,85.7,Normal,3.59,3.66,0.07000000000000028,Maintain,1.83,False
ID03125,Female,23,Psychology,5.6,3.7,10,86.2,Normal,3.75,4.0,0.25,Other,1.08,True
ID03126,Female,19,Economics,5.4,3.6,12,100.0,Excellent,2.98,3.06,0.08000000000000007,Maintain,0.85,False
ID03127,Female,22,Business,5.1,3.9,6,90.8,Excellent,3.76,4.0,0.2400000000000002,Other,1.03,True
ID03128,Male,22,Psychology,8.1,3.4,8,44.4,Danger,3.27,2.84,-0.43000000000000016,Other,0.84,False
ID03129,Female,24,Business,5.5,4.1,5,88.9,Normal,3.43,3.67,0.23999999999999977,Other,0.9,False
ID03130,Female,19,Business,7.8,2.7,5,63.2,Danger,3.79,3.74,-0.04999999999999982,Maintain,1.39,False
ID03131,Female,19,Computer Science,9.0,6.5,7,70.5,Danger,3.47,3.36,-0.11000000000000032,Other,0.52,False
ID03132,Female,19,Economics,6.0,5.2,6,72.8,Danger,3.56,3.48,-0.08000000000000007,Maintain,0.67,False
ID03133,Female,24,Business,5.9,2.7,10,75.0,Danger,2.91,2.82,-0.0900000000000003,Maintain,1.04,False
ID03134,Male,19,Engineering,8.0,4.1,10,64.4,Danger,3.85,3.91,0.06000000000000005,Maintain,0.95,True
ID03135,Male,18,Business,7.1,10.4,10,88.1,Normal,3.45,4.0,0.5499999999999998,Improve,0.38,True
ID03136,Female,24,Psychology,4.0,2.0,10,63.8,Danger,3.16,2.92,-0.2400000000000002,Other,1.46,False
ID03137,Female,22,Business,9.3,2.3,13,90.4,Excellent,3.65,3.76,0.10999999999999988,Other,1.63,False
ID03138,Female,18,Psychology,7.8,6.6,7,100.0,Excellent,4.0,4.0,0.0,Maintain,0.61,True
ID03139,Male,24,Psychology,6.4,9.2,7,65.1,Danger,2.52,2.65,0.1299999999999999,Other,0.29,False
ID03140,Male,21,Engineering,6.4,4.9,7,80.7,Normal,2.7,3.15,0.44999999999999973,Other,0.64,False
ID03141,Male,21,Business,8.1,4.3,11,47.1,Danger,4.0,3.51,-0.4900000000000002,Other,0.82,False
ID03142,Female,22,Business,6.9,1.8,10,80.5,Normal,3.31,3.73,0.41999999999999993,Other,2.07,False
ID03143,Female,21,Mathematics,7.1,3.1,10,94.6,Excellent,3.2,3.42,0.21999999999999975,Other,1.1,False
ID03144,Male,19,Mathematics,7.2,3.0,14,95.8,Excellent,3.04,3.47,0.43000000000000016,Other,1.16,False
ID03145,Male,24,Computer Science,5.8,3.1,6,86.2,Normal,3.7,4.0,0.2999999999999998,Other,1.29,True
ID03146,Male,18,Psychology,6.5,2.5,6,98.3,Excellent,4.0,4.0,0.0,Maintain,1.6,True
ID03147,Female,19,Engineering,6.7,1.7,3,100.0,Excellent,2.77,3.03,0.2599999999999998,Other,1.78,False
ID03148,Female,21,Mathematics,5.9,5.9,8,100.0,Excellent,3.05,3.58,0.5300000000000002,Improve,0.61,False
ID03149,Female,23,Business,7.4,5.0,7,77.2,Normal,2.92,3.09,0.16999999999999993,Other,0.62,False
ID03150,Male,18,Computer Science,7.7,1.7,3,63.2,Danger,3.47,3.52,0.04999999999999982,Maintain,2.07,False
ID03151,Female,19,Engineering,9.5,4.1,6,78.9,Normal,3.71,3.56,-0.1499999999999999,Other,0.87,False
ID03152,Male,24,Economics,5.9,3.3,6,70.8,Danger,3.91,3.79,-0.1200000000000001,Other,1.15,False
ID03153,Female,22,Business,8.3,9.8,5,91.8,Excellent,3.48,4.0,0.52,Improve,0.41,True
ID03154,Male,19,Business,9.1,8.0,8,67.3,Danger,4.0,4.0,0.0,Maintain,0.5,True
ID03155,Male,23,Economics,8.4,9.8,5,83.9,Normal,2.81,3.54,0.73,Improve,0.36,False
ID03156,Female,21,Psychology,6.3,3.0,3,97.6,Excellent,2.68,2.82,0.13999999999999968,Other,0.94,False
ID03157,Female,18,Psychology,6.5,1.2,4,83.5,Normal,3.83,4.0,0.16999999999999993,Other,3.33,True
ID03158,Male,22,Mathematics,9.3,1.9,4,70.8,Danger,3.16,2.83,-0.33000000000000007,Other,1.49,False
ID03159,Female,18,Mathematics,6.7,3.1,6,100.0,Excellent,2.41,2.56,0.1499999999999999,Other,0.83,False
ID03160,Male,22,Business,7.0,3.5,10,56.8,Danger,2.94,2.71,-0.22999999999999998,Other,0.77,False
ID03161,Male,24,Business,6.3,9.9,6,80.1,Normal,3.23,3.86,0.6299999999999999,Improve,0.39,False
ID03162,Male,18,Mathematics,8.2,6.5,11,84.4,Normal,2.78,2.96,0.18000000000000016,Other,0.46,False
ID03163,Male,21,Economics,4.0,5.1,7,85.2,Normal,2.59,2.85,0.26000000000000023,Other,0.56,False
ID03164,Male,24,Mathematics,5.8,8.0,10,87.7,Normal,3.0,3.35,0.3500000000000001,Other,0.42,False
ID03165,Male,24,Business,5.5,5.6,10,94.2,Excellent,2.57,3.05,0.48,Other,0.54,False
ID03166,Male,22,Engineering,9.4,6.2,9,84.5,Normal,3.42,3.86,0.43999999999999995,Other,0.62,False
ID03167,Female,20,Business,7.3,3.3,6,79.5,Normal,2.13,2.24,0.11000000000000032,Other,0.68,False
ID03168,Male,18,Engineering,6.7,1.5,9,78.9,Normal,3.15,3.26,0.10999999999999988,Other,2.17,False
ID03169,Female,18,Engineering,6.7,1.3,7,75.8,Normal,3.36,3.36,0.0,Maintain,2.58,False
ID03170,Male,19,Business,4.9,1.3,7,96.8,Excellent,3.05,3.03,-0.020000000000000018,Maintain,2.33,False
ID03171,Female,22,Computer Science,9.0,5.9,8,75.3,Normal,3.65,3.87,0.2200000000000002,Other,0.66,True
ID03172,Male,23,Mathematics,6.5,2.4,8,97.7,Excellent,2.41,2.53,0.11999999999999966,Other,1.05,False
ID03173,Male,20,Psychology,7.9,3.3,10,85.3,Normal,2.75,2.94,0.18999999999999995,Other,0.89,False
ID03174,Male,21,Business,6.0,1.6,7,77.2,Normal,2.93,2.77,-0.16000000000000014,Other,1.73,False
ID03175,Male,19,Engineering,6.9,7.5,5,94.3,Excellent,3.46,3.86,0.3999999999999999,Other,0.51,False
ID03176,Male,20,Business,5.6,4.0,11,74.1,Danger,3.21,2.97,-0.23999999999999977,Other,0.74,False
ID03177,Female,22,Mathematics,6.6,4.6,5,94.6,Excellent,4.0,4.0,0.0,Maintain,0.87,True
ID03178,Female,20,Economics,8.6,4.9,4,88.2,Normal,2.7,3.07,0.36999999999999966,Other,0.63,False
ID03179,Female,24,Engineering,7.2,5.3,5,76.1,Normal,2.4,2.48,0.08000000000000007,Maintain,0.47,False
ID03180,Female,18,Psychology,7.6,7.7,13,92.9,Excellent,3.99,4.0,0.009999999999999787,Maintain,0.52,True
ID03181,Male,24,Psychology,7.1,6.0,9,93.2,Excellent,2.38,2.98,0.6000000000000001,Improve,0.5,False
ID03182,Male,18,Psychology,9.4,2.1,6,100.0,Excellent,3.44,3.55,0.10999999999999988,Other,1.69,False
ID03183,Male,19,Economics,5.8,2.3,10,99.5,Excellent,2.61,2.91,0.30000000000000027,Other,1.27,False
ID03184,Male,22,Computer Science,6.8,14.0,9,92.4,Excellent,2.07,2.79,0.7200000000000002,Improve,0.2,False
ID03185,Male,22,Engineering,7.3,6.9,12,68.1,Danger,2.91,3.04,0.1299999999999999,Other,0.44,False
ID03186,Male,20,Economics,5.5,12.6,8,100.0,Excellent,3.55,4.0,0.4500000000000002,Other,0.32,True
ID03187,Male,19,Engineering,7.2,3.5,9,63.9,Danger,2.49,2.33,-0.16000000000000014,Other,0.67,False
ID03188,Male,22,Economics,7.0,9.2,9,99.2,Excellent,3.39,4.0,0.6099999999999999,Improve,0.43,True
ID03189,Female,23,Economics,7.2,5.4,10,91.5,Excellent,3.48,3.86,0.3799999999999999,Other,0.71,False
ID03190,Female,23,Computer Science,7.2,4.8,5,67.4,Danger,2.46,2.74,0.28000000000000025,Other,0.57,False
ID03191,Male,24,Engineering,6.0,4.1,11,83.1,Normal,2.99,3.43,0.43999999999999995,Other,0.84,False
ID03192,Female,18,Economics,4.6,6.4,9,83.8,Normal,3.89,4.0,0.10999999999999988,Other,0.62,True
ID03193,Female,20,Computer Science,7.3,5.5,7,100.0,Excellent,3.43,3.68,0.25,Other,0.67,False
ID03194,Male,21,Business,5.7,3.6,11,74.3,Danger,2.97,2.99,0.020000000000000018,Maintain,0.83,False
ID03195,Male,18,Mathematics,6.9,2.8,5,81.1,Normal,3.31,3.75,0.43999999999999995,Other,1.34,False
ID03196,Male,19,Economics,5.9,3.7,5,50.0,Danger,2.76,2.59,-0.16999999999999993,Other,0.7,False
ID03197,Female,22,Psychology,4.8,4.0,9,100.0,Excellent,3.66,3.72,0.06000000000000005,Maintain,0.93,False
ID03198,Female,18,Computer Science,7.5,3.2,9,68.9,Danger,3.66,3.5,-0.16000000000000014,Other,1.09,False
ID03199,Male,21,Computer Science,8.1,2.3,3,89.9,Normal,3.16,3.42,0.2599999999999998,Other,1.49,False
ID03200,Male,21,Economics,8.7,4.2,5,83.5,Normal,3.22,3.3,0.07999999999999963,Maintain,0.79,False
ID03201,Female,23,Computer Science,6.3,5.1,9,83.5,Normal,2.6,2.81,0.20999999999999996,Other,0.55,False
ID03202,Male,19,Business,7.1,4.7,13,97.1,Excellent,2.42,2.82,0.3999999999999999,Other,0.6,False
ID03203,Male,18,Computer Science,7.5,1.9,5,100.0,Excellent,2.91,3.17,0.2599999999999998,Other,1.67,False
ID03204,Female,20,Mathematics,8.5,9.8,7,88.8,Normal,3.06,3.65,0.5899999999999999,Improve,0.37,False
ID03205,Female,18,Mathematics,4.4,11.1,11,94.8,Excellent,3.63,4.0,0.3700000000000001,Other,0.36,True
ID03206,Female,23,Psychology,4.8,5.8,5,89.9,Normal,3.56,3.9,0.33999999999999986,Other,0.67,True
ID03207,Female,24,Business,9.1,6.5,6,100.0,Excellent,3.19,3.48,0.29000000000000004,Other,0.54,False
ID03208,Female,21,Mathematics,4.5,4.6,8,78.1,Normal,3.7,3.78,0.07999999999999963,Maintain,0.82,False
ID03209,Male,19,Economics,8.4,5.0,7,100.0,Excellent,2.63,2.87,0.2400000000000002,Other,0.57,False
ID03210,Female,19,Engineering,9.0,1.2,6,100.0,Excellent,3.64,3.69,0.04999999999999982,Maintain,3.08,False
ID03211,Male,20,Engineering,8.2,3.8,9,100.0,Excellent,2.7,3.0,0.2999999999999998,Other,0.79,False
ID03212,Female,19,Engineering,5.5,3.9,5,75.1,Normal,3.72,3.73,0.009999999999999787,Maintain,0.96,False
ID03213,Male,23,Economics,5.7,10.9,3,82.5,Normal,3.09,3.51,0.41999999999999993,Other,0.32,False
ID03214,Female,23,Computer Science,6.9,3.4,10,88.6,Normal,2.1,2.47,0.3700000000000001,Other,0.73,False
ID03215,Male,23,Economics,9.6,9.7,9,64.4,Danger,3.47,3.77,0.2999999999999998,Other,0.39,False
ID03216,Male,19,Computer Science,9.6,4.1,9,100.0,Excellent,3.5,3.74,0.2400000000000002,Other,0.91,False
ID03217,Male,19,Engineering,7.4,3.1,9,84.8,Normal,2.87,3.31,0.43999999999999995,Other,1.07,False
ID03218,Male,23,Psychology,4.6,1.3,14,89.3,Normal,2.91,2.83,-0.08000000000000007,Maintain,2.18,False
ID03219,Female,19,Psychology,7.2,4.9,7,76.3,Normal,3.02,3.3,0.2799999999999998,Other,0.67,False
ID03220,Female,19,Computer Science,6.7,2.5,4,65.1,Danger,2.14,2.07,-0.07000000000000028,Maintain,0.83,False
ID03221,Male,21,Engineering,7.0,1.4,5,75.9,Normal,1.92,1.88,-0.040000000000000036,Maintain,1.34,False
ID03222,Male,18,Economics,4.5,5.8,10,88.3,Normal,3.75,3.9,0.1499999999999999,Other,0.67,True
ID03223,Male,22,Psychology,7.4,5.0,7,95.1,Excellent,2.69,3.17,0.48,Other,0.63,False
ID03224,Male,19,Computer Science,4.7,5.3,10,87.4,Normal,4.0,4.0,0.0,Maintain,0.75,True
ID03225,Male,22,Economics,4.0,4.1,6,90.2,Excellent,3.79,4.0,0.20999999999999996,Other,0.98,True
ID03226,Female,24,Engineering,7.3,2.6,12,79.9,Normal,3.88,3.83,-0.04999999999999982,Maintain,1.47,False
ID03227,Male,22,Business,9.9,2.1,6,92.4,Excellent,2.77,3.01,0.23999999999999977,Other,1.43,False
ID03228,Male,21,Engineering,5.7,9.0,13,100.0,Excellent,2.3,2.63,0.33000000000000007,Other,0.29,False
ID03229,Male,19,Engineering,6.3,6.1,7,95.6,Excellent,2.56,2.84,0.2799999999999998,Other,0.47,False
ID03230,Male,23,Economics,8.3,7.0,8,97.1,Excellent,2.88,3.46,0.5800000000000001,Improve,0.49,False
ID03231,Male,22,Economics,8.7,3.7,8,89.4,Normal,1.91,2.05,0.1399999999999999,Other,0.55,False
ID03232,Female,19,Mathematics,7.2,2.4,13,62.5,Danger,2.86,2.99,0.13000000000000034,Other,1.25,False
ID03233,Male,20,Mathematics,5.9,2.3,9,69.3,Danger,3.0,2.7,-0.2999999999999998,Other,1.17,False
ID03234,Male,24,Economics,9.0,4.3,7,91.8,Excellent,2.45,2.77,0.31999999999999984,Other,0.64,False
ID03235,Male,23,Economics,5.2,2.5,5,84.8,Normal,2.58,2.78,0.19999999999999973,Other,1.11,False
ID03236,Male,20,Business,6.2,1.1,9,91.6,Excellent,2.99,3.38,0.3899999999999997,Other,3.07,False
ID03237,Male,20,Business,7.9,5.6,8,100.0,Excellent,3.28,3.67,0.3900000000000001,Other,0.66,False
ID03238,Female,22,Engineering,4.6,7.0,8,95.9,Excellent,2.65,2.87,0.2200000000000002,Other,0.41,False
ID03239,Female,20,Psychology,7.6,2.9,8,100.0,Excellent,3.25,3.53,0.2799999999999998,Other,1.22,False
ID03240,Female,21,Business,8.7,1.4,7,86.4,Normal,3.17,3.42,0.25,Other,2.44,False
ID03241,Male,21,Engineering,9.5,4.5,3,72.9,Danger,3.12,2.92,-0.20000000000000018,Other,0.65,False
ID03242,Male,22,Computer Science,6.4,3.7,6,84.1,Normal,2.77,2.92,0.1499999999999999,Other,0.79,False
ID03243,Male,19,Mathematics,6.3,3.2,9,72.9,Danger,2.43,2.57,0.13999999999999968,Other,0.8,False
ID03244,Female,18,Psychology,8.1,5.2,6,100.0,Excellent,3.95,4.0,0.04999999999999982,Maintain,0.77,True
ID03245,Female,19,Engineering,6.1,4.4,6,96.9,Excellent,3.42,3.67,0.25,Other,0.83,False
ID03246,Male,19,Economics,6.5,5.1,5,92.8,Excellent,3.6,4.0,0.3999999999999999,Other,0.78,True
ID03247,Male,19,Computer Science,7.5,4.2,12,100.0,Excellent,3.06,3.25,0.18999999999999995,Other,0.77,False
ID03248,Male,19,Mathematics,7.6,2.5,7,54.7,Danger,3.02,2.8,-0.2200000000000002,Other,1.12,False
ID03249,Female,23,Computer Science,4.1,2.4,7,93.8,Excellent,3.35,3.44,0.08999999999999986,Maintain,1.43,False
ID03250,Female,18,Engineering,5.3,4.1,10,65.3,Danger,2.18,2.03,-0.15000000000000036,Other,0.5,False
ID03251,Male,23,Business,4.3,6.7,10,84.9,Normal,2.54,3.0,0.45999999999999996,Other,0.45,False
ID03252,Male,20,Mathematics,4.5,4.3,10,80.3,Normal,2.7,3.13,0.4299999999999997,Other,0.73,False
ID03253,Female,24,Computer Science,5.3,2.7,11,94.9,Excellent,2.87,2.87,0.0,Maintain,1.06,False
ID03254,Male,19,Business,6.7,4.5,12,88.4,Normal,2.66,2.89,0.22999999999999998,Other,0.64,False
ID03255,Male,24,Psychology,6.8,4.6,9,100.0,Excellent,3.27,3.55,0.2799999999999998,Other,0.77,False
ID03256,Male,21,Engineering,4.0,2.5,8,76.0,Normal,3.14,3.19,0.04999999999999982,Maintain,1.28,False
ID03257,Female,22,Engineering,5.6,11.0,13,95.6,Excellent,3.8,4.0,0.20000000000000018,Other,0.36,True
ID03258,Male,22,Mathematics,4.7,6.5,9,87.4,Normal,4.0,4.0,0.0,Maintain,0.62,True
ID03259,Male,23,Computer Science,6.7,3.7,7,60.5,Danger,2.47,2.46,-0.010000000000000231,Maintain,0.66,False
ID03260,Female,23,Psychology,6.0,10.6,8,71.2,Danger,3.17,3.44,0.27,Other,0.32,False
ID03261,Male,21,Economics,8.9,4.9,10,82.8,Normal,3.17,3.34,0.16999999999999993,Other,0.68,False
ID03262,Male,19,Mathematics,6.8,4.7,5,100.0,Excellent,3.09,3.63,0.54,Improve,0.77,False
ID03263,Male,24,Economics,6.1,8.5,13,92.0,Excellent,2.56,3.03,0.46999999999999975,Other,0.36,False
ID03264,Male,24,Mathematics,6.6,6.5,14,67.5,Danger,2.64,2.83,0.18999999999999995,Other,0.44,False
ID03265,Female,18,Computer Science,6.0,5.3,7,82.9,Normal,3.22,3.57,0.34999999999999964,Other,0.67,False
ID03266,Male,20,Psychology,9.0,3.2,11,100.0,Excellent,2.63,2.84,0.20999999999999996,Other,0.89,False
ID03267,Male,22,Computer Science,6.5,4.1,6,86.7,Normal,3.18,3.47,0.29000000000000004,Other,0.85,False
ID03268,Female,20,Engineering,7.7,3.7,4,80.1,Normal,2.98,3.23,0.25,Other,0.87,False
ID03269,Female,18,Economics,8.2,2.7,6,92.4,Excellent,3.17,3.33,0.16000000000000014,Other,1.23,False
ID03270,Female,23,Business,6.0,13.0,4,96.5,Excellent,2.62,3.35,0.73,Improve,0.26,False
ID03271,Male,24,Engineering,4.3,6.6,13,78.2,Normal,3.18,3.4,0.21999999999999975,Other,0.52,False
ID03272,Male,22,Engineering,6.3,3.6,3,92.5,Excellent,2.66,3.02,0.3599999999999999,Other,0.84,False
ID03273,Female,20,Economics,8.0,5.0,11,80.1,Normal,3.18,3.45,0.27,Other,0.69,False
ID03274,Male,23,Mathematics,4.5,3.7,8,95.8,Excellent,3.77,3.9,0.1299999999999999,Other,1.05,True
ID03275,Female,18,Engineering,7.4,2.5,7,87.5,Normal,3.23,3.33,0.10000000000000009,Other,1.33,False
ID03276,Female,20,Psychology,8.3,1.1,2,92.2,Excellent,3.26,3.28,0.020000000000000018,Maintain,2.98,False
ID03277,Female,24,Engineering,9.1,5.3,4,73.6,Danger,3.51,3.59,0.08000000000000007,Maintain,0.68,False
ID03278,Male,19,Psychology,8.0,4.1,11,72.7,Danger,2.4,2.33,-0.06999999999999984,Maintain,0.57,False
ID03279,Male,23,Computer Science,7.4,7.6,6,99.2,Excellent,3.96,4.0,0.040000000000000036,Maintain,0.53,True
ID03280,Female,18,Mathematics,7.3,2.9,12,83.8,Normal,2.57,2.79,0.2200000000000002,Other,0.96,False
ID03281,Male,20,Psychology,5.2,7.6,9,89.3,Normal,3.54,4.0,0.45999999999999996,Other,0.53,True
ID03282,Male,24,Engineering,5.6,8.1,11,80.4,Normal,3.47,3.91,0.43999999999999995,Other,0.48,True
ID03283,Female,19,Mathematics,4.4,1.5,9,98.5,Excellent,2.65,2.71,0.06000000000000005,Maintain,1.81,False
ID03284,Female,19,Mathematics,7.1,7.0,8,75.9,Normal,3.6,3.95,0.3500000000000001,Other,0.56,True
ID03285,Male,18,Psychology,7.7,6.4,10,83.0,Normal,3.35,3.81,0.45999999999999996,Other,0.6,False
ID03286,Male,21,Psychology,7.2,3.9,4,96.8,Excellent,4.0,4.0,0.0,Maintain,1.03,True
ID03287,Male,24,Business,7.4,7.5,6,100.0,Excellent,3.2,3.54,0.33999999999999986,Other,0.47,False
ID03288,Female,24,Business,8.1,6.8,12,77.1,Normal,3.05,3.2,0.15000000000000036,Other,0.47,False
ID03289,Female,22,Mathematics,5.0,4.4,6,100.0,Excellent,2.84,3.09,0.25,Other,0.7,False
ID03290,Male,18,Economics,7.1,1.4,6,89.7,Normal,2.23,2.31,0.08000000000000007,Maintain,1.65,False
ID03291,Male,19,Economics,7.4,3.5,12,69.4,Danger,2.94,2.86,-0.08000000000000007,Maintain,0.82,False
ID03292,Female,19,Business,6.3,7.1,6,90.5,Excellent,2.96,3.35,0.3900000000000001,Other,0.47,False
ID03293,Male,18,Engineering,4.0,4.9,11,79.3,Normal,3.23,3.07,-0.16000000000000014,Other,0.63,False
ID03294,Male,21,Computer Science,5.5,3.1,8,91.5,Excellent,2.39,2.57,0.17999999999999972,Other,0.83,False
ID03295,Female,22,Mathematics,6.2,4.2,10,84.4,Normal,2.98,3.29,0.31000000000000005,Other,0.78,False
ID03296,Male,20,Computer Science,7.2,4.4,3,86.1,Normal,3.39,3.7,0.31000000000000005,Other,0.84,False
ID03297,Female,18,Business,7.1,2.4,11,71.3,Danger,3.44,3.31,-0.1299999999999999,Other,1.38,False
ID03298,Male,22,Psychology,9.9,3.0,10,99.9,Excellent,2.17,2.34,0.16999999999999993,Other,0.78,False
ID03299,Male,24,Mathematics,8.4,12.5,7,67.7,Danger,3.45,3.84,0.3899999999999997,Other,0.31,False
ID03300,Female,22,Business,7.0,0.6,11,68.4,Danger,2.98,2.9,-0.08000000000000007,Maintain,4.83,False
ID03301,Male,23,Engineering,7.2,4.2,8,90.5,Excellent,3.01,3.26,0.25,Other,0.78,False
ID03302,Female,19,Mathematics,8.9,7.1,5,100.0,Excellent,1.92,2.42,0.5,Improve,0.34,False
ID03303,Female,20,Mathematics,9.0,4.1,4,79.7,Normal,3.85,3.62,-0.22999999999999998,Other,0.88,False
ID03304,Male,18,Economics,7.5,2.8,6,95.5,Excellent,3.19,3.58,0.3900000000000001,Other,1.28,False
ID03305,Male,19,Psychology,9.6,3.3,13,100.0,Excellent,2.33,2.46,0.1299999999999999,Other,0.75,False
ID03306,Male,23,Mathematics,5.7,10.7,9,97.2,Excellent,3.29,3.82,0.5299999999999998,Improve,0.36,False
ID03307,Male,23,Psychology,7.0,6.0,14,80.3,Normal,3.27,3.75,0.48,Other,0.62,False
ID03308,Male,19,Business,10.0,5.7,10,68.6,Danger,3.71,3.79,0.08000000000000007,Maintain,0.66,False
ID03309,Male,21,Engineering,8.1,3.9,6,51.9,Danger,2.95,2.56,-0.3900000000000001,Other,0.66,False
ID03310,Male,22,Engineering,6.8,4.7,8,81.1,Normal,3.11,3.67,0.56,Improve,0.78,False
ID03311,Female,18,Mathematics,7.2,2.1,7,100.0,Excellent,2.78,3.18,0.40000000000000036,Other,1.51,False
ID03312,Female,18,Mathematics,7.3,11.1,8,68.1,Danger,3.4,3.7,0.30000000000000027,Other,0.33,False
ID03313,Female,18,Business,9.5,6.2,8,95.5,Excellent,2.71,3.11,0.3999999999999999,Other,0.5,False
ID03314,Male,19,Economics,8.2,4.2,10,70.7,Danger,2.65,2.7,0.050000000000000266,Maintain,0.64,False
ID03315,Male,24,Economics,6.9,4.5,9,86.6,Normal,3.07,3.33,0.26000000000000023,Other,0.74,False
ID03316,Female,21,Economics,4.5,5.5,5,95.6,Excellent,2.49,2.62,0.1299999999999999,Other,0.48,False
ID03317,Male,20,Psychology,5.9,2.1,8,75.1,Normal,3.9,3.95,0.050000000000000266,Maintain,1.88,True
ID03318,Male,23,Economics,7.1,3.4,6,87.6,Normal,4.0,4.0,0.0,Maintain,1.18,True
ID03319,Female,19,Engineering,6.8,2.2,13,78.8,Normal,2.87,2.76,-0.11000000000000032,Other,1.25,False
ID03320,Female,24,Psychology,8.6,6.2,4,95.6,Excellent,2.41,2.67,0.2599999999999998,Other,0.43,False
ID03321,Male,20,Business,6.7,1.7,9,88.5,Normal,3.27,3.37,0.10000000000000009,Other,1.98,False
ID03322,Male,23,Engineering,8.3,2.3,10,85.8,Normal,2.86,3.1,0.2400000000000002,Other,1.35,False
ID03323,Female,23,Engineering,4.8,6.6,4,100.0,Excellent,3.69,4.0,0.31000000000000005,Other,0.61,True
ID03324,Female,21,Computer Science,6.2,4.7,6,94.9,Excellent,2.71,3.06,0.3500000000000001,Other,0.65,False
ID03325,Female,22,Business,8.0,10.1,8,74.6,Danger,3.37,3.62,0.25,Other,0.36,False
ID03326,Female,18,Business,10.0,3.4,4,83.7,Normal,3.16,3.36,0.19999999999999973,Other,0.99,False
ID03327,Female,20,Computer Science,6.8,3.8,11,83.9,Normal,2.76,3.11,0.3500000000000001,Other,0.82,False
ID03328,Male,19,Psychology,8.2,8.9,16,86.2,Normal,3.22,3.43,0.20999999999999996,Other,0.39,False
ID03329,Male,20,Economics,9.0,7.6,8,100.0,Excellent,3.54,3.95,0.41000000000000014,Other,0.52,True
ID03330,Female,22,Economics,8.4,6.7,9,90.6,Excellent,3.14,3.33,0.18999999999999995,Other,0.5,False
ID03331,Female,18,Economics,8.1,2.6,3,54.5,Danger,3.15,2.72,-0.4299999999999997,Other,1.05,False
ID03332,Female,20,Economics,6.5,2.7,6,76.9,Normal,2.66,2.58,-0.08000000000000007,Maintain,0.96,False
ID03333,Male,22,Economics,9.3,4.0,7,56.0,Danger,3.67,3.34,-0.33000000000000007,Other,0.84,False
ID03334,Male,19,Computer Science,5.0,3.9,5,80.1,Normal,3.62,3.69,0.06999999999999984,Maintain,0.95,False
ID03335,Female,21,Business,5.1,2.6,9,55.2,Danger,2.89,2.62,-0.27,Other,1.01,False
ID03336,Female,24,Psychology,9.8,3.3,9,71.9,Danger,3.04,3.11,0.06999999999999984,Maintain,0.94,False
ID03337,Female,23,Engineering,7.5,4.0,9,62.2,Danger,3.81,3.89,0.08000000000000007,Maintain,0.97,True
ID03338,Female,19,Economics,5.1,7.4,7,90.8,Excellent,2.53,3.04,0.5100000000000002,Improve,0.41,False
ID03339,Female,18,Computer Science,4.8,8.5,5,85.0,Normal,3.4,3.85,0.4500000000000002,Other,0.45,False
ID03340,Female,23,Psychology,4.8,6.0,9,89.5,Normal,2.82,3.21,0.3900000000000001,Other,0.54,False
ID03341,Female,24,Psychology,10.0,1.5,7,83.4,Normal,3.99,4.0,0.009999999999999787,Maintain,2.67,True
ID03342,Female,19,Psychology,6.9,7.9,9,64.1,Danger,3.13,3.32,0.18999999999999995,Other,0.42,False
ID03343,Female,19,Computer Science,6.2,6.0,6,92.7,Excellent,3.73,4.0,0.27,Other,0.67,True
ID03344,Male,19,Engineering,9.4,6.8,4,100.0,Excellent,2.72,3.15,0.4299999999999997,Other,0.46,False
ID03345,Male,19,Economics,7.4,2.7,9,91.1,Excellent,2.48,2.96,0.48,Other,1.1,False
ID03346,Female,23,Psychology,6.5,9.1,8,78.6,Normal,2.98,3.26,0.2799999999999998,Other,0.36,False
ID03347,Male,18,Computer Science,8.6,3.7,7,63.6,Danger,3.23,2.98,-0.25,Other,0.81,False
ID03348,Male,24,Business,7.9,2.6,9,71.4,Danger,2.84,2.74,-0.09999999999999964,Maintain,1.05,False
ID03349,Male,22,Computer Science,7.9,6.3,9,91.8,Excellent,3.48,4.0,0.52,Improve,0.63,True
ID03350,Male,20,Computer Science,6.6,4.0,7,100.0,Excellent,3.0,3.51,0.5099999999999998,Improve,0.88,False
ID03351,Male,21,Computer Science,5.7,5.9,7,88.9,Normal,2.06,2.45,0.3900000000000001,Other,0.42,False
ID03352,Male,24,Psychology,5.5,3.3,9,97.0,Excellent,3.38,3.58,0.20000000000000018,Other,1.08,False
ID03353,Female,20,Computer Science,7.2,2.0,4,95.6,Excellent,2.66,2.74,0.08000000000000007,Maintain,1.37,False
ID03354,Male,20,Business,7.0,3.3,6,92.6,Excellent,2.92,3.09,0.16999999999999993,Other,0.94,False
ID03355,Male,21,Psychology,7.7,1.7,8,75.1,Normal,3.88,3.64,-0.23999999999999977,Other,2.14,False
ID03356,Male,24,Business,6.4,6.1,17,87.6,Normal,3.99,4.0,0.009999999999999787,Maintain,0.66,True
ID03357,Female,23,Mathematics,8.9,0.7,10,72.3,Danger,2.81,2.73,-0.08000000000000007,Maintain,3.9,False
ID03358,Male,18,Computer Science,5.0,7.7,6,85.3,Normal,3.39,3.69,0.2999999999999998,Other,0.48,False
ID03359,Female,21,Economics,7.6,1.8,11,90.0,Normal,2.82,2.99,0.17000000000000037,Other,1.66,False
ID03360,Female,18,Economics,5.6,7.1,8,100.0,Excellent,2.96,3.36,0.3999999999999999,Other,0.47,False
ID03361,Female,23,Psychology,6.6,5.6,7,65.4,Danger,2.8,2.79,-0.009999999999999787,Maintain,0.5,False
ID03362,Male,20,Economics,5.6,1.0,14,92.2,Excellent,2.24,2.31,0.06999999999999984,Maintain,2.31,False
ID03363,Female,18,Psychology,6.4,4.6,5,100.0,Excellent,3.15,3.72,0.5700000000000003,Improve,0.81,False
ID03364,Male,23,Computer Science,5.4,1.7,8,96.4,Excellent,3.24,3.46,0.21999999999999975,Other,2.04,False
ID03365,Female,23,Engineering,5.5,4.7,10,97.5,Excellent,2.76,2.91,0.15000000000000036,Other,0.62,False
ID03366,Female,22,Engineering,8.4,2.8,8,93.8,Excellent,3.64,3.67,0.029999999999999805,Maintain,1.31,False
ID03367,Male,21,Business,4.9,1.0,10,100.0,Excellent,2.88,2.96,0.08000000000000007,Maintain,2.96,False
ID03368,Male,22,Computer Science,8.0,5.5,14,68.7,Danger,2.78,3.1,0.3200000000000003,Other,0.56,False
ID03369,Male,20,Economics,8.3,3.9,5,64.2,Danger,3.36,3.42,0.06000000000000005,Maintain,0.88,False
ID03370,Female,21,Computer Science,8.1,4.2,6,84.9,Normal,2.33,2.51,0.17999999999999972,Other,0.6,False
ID03371,Male,20,Mathematics,7.0,1.1,10,52.6,Danger,3.55,2.97,-0.5799999999999996,Decline,2.7,False
ID03372,Female,22,Engineering,5.4,1.0,8,100.0,Excellent,2.9,2.96,0.06000000000000005,Maintain,2.96,False
ID03373,Male,24,Economics,4.7,3.5,7,100.0,Excellent,3.59,3.68,0.0900000000000003,Maintain,1.05,False
ID03374,Female,23,Engineering,5.2,7.0,10,78.5,Normal,3.74,3.71,-0.03000000000000025,Maintain,0.53,False
ID03375,Female,20,Computer Science,5.2,6.1,10,79.4,Normal,3.42,3.34,-0.08000000000000007,Maintain,0.55,False
ID03376,Female,21,Economics,7.4,5.4,9,83.9,Normal,2.69,3.2,0.5100000000000002,Improve,0.59,False
ID03377,Female,21,Business,4.9,8.3,6,85.8,Normal,2.47,2.75,0.2799999999999998,Other,0.33,False
ID03378,Male,20,Computer Science,6.7,2.8,2,86.9,Normal,2.38,2.7,0.3200000000000003,Other,0.96,False
ID03379,Male,21,Business,7.1,5.6,6,93.4,Excellent,3.65,4.0,0.3500000000000001,Other,0.71,True
ID03380,Female,23,Economics,6.5,1.3,10,82.4,Normal,3.03,3.11,0.08000000000000007,Maintain,2.39,False
ID03381,Male,24,Engineering,6.6,12.9,6,99.1,Excellent,2.8,3.75,0.9500000000000002,Improve,0.29,False
ID03382,Male,23,Mathematics,8.9,2.5,8,91.7,Excellent,3.03,3.04,0.010000000000000231,Maintain,1.22,False
ID03383,Male,21,Psychology,7.7,5.3,6,75.9,Normal,3.64,3.83,0.18999999999999995,Other,0.72,False
ID03384,Male,20,Engineering,8.1,10.0,7,100.0,Excellent,3.49,3.91,0.41999999999999993,Other,0.39,True
ID03385,Male,22,Business,6.4,3.3,9,64.6,Danger,3.32,3.46,0.14000000000000012,Other,1.05,False
ID03386,Female,21,Computer Science,8.2,5.3,9,83.6,Normal,3.42,3.76,0.33999999999999986,Other,0.71,False
ID03387,Male,21,Economics,7.5,4.6,11,99.5,Excellent,3.19,3.61,0.41999999999999993,Other,0.78,False
ID03388,Female,21,Engineering,7.3,3.2,10,74.2,Danger,3.25,3.2,-0.04999999999999982,Maintain,1.0,False
ID03389,Male,21,Mathematics,6.4,2.7,6,89.6,Normal,3.21,3.41,0.20000000000000018,Other,1.26,False
ID03390,Female,20,Economics,7.4,1.8,8,93.2,Excellent,3.1,3.33,0.22999999999999998,Other,1.85,False
ID03391,Male,22,Business,10.0,0.4,7,72.1,Danger,3.48,3.35,-0.1299999999999999,Other,8.38,False
ID03392,Female,22,Economics,7.9,3.7,5,83.9,Normal,3.28,3.48,0.20000000000000018,Other,0.94,False
ID03393,Female,18,Economics,9.6,2.6,8,82.7,Normal,2.66,2.97,0.31000000000000005,Other,1.14,False
ID03394,Male,21,Computer Science,4.2,2.5,8,76.7,Normal,3.36,3.23,-0.1299999999999999,Other,1.29,False
ID03395,Female,21,Psychology,7.1,5.8,10,100.0,Excellent,3.22,3.64,0.41999999999999993,Other,0.63,False
ID03396,Female,18,Business,8.2,4.4,11,73.6,Danger,3.41,3.19,-0.2200000000000002,Other,0.72,False
ID03397,Female,22,Computer Science,7.6,7.3,8,100.0,Excellent,3.05,3.41,0.3600000000000003,Other,0.47,False
ID03398,Female,19,Psychology,7.8,3.1,5,79.1,Normal,3.51,3.49,-0.019999999999999574,Maintain,1.13,False
ID03399,Male,23,Computer Science,6.4,1.9,12,68.7,Danger,3.07,3.21,0.14000000000000012,Other,1.69,False
ID03400,Female,19,Psychology,8.8,5.8,8,86.5,Normal,3.46,3.7,0.2400000000000002,Other,0.64,False
ID03401,Male,22,Psychology,4.6,6.0,5,94.7,Excellent,2.87,3.02,0.1499999999999999,Other,0.5,False
ID03402,Male,24,Psychology,6.8,4.9,7,98.8,Excellent,2.91,3.28,0.36999999999999966,Other,0.67,False
ID03403,Female,21,Computer Science,7.2,2.4,12,100.0,Excellent,3.4,3.48,0.08000000000000007,Maintain,1.45,False
ID03404,Male,19,Economics,6.1,4.2,7,100.0,Excellent,2.93,3.22,0.29000000000000004,Other,0.77,False
ID03405,Female,20,Psychology,7.0,1.9,8,88.8,Normal,4.0,4.0,0.0,Maintain,2.11,True
ID03406,Female,20,Economics,4.1,2.6,10,75.1,Normal,3.38,3.06,-0.31999999999999984,Other,1.18,False
ID03407,Female,18,Business,5.1,7.8,12,91.8,Excellent,3.11,3.66,0.5500000000000003,Improve,0.47,False
ID03408,Female,22,Mathematics,8.9,3.0,6,81.0,Normal,3.51,3.88,0.3700000000000001,Other,1.29,True
ID03409,Male,22,Economics,7.4,6.8,9,98.9,Excellent,2.86,3.55,0.69,Improve,0.52,False
ID03410,Male,19,Mathematics,6.4,5.0,12,65.5,Danger,3.56,3.66,0.10000000000000009,Other,0.73,False
ID03411,Male,21,Psychology,8.5,9.8,4,100.0,Excellent,3.55,4.0,0.4500000000000002,Other,0.41,True
ID03412,Male,22,Mathematics,9.1,4.9,9,97.8,Excellent,3.73,4.0,0.27,Other,0.82,True
ID03413,Male,19,Mathematics,9.7,4.7,9,59.7,Danger,2.88,2.66,-0.21999999999999975,Other,0.57,False
ID03414,Male,19,Psychology,4.2,1.3,5,74.4,Danger,2.49,2.26,-0.23000000000000043,Other,1.74,False
ID03415,Female,23,Economics,9.1,2.6,11,97.2,Excellent,2.79,3.0,0.20999999999999996,Other,1.15,False
ID03416,Female,23,Psychology,5.3,3.5,4,100.0,Excellent,2.96,3.31,0.3500000000000001,Other,0.95,False
ID03417,Male,22,Business,7.5,12.0,6,65.9,Danger,3.93,4.0,0.06999999999999984,Maintain,0.33,True
ID03418,Female,19,Engineering,7.9,2.7,8,95.7,Excellent,4.0,4.0,0.0,Maintain,1.48,True
ID03419,Male,18,Computer Science,9.4,1.9,12,55.8,Danger,3.27,2.83,-0.43999999999999995,Other,1.49,False
ID03420,Male,18,Psychology,7.7,1.5,4,83.7,Normal,3.1,3.39,0.29000000000000004,Other,2.26,False
ID03421,Female,23,Psychology,7.4,1.3,6,100.0,Excellent,2.93,3.17,0.23999999999999977,Other,2.44,False
ID03422,Female,22,Mathematics,5.7,12.2,2,76.7,Normal,3.51,3.91,0.40000000000000036,Other,0.32,True
ID03423,Female,21,Business,4.5,4.5,10,62.4,Danger,4.0,3.93,-0.06999999999999984,Maintain,0.87,True
ID03424,Male,24,Mathematics,5.7,2.1,11,87.2,Normal,3.99,4.0,0.009999999999999787,Maintain,1.9,True
ID03425,Female,18,Economics,9.1,8.4,7,75.9,Normal,3.67,3.66,-0.009999999999999787,Maintain,0.44,False
ID03426,Female,18,Psychology,7.0,10.6,7,94.4,Excellent,3.66,4.0,0.33999999999999986,Other,0.38,True
ID03427,Female,23,Psychology,9.5,2.2,8,71.7,Danger,3.52,3.36,-0.16000000000000014,Other,1.53,False
ID03428,Female,23,Mathematics,5.9,3.1,8,73.4,Danger,3.08,3.16,0.08000000000000007,Maintain,1.02,False
ID03429,Female,22,Psychology,8.2,7.7,9,54.7,Danger,2.73,2.62,-0.10999999999999988,Other,0.34,False
ID03430,Female,23,Economics,7.3,6.1,10,87.5,Normal,3.09,3.49,0.40000000000000036,Other,0.57,False
ID03431,Female,20,Engineering,8.9,3.7,7,82.6,Normal,3.31,3.53,0.21999999999999975,Other,0.95,False
ID03432,Female,24,Computer Science,6.7,7.8,6,67.2,Danger,2.37,2.75,0.3799999999999999,Other,0.35,False
ID03433,Female,19,Computer Science,6.8,1.3,13,87.9,Normal,3.02,3.25,0.22999999999999998,Other,2.5,False
ID03434,Male,18,Computer Science,8.8,1.9,10,100.0,Excellent,2.69,2.65,-0.040000000000000036,Maintain,1.39,False
ID03435,Female,20,Engineering,4.0,2.5,8,81.8,Normal,3.61,3.75,0.14000000000000012,Other,1.5,False
ID03436,Male,21,Psychology,6.8,2.3,9,89.0,Normal,2.83,3.05,0.21999999999999975,Other,1.33,False
ID03437,Male,20,Mathematics,4.5,0.8,9,89.1,Normal,3.26,3.51,0.25,Other,4.39,False
ID03438,Female,22,Business,7.0,3.2,7,66.9,Danger,2.75,2.68,-0.06999999999999984,Maintain,0.84,False
ID03439,Female,21,Psychology,6.4,5.6,9,100.0,Excellent,3.9,4.0,0.10000000000000009,Other,0.71,True
ID03440,Female,21,Engineering,7.9,6.6,10,77.9,Normal,2.25,2.37,0.1200000000000001,Other,0.36,False
ID03441,Male,23,Economics,7.7,6.3,11,94.8,Excellent,3.34,3.62,0.28000000000000025,Other,0.57,False
ID03442,Male,20,Engineering,6.6,7.4,7,96.5,Excellent,2.46,3.11,0.6499999999999999,Improve,0.42,False
ID03443,Male,22,Computer Science,5.6,5.2,4,82.9,Normal,2.85,3.2,0.3500000000000001,Other,0.62,False
ID03444,Female,18,Psychology,7.1,2.8,6,94.1,Excellent,3.2,3.48,0.2799999999999998,Other,1.24,False
ID03445,Female,24,Computer Science,9.0,1.1,9,88.7,Normal,3.23,3.28,0.04999999999999982,Maintain,2.98,False
ID03446,Female,23,Business,5.5,1.1,7,63.7,Danger,3.21,2.98,-0.22999999999999998,Other,2.71,False
ID03447,Female,20,Economics,4.7,4.3,10,80.0,Normal,3.18,3.56,0.3799999999999999,Other,0.83,False
ID03448,Female,18,Computer Science,4.2,2.2,12,75.8,Normal,2.78,2.51,-0.27,Other,1.14,False
ID03449,Female,20,Business,4.7,4.2,8,78.1,Normal,3.02,2.81,-0.20999999999999996,Other,0.67,False
ID03450,Male,23,Engineering,7.0,1.8,9,65.4,Danger,3.12,3.08,-0.040000000000000036,Maintain,1.71,False
ID03451,Male,18,Computer Science,4.9,8.2,8,100.0,Excellent,3.2,3.8,0.5999999999999996,Improve,0.46,False
ID03452,Female,23,Computer Science,6.4,3.3,12,100.0,Excellent,3.07,3.41,0.3400000000000003,Other,1.03,False
ID03453,Female,20,Mathematics,7.7,3.4,16,99.7,Excellent,3.46,3.6,0.14000000000000012,Other,1.06,False
ID03454,Male,21,Economics,4.0,3.6,3,100.0,Excellent,3.15,3.54,0.3900000000000001,Other,0.98,False
ID03455,Female,24,Economics,8.5,0.3,17,79.8,Normal,3.2,2.5,-0.7000000000000002,Decline,8.33,False
ID03456,Male,19,Engineering,9.1,7.7,3,75.5,Normal,2.91,3.08,0.16999999999999993,Other,0.4,False
ID03457,Male,24,Mathematics,9.8,1.9,3,73.3,Danger,2.57,2.55,-0.020000000000000018,Maintain,1.34,False
ID03458,Female,21,Business,9.2,3.7,12,94.7,Excellent,3.18,3.47,0.29000000000000004,Other,0.94,False
ID03459,Female,23,Business,10.0,4.1,7,88.4,Normal,3.7,3.99,0.29000000000000004,Other,0.97,True
ID03460,Female,24,Engineering,7.3,2.4,9,83.8,Normal,3.32,3.71,0.3900000000000001,Other,1.55,False
ID03461,Male,23,Economics,8.2,5.7,6,100.0,Excellent,2.69,3.11,0.41999999999999993,Other,0.55,False
ID03462,Male,23,Business,6.6,7.2,7,91.1,Excellent,3.51,4.0,0.4900000000000002,Other,0.56,True
ID03463,Female,18,Engineering,8.0,1.1,8,72.4,Danger,2.93,2.65,-0.28000000000000025,Other,2.41,False
ID03464,Female,22,Business,7.2,6.0,12,74.8,Danger,3.46,3.66,0.20000000000000018,Other,0.61,False
ID03465,Male,23,Psychology,4.5,0.9,9,95.2,Excellent,2.92,2.9,-0.020000000000000018,Maintain,3.22,False
ID03466,Female,24,Computer Science,4.7,2.4,9,100.0,Excellent,3.28,3.35,0.07000000000000028,Maintain,1.4,False
ID03467,Male,24,Economics,9.7,2.8,9,93.3,Excellent,2.84,3.1,0.26000000000000023,Other,1.11,False
ID03468,Female,24,Psychology,7.2,2.9,6,100.0,Excellent,2.85,3.13,0.2799999999999998,Other,1.08,False
ID03469,Female,21,Engineering,9.1,7.9,5,100.0,Excellent,2.32,2.85,0.5300000000000002,Improve,0.36,False
ID03470,Male,19,Engineering,6.1,3.0,8,91.6,Excellent,3.36,3.62,0.26000000000000023,Other,1.21,False
ID03471,Male,23,Psychology,5.7,3.0,7,72.4,Danger,3.29,3.34,0.04999999999999982,Maintain,1.11,False
ID03472,Female,23,Computer Science,6.9,1.6,10,65.4,Danger,3.31,3.21,-0.10000000000000009,Other,2.01,False
ID03473,Female,23,Computer Science,8.2,4.8,8,79.2,Normal,3.24,3.23,-0.010000000000000231,Maintain,0.67,False
ID03474,Female,18,Mathematics,9.1,3.5,6,96.3,Excellent,2.72,2.8,0.07999999999999963,Maintain,0.8,False
ID03475,Female,23,Business,7.3,5.3,6,100.0,Excellent,3.58,4.0,0.41999999999999993,Other,0.75,True
ID03476,Female,21,Mathematics,8.0,1.6,8,91.3,Excellent,3.6,3.73,0.1299999999999999,Other,2.33,False
ID03477,Female,20,Computer Science,6.8,10.0,10,100.0,Excellent,2.71,3.47,0.7600000000000002,Improve,0.35,False
ID03478,Male,22,Psychology,9.2,6.2,10,81.3,Normal,3.37,3.82,0.44999999999999973,Other,0.62,False
ID03479,Male,24,Business,9.2,14.0,8,94.3,Excellent,3.54,4.0,0.45999999999999996,Other,0.29,True
ID03480,Male,23,Psychology,5.8,4.1,7,97.4,Excellent,2.86,3.11,0.25,Other,0.76,False
ID03481,Male,18,Mathematics,7.6,7.0,16,55.3,Danger,2.95,2.37,-0.5800000000000001,Decline,0.34,False
ID03482,Female,21,Engineering,5.5,10.1,8,78.8,Normal,3.37,3.65,0.2799999999999998,Other,0.36,False
ID03483,Male,23,Psychology,8.2,4.8,9,99.2,Excellent,2.34,2.79,0.4500000000000002,Other,0.58,False
ID03484,Female,18,Mathematics,6.4,3.6,12,89.1,Normal,2.56,3.04,0.48,Other,0.84,False
ID03485,Female,20,Mathematics,5.8,2.9,9,67.1,Danger,2.61,2.4,-0.20999999999999996,Other,0.83,False
ID03486,Female,19,Mathematics,4.0,3.3,7,48.5,Danger,2.2,1.67,-0.5300000000000002,Decline,0.51,False
ID03487,Male,23,Engineering,8.6,4.4,6,79.5,Normal,3.64,3.73,0.08999999999999986,Maintain,0.85,False
ID03488,Male,21,Engineering,7.3,3.5,5,83.9,Normal,2.11,2.45,0.3400000000000003,Other,0.7,False
ID03489,Male,18,Engineering,7.4,5.9,3,71.7,Danger,3.27,3.38,0.10999999999999988,Other,0.57,False
ID03490,Male,18,Business,8.2,8.7,8,87.1,Normal,3.51,4.0,0.4900000000000002,Other,0.46,True
ID03491,Male,23,Engineering,5.9,1.8,9,92.6,Excellent,2.95,2.99,0.040000000000000036,Maintain,1.66,False
ID03492,Female,18,Engineering,5.6,1.8,6,95.1,Excellent,2.77,2.8,0.029999999999999805,Maintain,1.56,False
ID03493,Female,19,Engineering,7.8,3.0,7,49.7,Danger,3.22,2.96,-0.26000000000000023,Other,0.99,False
ID03494,Female,18,Psychology,8.7,1.1,5,65.3,Danger,3.1,2.81,-0.29000000000000004,Other,2.55,False
ID03495,Female,24,Engineering,7.8,9.6,5,80.4,Normal,3.6,4.0,0.3999999999999999,Other,0.42,True
ID03496,Male,22,Business,9.4,7.4,6,93.6,Excellent,1.79,2.19,0.3999999999999999,Other,0.3,False
ID03497,Female,24,Mathematics,7.8,3.5,7,92.3,Excellent,2.64,2.85,0.20999999999999996,Other,0.81,False
ID03498,Female,22,Psychology,7.8,3.7,8,92.1,Excellent,3.38,3.54,0.16000000000000014,Other,0.96,False
ID03499,Male,18,Computer Science,8.2,4.9,8,79.2,Normal,3.13,3.23,0.10000000000000009,Other,0.66,False
ID03500,Female,23,Engineering,6.7,2.4,9,80.1,Normal,3.48,3.86,0.3799999999999999,Other,1.61,False
ID03501,Male,22,Mathematics,5.1,3.2,4,74.1,Danger,3.23,3.18,-0.04999999999999982,Maintain,0.99,False
ID03502,Female,21,Mathematics,7.0,2.5,3,96.5,Excellent,3.03,3.16,0.13000000000000034,Other,1.26,False
ID03503,Female,22,Psychology,8.1,4.1,4,71.2,Danger,2.95,2.9,-0.050000000000000266,Maintain,0.71,False
ID03504,Male,24,Computer Science,5.7,4.2,5,97.8,Excellent,4.0,4.0,0.0,Maintain,0.95,True
ID03505,Female,18,Economics,4.9,3.7,9,88.1,Normal,3.87,4.0,0.1299999999999999,Other,1.08,True
ID03506,Female,23,Business,5.9,7.0,13,84.3,Normal,3.35,3.83,0.48,Other,0.55,False
ID03507,Female,20,Economics,9.0,3.7,10,75.1,Normal,3.14,2.89,-0.25,Other,0.78,False
ID03508,Male,23,Mathematics,7.7,3.9,16,64.7,Danger,3.37,2.92,-0.4500000000000002,Other,0.75,False
ID03509,Female,23,Economics,6.8,1.4,11,75.3,Normal,3.51,3.62,0.11000000000000032,Other,2.59,False
ID03510,Male,23,Mathematics,5.5,5.8,6,80.0,Normal,3.31,3.47,0.16000000000000014,Other,0.6,False
ID03511,Male,21,Economics,7.4,4.4,5,49.5,Danger,2.72,2.64,-0.08000000000000007,Maintain,0.6,False
ID03512,Male,19,Mathematics,7.3,6.2,8,82.0,Normal,3.99,4.0,0.009999999999999787,Maintain,0.65,True
ID03513,Female,24,Mathematics,7.7,2.2,6,98.9,Excellent,3.22,3.4,0.17999999999999972,Other,1.55,False
ID03514,Female,18,Psychology,10.0,1.9,4,93.5,Excellent,4.0,4.0,0.0,Maintain,2.11,True
ID03515,Female,19,Computer Science,7.7,3.4,8,77.6,Normal,3.19,3.27,0.08000000000000007,Maintain,0.96,False
ID03516,Female,20,Mathematics,6.0,0.9,16,85.7,Normal,2.98,2.88,-0.10000000000000009,Other,3.2,False
ID03517,Male,19,Business,4.9,9.9,12,76.7,Normal,3.79,3.92,0.1299999999999999,Other,0.4,True
ID03518,Male,18,Business,6.2,3.4,6,87.2,Normal,3.25,3.6,0.3500000000000001,Other,1.06,False
ID03519,Male,24,Engineering,6.3,0.6,6,100.0,Excellent,3.17,3.25,0.08000000000000007,Maintain,5.42,False
ID03520,Male,24,Mathematics,8.2,2.9,7,99.5,Excellent,2.5,2.56,0.06000000000000005,Maintain,0.88,False
ID03521,Male,18,Mathematics,6.1,3.6,4,92.8,Excellent,3.43,3.76,0.3299999999999996,Other,1.04,False
ID03522,Male,20,Mathematics,5.5,8.7,6,77.6,Normal,2.85,2.98,0.1299999999999999,Other,0.34,False
ID03523,Male,18,Economics,7.8,4.1,10,96.2,Excellent,2.88,3.05,0.16999999999999993,Other,0.74,False
ID03524,Male,20,Mathematics,6.1,1.5,17,59.7,Danger,2.85,2.35,-0.5,Decline,1.57,False
ID03525,Male,20,Mathematics,7.9,4.9,4,81.2,Normal,3.32,3.53,0.20999999999999996,Other,0.72,False
ID03526,Male,18,Business,5.7,4.1,13,93.8,Excellent,2.33,2.75,0.41999999999999993,Other,0.67,False
ID03527,Female,22,Computer Science,6.3,3.5,8,96.1,Excellent,2.99,3.19,0.19999999999999973,Other,0.91,False
ID03528,Female,24,Computer Science,6.1,3.2,8,95.0,Excellent,3.59,3.76,0.16999999999999993,Other,1.17,False
ID03529,Female,20,Engineering,7.6,6.7,9,89.4,Normal,2.48,2.79,0.31000000000000005,Other,0.42,False
ID03530,Male,18,Business,6.8,4.0,7,82.1,Normal,3.19,3.51,0.31999999999999984,Other,0.88,False
ID03531,Male,22,Mathematics,5.2,3.9,9,93.1,Excellent,2.78,3.06,0.28000000000000025,Other,0.78,False
ID03532,Female,24,Computer Science,5.0,7.6,8,70.7,Danger,2.9,3.19,0.29000000000000004,Other,0.42,False
ID03533,Male,20,Psychology,6.5,6.3,10,72.3,Danger,3.93,4.0,0.06999999999999984,Maintain,0.63,True
ID03534,Male,24,Psychology,4.9,5.0,8,85.9,Normal,2.27,2.43,0.16000000000000014,Other,0.49,False
ID03535,Male,22,Psychology,6.4,2.5,9,87.6,Normal,3.48,3.62,0.14000000000000012,Other,1.45,False
ID03536,Male,24,Mathematics,7.4,3.3,5,57.6,Danger,2.86,2.38,-0.48,Other,0.72,False
ID03537,Male,21,Mathematics,5.2,3.8,10,91.8,Excellent,2.84,3.16,0.3200000000000003,Other,0.83,False
ID03538,Male,23,Engineering,8.3,1.6,10,96.6,Excellent,2.54,2.48,-0.06000000000000005,Maintain,1.55,False
ID03539,Female,21,Engineering,9.1,2.9,7,83.8,Normal,3.48,3.53,0.04999999999999982,Maintain,1.22,False
ID03540,Male,22,Engineering,8.6,4.1,12,100.0,Excellent,3.0,3.31,0.31000000000000005,Other,0.81,False
ID03541,Male,20,Economics,8.0,5.6,6,74.8,Danger,2.94,2.93,-0.009999999999999787,Maintain,0.52,False
ID03542,Female,18,Psychology,7.6,5.4,10,79.6,Normal,3.15,3.13,-0.020000000000000018,Maintain,0.58,False
ID03543,Male,19,Mathematics,7.4,1.2,9,79.1,Normal,3.01,2.81,-0.19999999999999973,Other,2.34,False
ID03544,Male,18,Psychology,7.6,3.2,5,83.9,Normal,2.1,2.36,0.2599999999999998,Other,0.74,False
ID03545,Female,24,Engineering,6.1,2.3,8,80.1,Normal,2.85,2.92,0.06999999999999984,Maintain,1.27,False
ID03546,Male,19,Mathematics,7.0,1.0,11,63.9,Danger,3.55,3.55,0.0,Maintain,3.55,False
ID03547,Male,19,Business,7.2,3.7,5,76.8,Normal,2.35,2.49,0.14000000000000012,Other,0.67,False
ID03548,Male,24,Computer Science,8.0,2.9,12,83.5,Normal,2.56,2.8,0.23999999999999977,Other,0.97,False
ID03549,Male,24,Computer Science,4.6,4.0,5,100.0,Excellent,2.89,3.26,0.36999999999999966,Other,0.82,False
ID03550,Female,20,Engineering,7.3,5.5,8,100.0,Excellent,2.74,3.08,0.33999999999999986,Other,0.56,False
ID03551,Female,22,Psychology,8.6,4.9,12,100.0,Excellent,3.09,3.58,0.4900000000000002,Other,0.73,False
ID03552,Male,18,Business,6.1,10.7,2,73.4,Danger,2.55,2.89,0.3400000000000003,Other,0.27,False
ID03553,Female,22,Mathematics,6.8,4.4,7,74.6,Danger,2.91,3.05,0.13999999999999968,Other,0.69,False
ID03554,Male,21,Psychology,4.2,8.5,2,82.6,Normal,3.08,3.48,0.3999999999999999,Other,0.41,False
ID03555,Male,20,Engineering,7.1,1.9,6,100.0,Excellent,3.42,3.65,0.22999999999999998,Other,1.92,False
ID03556,Female,20,Psychology,4.8,4.9,7,82.5,Normal,3.72,4.0,0.2799999999999998,Other,0.82,True
ID03557,Male,21,Engineering,6.2,2.5,9,65.1,Danger,2.97,2.88,-0.0900000000000003,Maintain,1.15,False
ID03558,Male,18,Economics,6.9,3.4,11,77.5,Normal,4.0,4.0,0.0,Maintain,1.18,True
ID03559,Male,23,Computer Science,6.1,6.4,8,96.4,Excellent,3.01,3.34,0.33000000000000007,Other,0.52,False
ID03560,Male,21,Computer Science,6.8,3.4,7,95.3,Excellent,3.51,3.82,0.31000000000000005,Other,1.12,False
ID03561,Male,18,Psychology,7.6,7.1,8,82.0,Normal,4.0,4.0,0.0,Maintain,0.56,True
ID03562,Female,19,Business,6.9,2.6,8,95.3,Excellent,3.17,3.62,0.4500000000000002,Other,1.39,False
ID03563,Male,24,Mathematics,7.2,1.9,10,50.9,Danger,2.41,2.18,-0.22999999999999998,Other,1.15,False
ID03564,Male,20,Engineering,4.2,4.5,7,86.6,Normal,3.15,3.42,0.27,Other,0.76,False
ID03565,Male,18,Mathematics,6.8,4.7,10,97.9,Excellent,2.79,3.16,0.3700000000000001,Other,0.67,False
ID03566,Female,22,Computer Science,4.0,3.3,6,72.5,Danger,2.96,3.01,0.04999999999999982,Maintain,0.91,False
ID03567,Female,24,Business,6.4,5.7,6,72.5,Danger,4.0,4.0,0.0,Maintain,0.7,True
ID03568,Female,22,Business,9.8,0.9,6,57.0,Danger,2.49,2.06,-0.43000000000000016,Other,2.29,False
ID03569,Female,24,Mathematics,8.4,2.1,9,100.0,Excellent,3.25,3.42,0.16999999999999993,Other,1.63,False
ID03570,Female,20,Computer Science,4.9,5.1,7,74.2,Danger,2.66,2.81,0.1499999999999999,Other,0.55,False
ID03571,Male,21,Mathematics,6.2,3.5,6,88.6,Normal,2.95,3.15,0.19999999999999973,Other,0.9,False
ID03572,Male,23,Psychology,6.7,2.6,8,94.1,Excellent,3.47,3.89,0.41999999999999993,Other,1.5,True
ID03573,Female,21,Business,7.8,4.3,10,100.0,Excellent,3.26,3.63,0.3700000000000001,Other,0.84,False
ID03574,Female,18,Business,8.3,6.8,8,82.7,Normal,2.99,3.43,0.43999999999999995,Other,0.5,False
ID03575,Female,21,Psychology,9.4,4.9,2,76.9,Normal,2.78,2.96,0.18000000000000016,Other,0.6,False
ID03576,Male,20,Computer Science,5.6,6.2,12,87.6,Normal,3.26,3.59,0.33000000000000007,Other,0.58,False
ID03577,Male,18,Business,7.3,5.0,13,100.0,Excellent,3.95,4.0,0.04999999999999982,Maintain,0.8,True
ID03578,Male,19,Economics,4.4,7.8,12,82.4,Normal,2.65,3.1,0.4500000000000002,Other,0.4,False
ID03579,Female,21,Economics,7.6,2.9,6,70.7,Danger,4.0,4.0,0.0,Maintain,1.38,True
ID03580,Male,21,Economics,7.7,7.0,10,61.9,Danger,3.7,3.9,0.19999999999999973,Other,0.56,True
ID03581,Male,23,Engineering,7.0,1.2,7,66.7,Danger,3.78,3.59,-0.18999999999999995,Other,2.99,False
ID03582,Female,18,Engineering,8.0,1.8,3,98.0,Excellent,3.25,3.48,0.22999999999999998,Other,1.93,False
ID03583,Male,22,Computer Science,5.7,5.6,10,80.2,Normal,3.69,4.0,0.31000000000000005,Other,0.71,True
ID03584,Female,21,Psychology,5.0,1.7,6,75.9,Normal,2.6,2.44,-0.16000000000000014,Other,1.44,False
ID03585,Male,20,Mathematics,5.6,3.3,10,74.3,Danger,2.77,2.54,-0.22999999999999998,Other,0.77,False
ID03586,Male,21,Computer Science,7.6,7.7,7,86.3,Normal,3.48,4.0,0.52,Improve,0.52,True
ID03587,Male,23,Mathematics,9.0,1.9,9,81.4,Normal,3.25,3.35,0.10000000000000009,Other,1.76,False
ID03588,Female,19,Computer Science,5.7,6.5,5,80.9,Normal,3.03,3.46,0.43000000000000016,Other,0.53,False
ID03589,Male,23,Engineering,6.0,3.2,9,100.0,Excellent,1.85,2.06,0.20999999999999996,Other,0.64,False
ID03590,Male,21,Economics,7.2,1.8,4,100.0,Excellent,2.88,3.05,0.16999999999999993,Other,1.69,False
ID03591,Female,22,Psychology,10.0,4.0,10,60.8,Danger,2.51,2.47,-0.03999999999999959,Maintain,0.62,False
ID03592,Male,24,Engineering,6.3,7.4,3,89.9,Normal,3.35,3.72,0.3700000000000001,Other,0.5,False
ID03593,Female,21,Psychology,8.4,1.6,6,73.3,Danger,3.0,2.71,-0.29000000000000004,Other,1.69,False
ID03594,Female,18,Mathematics,6.7,1.6,6,81.3,Normal,2.79,3.14,0.3500000000000001,Other,1.96,False
ID03595,Male,21,Computer Science,6.2,5.5,9,89.6,Normal,4.0,4.0,0.0,Maintain,0.73,True
ID03596,Female,22,Business,5.0,2.8,7,81.8,Normal,3.62,4.0,0.3799999999999999,Other,1.43,True
ID03597,Male,18,Business,6.5,10.7,9,88.5,Normal,3.63,4.0,0.3700000000000001,Other,0.37,True
ID03598,Female,20,Psychology,8.3,4.7,9,95.1,Excellent,4.0,4.0,0.0,Maintain,0.85,True
ID03599,Male,18,Economics,5.7,6.8,11,89.4,Normal,3.5,4.0,0.5,Improve,0.59,True
ID03600,Female,23,Economics,7.1,4.6,3,75.3,Normal,2.71,2.88,0.16999999999999993,Other,0.63,False
ID03601,Male,19,Psychology,5.7,1.7,13,75.6,Normal,2.66,2.39,-0.27,Other,1.41,False
ID03602,Female,23,Engineering,6.4,2.2,11,63.4,Danger,3.58,3.52,-0.06000000000000005,Maintain,1.6,False
ID03603,Male,24,Business,4.7,2.4,12,72.2,Danger,2.07,1.9,-0.16999999999999993,Other,0.79,False
ID03604,Male,18,Engineering,10.0,5.2,2,100.0,Excellent,3.06,3.46,0.3999999999999999,Other,0.67,False
ID03605,Male,20,Mathematics,7.5,3.9,12,73.1,Danger,2.01,2.05,0.040000000000000036,Maintain,0.53,False
ID03606,Male,21,Business,6.5,1.1,14,67.1,Danger,3.15,3.0,-0.1499999999999999,Other,2.73,False
ID03607,Female,18,Mathematics,8.9,5.8,9,89.8,Normal,3.53,4.0,0.4700000000000002,Other,0.69,True
ID03608,Male,23,Computer Science,6.9,11.9,8,83.3,Normal,3.24,4.0,0.7599999999999998,Improve,0.34,True
ID03609,Female,18,Engineering,7.7,1.9,10,82.1,Normal,3.57,3.76,0.18999999999999995,Other,1.98,False
ID03610,Female,18,Psychology,9.3,2.1,8,100.0,Excellent,4.0,4.0,0.0,Maintain,1.9,True
ID03611,Female,18,Business,9.2,2.6,5,93.2,Excellent,3.03,3.37,0.3400000000000003,Other,1.3,False
ID03612,Male,20,Engineering,5.3,3.6,6,77.1,Normal,4.0,4.0,0.0,Maintain,1.11,True
ID03613,Male,22,Psychology,7.0,2.0,8,78.6,Normal,3.21,3.24,0.03000000000000025,Maintain,1.62,False
ID03614,Female,22,Computer Science,8.9,7.6,12,77.5,Normal,3.57,3.78,0.20999999999999996,Other,0.5,False
ID03615,Male,18,Business,5.4,9.3,7,98.1,Excellent,2.79,3.15,0.3599999999999999,Other,0.34,False
ID03616,Male,20,Mathematics,6.6,4.2,2,80.4,Normal,3.91,4.0,0.08999999999999986,Maintain,0.95,True
ID03617,Female,20,Computer Science,6.6,3.8,8,58.1,Danger,3.62,3.28,-0.3400000000000003,Other,0.86,False
ID03618,Female,24,Economics,7.8,1.2,7,84.3,Normal,3.84,3.88,0.040000000000000036,Maintain,3.23,True
ID03619,Female,18,Psychology,8.2,1.8,7,61.9,Danger,3.13,3.06,-0.06999999999999984,Maintain,1.7,False
ID03620,Male,23,Business,8.7,0.8,5,100.0,Excellent,2.47,2.48,0.009999999999999787,Maintain,3.1,False
ID03621,Female,23,Business,7.1,2.7,8,70.5,Danger,3.33,3.24,-0.08999999999999986,Maintain,1.2,False
ID03622,Male,19,Computer Science,5.4,3.0,15,82.6,Normal,2.25,2.51,0.2599999999999998,Other,0.84,False
ID03623,Male,18,Business,6.5,5.5,8,88.9,Normal,2.93,3.42,0.48999999999999977,Other,0.62,False
ID03624,Female,19,Psychology,5.4,4.2,7,80.7,Normal,3.2,3.45,0.25,Other,0.82,False
ID03625,Male,23,Computer Science,6.0,2.3,5,80.6,Normal,4.0,4.0,0.0,Maintain,1.74,True
ID03626,Male,23,Mathematics,8.1,5.7,9,91.3,Excellent,3.26,3.73,0.4700000000000002,Other,0.65,False
ID03627,Male,18,Computer Science,4.8,12.9,3,100.0,Excellent,3.17,3.71,0.54,Improve,0.29,False
ID03628,Female,19,Computer Science,6.2,5.8,5,96.5,Excellent,3.07,3.34,0.27,Other,0.58,False
ID03629,Female,19,Mathematics,8.3,2.8,9,100.0,Excellent,2.43,2.68,0.25,Other,0.96,False
ID03630,Female,18,Economics,8.0,4.5,8,69.3,Danger,3.14,3.26,0.11999999999999966,Other,0.72,False
ID03631,Female,24,Psychology,5.8,2.0,10,89.8,Normal,3.15,3.17,0.020000000000000018,Maintain,1.58,False
ID03632,Male,19,Economics,5.7,1.8,5,87.3,Normal,2.62,2.77,0.1499999999999999,Other,1.54,False
ID03633,Male,24,Economics,9.4,9.7,8,90.3,Excellent,2.51,3.14,0.6300000000000003,Improve,0.32,False
ID03634,Male,21,Economics,7.6,4.6,5,100.0,Excellent,2.86,3.33,0.4700000000000002,Other,0.72,False
ID03635,Male,23,Engineering,5.8,6.9,13,81.7,Normal,3.13,3.56,0.43000000000000016,Other,0.52,False
ID03636,Male,22,Economics,6.9,3.3,6,78.9,Normal,2.87,2.74,-0.1299999999999999,Other,0.83,False
ID03637,Female,24,Engineering,8.6,1.8,10,93.0,Excellent,2.57,2.63,0.06000000000000005,Maintain,1.46,False
ID03638,Male,24,Mathematics,5.7,1.6,7,58.3,Danger,3.24,2.73,-0.5100000000000002,Decline,1.71,False
ID03639,Male,24,Psychology,5.6,2.2,7,81.4,Normal,3.37,3.65,0.2799999999999998,Other,1.66,False
ID03640,Male,20,Economics,7.3,4.9,9,83.0,Normal,3.16,3.57,0.4099999999999997,Other,0.73,False
ID03641,Male,19,Business,5.0,1.3,5,71.2,Danger,2.82,2.73,-0.08999999999999986,Maintain,2.1,False
ID03642,Female,19,Mathematics,6.0,4.0,8,100.0,Excellent,3.4,3.92,0.52,Improve,0.98,True
ID03643,Male,20,Engineering,6.3,5.3,7,69.1,Danger,3.0,3.16,0.16000000000000014,Other,0.6,False
ID03644,Male,19,Psychology,4.0,1.8,10,83.0,Normal,2.51,2.54,0.03000000000000025,Maintain,1.41,False
ID03645,Female,20,Computer Science,7.1,12.9,6,89.4,Normal,3.62,4.0,0.3799999999999999,Other,0.31,True
ID03646,Male,24,Psychology,7.9,6.4,9,100.0,Excellent,3.28,3.55,0.27,Other,0.55,False
ID03647,Male,18,Psychology,9.9,3.6,6,84.8,Normal,3.04,3.14,0.10000000000000009,Other,0.87,False
ID03648,Male,21,Economics,7.9,2.4,8,99.0,Excellent,2.31,2.49,0.18000000000000016,Other,1.04,False
ID03649,Female,24,Economics,5.5,4.7,5,95.5,Excellent,2.73,2.92,0.18999999999999995,Other,0.62,False
ID03650,Female,21,Engineering,6.3,4.6,11,86.9,Normal,4.0,4.0,0.0,Maintain,0.87,True
ID03651,Female,23,Engineering,9.8,4.1,15,68.7,Danger,2.35,2.17,-0.18000000000000016,Other,0.53,False
ID03652,Male,24,Economics,7.7,4.8,6,63.5,Danger,2.97,3.03,0.05999999999999961,Maintain,0.63,False
ID03653,Female,22,Economics,8.6,2.0,7,86.6,Normal,3.09,3.04,-0.04999999999999982,Maintain,1.52,False
ID03654,Male,19,Business,6.1,5.8,11,76.9,Normal,3.26,3.3,0.040000000000000036,Maintain,0.57,False
ID03655,Male,22,Business,6.7,1.5,6,98.8,Excellent,2.35,2.39,0.040000000000000036,Maintain,1.59,False
ID03656,Male,18,Mathematics,6.9,1.5,10,96.2,Excellent,3.19,3.5,0.31000000000000005,Other,2.33,False
ID03657,Male,21,Economics,8.4,0.8,9,82.2,Normal,2.26,2.29,0.03000000000000025,Maintain,2.86,False
ID03658,Male,24,Computer Science,6.4,5.5,9,67.6,Danger,3.15,3.27,0.1200000000000001,Other,0.59,False
ID03659,Female,18,Business,7.9,4.8,10,92.7,Excellent,2.77,3.26,0.48999999999999977,Other,0.68,False
ID03660,Female,18,Engineering,7.0,3.8,7,69.7,Danger,2.67,2.86,0.18999999999999995,Other,0.75,False
ID03661,Male,19,Psychology,5.2,2.6,7,73.6,Danger,3.52,3.41,-0.10999999999999988,Other,1.31,False
ID03662,Male,18,Mathematics,7.0,2.9,13,70.3,Danger,2.98,3.03,0.04999999999999982,Maintain,1.04,False
ID03663,Male,24,Business,8.7,2.0,5,82.9,Normal,3.34,3.58,0.2400000000000002,Other,1.79,False
ID03664,Male,24,Psychology,7.0,4.5,8,100.0,Excellent,3.35,3.64,0.29000000000000004,Other,0.81,False
ID03665,Female,21,Psychology,6.5,0.7,10,84.9,Normal,3.73,4.0,0.27,Other,5.71,True
ID03666,Male,24,Business,9.1,1.0,8,78.4,Normal,2.5,2.36,-0.14000000000000012,Other,2.36,False
ID03667,Female,22,Computer Science,7.6,2.0,7,62.1,Danger,3.56,3.49,-0.06999999999999984,Maintain,1.74,False
ID03668,Male,21,Computer Science,4.9,4.2,7,93.3,Excellent,3.11,3.31,0.20000000000000018,Other,0.79,False
ID03669,Male,19,Mathematics,6.6,3.7,10,73.3,Danger,2.91,3.13,0.21999999999999975,Other,0.85,False
ID03670,Male,21,Computer Science,7.4,8.0,7,86.8,Normal,2.53,3.27,0.7400000000000002,Improve,0.41,False
ID03671,Male,20,Mathematics,7.4,3.3,13,79.7,Normal,3.4,3.49,0.0900000000000003,Maintain,1.06,False
ID03672,Male,22,Engineering,7.8,6.1,9,97.6,Excellent,2.64,3.05,0.4099999999999997,Other,0.5,False
ID03673,Female,20,Business,6.8,4.1,9,82.6,Normal,3.36,3.82,0.45999999999999996,Other,0.93,False
ID03674,Male,20,Psychology,6.7,0.8,6,84.1,Normal,4.0,4.0,0.0,Maintain,5.0,True
ID03675,Female,23,Mathematics,7.0,1.8,12,92.3,Excellent,3.59,3.85,0.26000000000000023,Other,2.14,False
ID03676,Male,24,Computer Science,8.2,2.0,7,100.0,Excellent,3.8,3.8,0.0,Maintain,1.9,False
ID03677,Male,19,Mathematics,6.0,2.3,7,98.3,Excellent,2.74,3.18,0.43999999999999995,Other,1.38,False
ID03678,Male,18,Economics,6.9,3.1,5,83.7,Normal,3.48,3.68,0.20000000000000018,Other,1.19,False
ID03679,Female,20,Mathematics,7.4,7.0,11,85.0,Normal,2.53,2.99,0.4600000000000004,Other,0.43,False
ID03680,Male,21,Computer Science,6.2,3.4,10,77.1,Normal,2.98,2.94,-0.040000000000000036,Maintain,0.86,False
ID03681,Female,18,Economics,7.7,2.5,6,70.8,Danger,3.97,3.81,-0.16000000000000014,Other,1.52,False
ID03682,Male,21,Economics,7.5,6.3,8,76.7,Normal,2.8,2.77,-0.029999999999999805,Maintain,0.44,False
ID03683,Female,21,Computer Science,4.0,6.3,13,73.4,Danger,3.66,3.9,0.23999999999999977,Other,0.62,True
ID03684,Male,18,Economics,7.1,0.6,12,94.8,Excellent,3.61,3.89,0.28000000000000025,Other,6.48,True
ID03685,Female,18,Business,9.1,3.6,5,68.9,Danger,3.64,3.38,-0.26000000000000023,Other,0.94,False
ID03686,Female,24,Psychology,9.2,7.5,5,100.0,Excellent,2.47,2.97,0.5,Improve,0.4,False
ID03687,Female,21,Business,8.0,3.3,8,96.3,Excellent,3.36,3.53,0.16999999999999993,Other,1.07,False
ID03688,Male,19,Business,8.9,1.9,7,85.3,Normal,3.02,3.25,0.22999999999999998,Other,1.71,False
ID03689,Male,24,Computer Science,6.8,6.1,5,85.0,Normal,3.64,4.0,0.3599999999999999,Other,0.66,True
ID03690,Male,22,Computer Science,7.9,1.7,9,76.6,Normal,2.27,2.4,0.1299999999999999,Other,1.41,False
ID03691,Female,23,Psychology,7.2,4.1,7,89.1,Normal,3.28,3.61,0.33000000000000007,Other,0.88,False
ID03692,Male,22,Mathematics,8.0,3.3,2,100.0,Excellent,3.21,3.62,0.41000000000000014,Other,1.1,False
ID03693,Female,19,Business,9.8,1.2,16,74.5,Danger,2.1,1.43,-0.6700000000000002,Decline,1.19,False
ID03694,Male,24,Economics,8.5,6.8,6,62.0,Danger,2.66,2.92,0.2599999999999998,Other,0.43,False
ID03695,Male,23,Psychology,6.5,4.7,6,95.5,Excellent,2.18,2.59,0.4099999999999997,Other,0.55,False
ID03696,Male,24,Business,9.4,8.1,9,89.9,Normal,2.74,3.12,0.3799999999999999,Other,0.39,False
ID03697,Female,18,Mathematics,7.4,3.6,7,68.2,Danger,3.37,3.25,-0.1200000000000001,Other,0.9,False
ID03698,Female,23,Economics,8.0,2.0,4,74.0,Danger,3.2,3.21,0.009999999999999787,Maintain,1.6,False
ID03699,Female,21,Business,6.6,1.2,5,72.1,Danger,3.18,3.19,0.009999999999999787,Maintain,2.66,False
ID03700,Male,22,Engineering,8.1,6.4,11,74.1,Danger,2.58,2.48,-0.10000000000000009,Other,0.39,False
ID03701,Female,23,Psychology,7.6,1.8,8,80.1,Normal,3.66,3.77,0.10999999999999988,Other,2.09,False
ID03702,Female,21,Computer Science,8.7,12.9,7,81.0,Normal,3.09,3.74,0.6500000000000004,Improve,0.29,False
ID03703,Male,24,Business,6.2,9.9,6,75.2,Normal,3.12,3.61,0.48999999999999977,Other,0.36,False
ID03704,Female,19,Economics,8.4,3.9,10,73.6,Danger,3.57,3.71,0.14000000000000012,Other,0.95,False
ID03705,Female,23,Economics,4.0,3.1,12,81.6,Normal,2.6,2.9,0.2999999999999998,Other,0.94,False
ID03706,Female,21,Psychology,6.1,2.3,7,87.5,Normal,3.21,3.28,0.06999999999999984,Maintain,1.43,False
ID03707,Female,24,Psychology,5.0,2.5,5,80.3,Normal,3.31,3.65,0.33999999999999986,Other,1.46,False
ID03708,Male,24,Economics,7.5,11.6,5,100.0,Excellent,2.83,3.37,0.54,Improve,0.29,False
ID03709,Male,24,Economics,8.4,2.8,7,92.6,Excellent,3.43,3.78,0.34999999999999964,Other,1.35,False
ID03710,Female,19,Economics,7.0,4.9,8,61.1,Danger,3.34,3.4,0.06000000000000005,Maintain,0.69,False
ID03711,Male,18,Business,9.0,5.1,13,92.9,Excellent,3.05,3.45,0.40000000000000036,Other,0.68,False
ID03712,Female,19,Economics,5.8,6.6,5,94.1,Excellent,3.03,3.24,0.2100000000000004,Other,0.49,False
ID03713,Female,19,Computer Science,4.9,4.7,7,78.5,Normal,3.36,3.21,-0.1499999999999999,Other,0.68,False
ID03714,Female,22,Economics,8.1,3.7,13,62.6,Danger,3.49,3.41,-0.08000000000000007,Maintain,0.92,False
ID03715,Female,24,Computer Science,8.8,2.2,4,85.1,Normal,3.13,3.11,-0.020000000000000018,Maintain,1.41,False
ID03716,Male,21,Business,7.2,5.1,6,84.9,Normal,3.66,4.0,0.33999999999999986,Other,0.78,True
ID03717,Male,23,Psychology,9.7,4.5,11,68.2,Danger,3.43,3.51,0.07999999999999963,Maintain,0.78,False
ID03718,Male,22,Computer Science,7.8,2.8,11,63.2,Danger,2.21,2.26,0.04999999999999982,Maintain,0.81,False
ID03719,Male,24,Business,7.6,4.8,8,83.7,Normal,2.4,2.73,0.33000000000000007,Other,0.57,False
ID03720,Male,20,Economics,6.4,3.5,10,81.5,Normal,3.69,3.82,0.1299999999999999,Other,1.09,False
ID03721,Male,19,Business,5.0,4.5,7,78.7,Normal,2.98,2.86,-0.1200000000000001,Other,0.64,False
ID03722,Female,20,Economics,6.6,5.6,14,83.7,Normal,3.18,3.72,0.54,Improve,0.66,False
ID03723,Female,24,Business,9.4,4.1,5,68.5,Danger,3.67,3.56,-0.10999999999999988,Other,0.87,False
ID03724,Male,22,Psychology,7.3,6.0,4,78.5,Normal,3.1,3.2,0.10000000000000009,Other,0.53,False
ID03725,Male,21,Computer Science,6.4,4.0,11,93.0,Excellent,3.12,3.3,0.17999999999999972,Other,0.82,False
ID03726,Female,22,Psychology,5.6,6.6,8,79.8,Normal,2.67,2.79,0.1200000000000001,Other,0.42,False
ID03727,Male,21,Engineering,7.8,3.0,8,59.9,Danger,3.28,3.03,-0.25,Other,1.01,False
ID03728,Male,21,Economics,5.3,1.9,5,77.9,Normal,3.39,3.21,-0.18000000000000016,Other,1.69,False
ID03729,Male,24,Computer Science,7.5,4.3,7,68.9,Danger,2.81,2.98,0.16999999999999993,Other,0.69,False
ID03730,Female,18,Psychology,6.3,9.1,8,89.0,Normal,2.64,3.4,0.7599999999999998,Improve,0.37,False
ID03731,Male,24,Computer Science,6.6,6.2,10,89.8,Normal,4.0,4.0,0.0,Maintain,0.65,True
ID03732,Female,19,Engineering,8.0,9.1,6,60.1,Danger,3.05,3.37,0.3200000000000003,Other,0.37,False
ID03733,Male,22,Mathematics,5.6,2.8,11,96.4,Excellent,2.76,3.12,0.3600000000000003,Other,1.11,False
ID03734,Male,21,Economics,7.0,3.7,7,68.3,Danger,3.45,3.44,-0.010000000000000231,Maintain,0.93,False
ID03735,Male,24,Economics,4.7,1.9,5,100.0,Excellent,3.07,3.28,0.20999999999999996,Other,1.73,False
ID03736,Male,24,Business,6.8,1.6,13,84.3,Normal,2.56,2.82,0.2599999999999998,Other,1.76,False
ID03737,Female,22,Economics,7.7,8.4,8,66.3,Danger,3.34,3.75,0.41000000000000014,Other,0.45,False
ID03738,Female,22,Economics,8.2,7.9,7,67.9,Danger,2.67,2.81,0.14000000000000012,Other,0.36,False
ID03739,Female,21,Psychology,8.7,5.4,12,90.2,Excellent,3.89,4.0,0.10999999999999988,Other,0.74,True
ID03740,Female,23,Economics,8.0,2.8,14,79.1,Normal,3.35,3.32,-0.03000000000000025,Maintain,1.19,False
ID03741,Female,20,Economics,6.4,5.7,6,83.6,Normal,2.96,3.25,0.29000000000000004,Other,0.57,False
ID03742,Female,19,Engineering,4.3,7.5,10,100.0,Excellent,3.15,3.73,0.5800000000000001,Improve,0.5,False
ID03743,Female,19,Engineering,8.5,9.7,4,74.5,Danger,3.55,3.93,0.38000000000000034,Other,0.41,True
ID03744,Male,23,Computer Science,6.2,1.3,8,85.9,Normal,3.19,3.49,0.30000000000000027,Other,2.68,False
ID03745,Male,18,Computer Science,4.8,3.1,5,100.0,Excellent,4.0,4.0,0.0,Maintain,1.29,True
ID03746,Male,23,Economics,9.8,2.9,6,89.1,Normal,3.67,3.81,0.14000000000000012,Other,1.31,False
ID03747,Female,18,Economics,6.9,3.4,9,60.9,Danger,3.34,3.17,-0.16999999999999993,Other,0.93,False
ID03748,Male,18,Business,7.7,5.1,4,92.6,Excellent,2.63,2.87,0.2400000000000002,Other,0.56,False
ID03749,Male,23,Computer Science,7.3,0.9,3,67.6,Danger,3.03,2.93,-0.09999999999999964,Maintain,3.26,False
ID03750,Female,19,Psychology,7.0,2.8,6,100.0,Excellent,3.34,3.45,0.11000000000000032,Other,1.23,False
ID03751,Female,20,Economics,6.4,2.9,4,72.7,Danger,2.69,2.52,-0.16999999999999993,Other,0.87,False
ID03752,Female,19,Psychology,6.1,4.0,8,100.0,Excellent,3.75,4.0,0.25,Other,1.0,True
ID03753,Male,24,Economics,10.0,4.3,10,100.0,Excellent,2.61,2.82,0.20999999999999996,Other,0.66,False
ID03754,Female,19,Psychology,4.8,3.3,8,73.1,Danger,2.78,2.69,-0.08999999999999986,Maintain,0.82,False
ID03755,Male,19,Mathematics,6.4,10.8,12,85.3,Normal,2.82,3.44,0.6200000000000001,Improve,0.32,False
ID03756,Male,23,Psychology,5.7,3.5,12,96.3,Excellent,3.47,3.87,0.3999999999999999,Other,1.11,True
ID03757,Male,23,Computer Science,7.8,5.1,7,96.8,Excellent,2.7,3.29,0.5899999999999999,Improve,0.65,False
ID03758,Male,24,Economics,6.4,5.6,9,91.6,Excellent,2.2,2.45,0.25,Other,0.44,False
ID03759,Male,24,Computer Science,6.3,2.1,11,100.0,Excellent,3.64,4.0,0.3599999999999999,Other,1.9,True
ID03760,Female,23,Psychology,8.0,2.2,14,83.2,Normal,2.88,3.01,0.1299999999999999,Other,1.37,False
ID03761,Male,19,Engineering,9.9,5.7,6,79.5,Normal,2.57,2.54,-0.029999999999999805,Maintain,0.45,False
ID03762,Female,20,Engineering,5.8,7.9,5,79.8,Normal,2.72,3.0,0.2799999999999998,Other,0.38,False
ID03763,Male,18,Engineering,4.7,9.7,5,97.9,Excellent,3.96,4.0,0.040000000000000036,Maintain,0.41,True
ID03764,Male,22,Economics,7.1,2.1,15,90.5,Excellent,2.77,2.85,0.08000000000000007,Maintain,1.36,False
ID03765,Male,18,Business,8.3,6.8,7,89.4,Normal,3.04,3.54,0.5,Improve,0.52,False
ID03766,Male,24,Mathematics,6.7,3.8,5,96.9,Excellent,2.88,3.29,0.41000000000000014,Other,0.87,False
ID03767,Female,24,Psychology,7.9,7.9,5,54.2,Danger,2.48,2.61,0.1299999999999999,Other,0.33,False
ID03768,Male,18,Business,6.2,4.8,7,89.7,Normal,2.73,3.28,0.5499999999999998,Improve,0.68,False
ID03769,Male,22,Engineering,10.0,5.4,8,88.3,Normal,2.45,2.96,0.5099999999999998,Improve,0.55,False
ID03770,Male,19,Psychology,7.9,8.7,6,100.0,Excellent,3.58,4.0,0.41999999999999993,Other,0.46,True
ID03771,Male,20,Business,6.3,9.2,5,62.1,Danger,3.15,3.54,0.3900000000000001,Other,0.38,False
ID03772,Female,20,Computer Science,5.9,4.2,7,100.0,Excellent,4.0,4.0,0.0,Maintain,0.95,True
ID03773,Male,18,Engineering,7.4,1.2,11,86.1,Normal,2.75,2.76,0.009999999999999787,Maintain,2.3,False
ID03774,Female,22,Business,8.0,2.4,6,92.3,Excellent,2.67,3.06,0.3900000000000001,Other,1.28,False
ID03775,Female,24,Economics,5.0,11.7,9,100.0,Excellent,3.87,4.0,0.1299999999999999,Other,0.34,True
ID03776,Female,21,Computer Science,7.0,5.5,10,93.4,Excellent,3.63,4.0,0.3700000000000001,Other,0.73,True
ID03777,Female,19,Engineering,8.1,2.1,4,91.0,Excellent,3.29,3.25,-0.040000000000000036,Maintain,1.55,False
ID03778,Female,18,Mathematics,7.5,2.7,9,88.6,Normal,2.54,2.85,0.31000000000000005,Other,1.06,False
ID03779,Female,20,Engineering,7.9,7.2,7,77.7,Normal,3.97,4.0,0.029999999999999805,Maintain,0.56,True
ID03780,Female,24,Economics,9.2,10.7,7,84.6,Normal,3.06,3.57,0.5099999999999998,Improve,0.33,False
ID03781,Male,23,Mathematics,4.0,4.0,10,74.3,Danger,2.88,2.92,0.040000000000000036,Maintain,0.73,False
ID03782,Male,23,Mathematics,7.3,7.9,13,84.3,Normal,3.67,4.0,0.33000000000000007,Other,0.51,True
ID03783,Male,22,Mathematics,4.0,6.7,6,50.0,Danger,3.09,2.79,-0.2999999999999998,Other,0.42,False
ID03784,Female,22,Psychology,6.9,4.8,11,91.4,Excellent,2.52,2.78,0.2599999999999998,Other,0.58,False
ID03785,Female,18,Psychology,8.9,6.0,8,83.2,Normal,3.12,3.56,0.43999999999999995,Other,0.59,False
ID03786,Male,21,Mathematics,6.8,4.7,12,80.0,Normal,2.71,2.96,0.25,Other,0.63,False
ID03787,Female,20,Computer Science,5.6,8.1,6,88.3,Normal,1.6,2.21,0.6099999999999999,Improve,0.27,False
ID03788,Male,18,Mathematics,8.2,6.1,10,63.5,Danger,2.66,2.63,-0.03000000000000025,Maintain,0.43,False
ID03789,Male,21,Business,7.2,1.3,11,100.0,Excellent,2.84,3.06,0.2200000000000002,Other,2.35,False
ID03790,Female,24,Mathematics,7.3,3.5,9,83.5,Normal,2.52,2.84,0.31999999999999984,Other,0.81,False
ID03791,Male,22,Psychology,10.0,2.1,5,82.8,Normal,3.39,3.63,0.23999999999999977,Other,1.73,False
ID03792,Male,23,Psychology,4.7,4.3,12,70.5,Danger,2.71,2.57,-0.14000000000000012,Other,0.6,False
ID03793,Female,19,Business,6.0,3.4,11,85.4,Normal,3.34,3.8,0.45999999999999996,Other,1.12,False
ID03794,Female,24,Business,7.6,2.6,8,100.0,Excellent,2.48,2.86,0.3799999999999999,Other,1.1,False
ID03795,Male,23,Engineering,8.8,1.7,13,100.0,Excellent,3.55,3.62,0.07000000000000028,Maintain,2.13,False
ID03796,Female,20,Computer Science,5.6,0.8,7,97.8,Excellent,2.46,2.4,-0.06000000000000005,Maintain,3.0,False
ID03797,Male,20,Computer Science,6.4,8.0,10,93.2,Excellent,1.93,2.48,0.55,Improve,0.31,False
ID03798,Male,23,Computer Science,6.9,8.0,9,79.6,Normal,3.72,4.0,0.2799999999999998,Other,0.5,True
ID03799,Male,24,Economics,6.8,1.6,6,63.2,Danger,2.67,2.41,-0.2599999999999998,Other,1.51,False
ID03800,Female,23,Psychology,8.0,4.8,7,82.0,Normal,3.98,4.0,0.020000000000000018,Maintain,0.83,True
ID03801,Male,21,Computer Science,6.9,1.1,6,81.5,Normal,3.38,3.66,0.28000000000000025,Other,3.33,False
ID03802,Female,18,Engineering,8.0,2.3,8,100.0,Excellent,3.5,3.64,0.14000000000000012,Other,1.58,False
ID03803,Female,22,Engineering,5.2,3.2,14,89.6,Normal,3.62,3.82,0.19999999999999973,Other,1.19,False
ID03804,Female,21,Computer Science,7.2,2.5,13,100.0,Excellent,3.16,3.49,0.33000000000000007,Other,1.4,False
ID03805,Male,19,Business,7.1,5.5,13,100.0,Excellent,3.16,3.66,0.5,Improve,0.67,False
ID03806,Female,23,Engineering,8.3,0.4,8,78.2,Normal,3.74,3.68,-0.06000000000000005,Maintain,9.2,False
ID03807,Male,19,Business,10.0,2.3,5,58.1,Danger,3.16,2.87,-0.29000000000000004,Other,1.25,False
ID03808,Male,19,Psychology,8.4,6.4,8,100.0,Excellent,2.74,3.04,0.2999999999999998,Other,0.48,False
ID03809,Male,21,Economics,5.9,1.0,8,100.0,Excellent,3.39,3.34,-0.050000000000000266,Maintain,3.34,False
ID03810,Male,22,Engineering,7.9,2.5,15,64.5,Danger,2.04,1.86,-0.17999999999999994,Other,0.74,False
ID03811,Female,24,Business,6.9,7.0,4,100.0,Excellent,3.76,4.0,0.2400000000000002,Other,0.57,True
ID03812,Male,20,Computer Science,6.5,11.4,8,90.7,Excellent,3.77,4.0,0.22999999999999998,Other,0.35,True
ID03813,Male,18,Psychology,6.2,8.0,9,87.4,Normal,3.7,4.0,0.2999999999999998,Other,0.5,True
ID03814,Female,20,Mathematics,6.1,3.2,6,100.0,Excellent,3.68,4.0,0.31999999999999984,Other,1.25,True
ID03815,Male,22,Mathematics,5.3,11.3,10,100.0,Excellent,3.06,3.58,0.52,Improve,0.32,False
ID03816,Female,20,Computer Science,5.1,6.6,9,94.8,Excellent,3.05,3.56,0.5100000000000002,Improve,0.54,False
ID03817,Male,23,Psychology,8.0,1.7,9,92.1,Excellent,2.49,2.73,0.23999999999999977,Other,1.61,False
ID03818,Female,23,Psychology,6.5,1.1,4,94.2,Excellent,3.97,4.0,0.029999999999999805,Maintain,3.64,True
ID03819,Female,21,Psychology,7.3,6.2,4,79.0,Normal,2.86,3.06,0.20000000000000018,Other,0.49,False
ID03820,Male,19,Psychology,5.7,3.6,11,84.2,Normal,3.27,3.64,0.3700000000000001,Other,1.01,False
ID03821,Male,22,Mathematics,7.9,1.6,9,71.5,Danger,3.23,3.12,-0.10999999999999988,Other,1.95,False
ID03822,Male,22,Business,5.9,3.5,7,80.0,Normal,2.43,2.85,0.41999999999999993,Other,0.81,False
ID03823,Female,20,Psychology,5.0,7.3,7,79.5,Normal,2.23,2.23,0.0,Maintain,0.31,False
ID03824,Male,21,Business,9.4,2.5,10,75.5,Normal,3.1,3.04,-0.06000000000000005,Maintain,1.22,False
ID03825,Male,20,Psychology,7.3,2.5,16,87.1,Normal,2.87,2.97,0.10000000000000009,Other,1.19,False
ID03826,Male,20,Engineering,6.5,3.4,9,80.1,Normal,3.06,3.41,0.3500000000000001,Other,1.0,False
ID03827,Male,22,Economics,6.7,3.7,10,92.5,Excellent,3.63,3.88,0.25,Other,1.05,True
ID03828,Male,20,Engineering,6.5,3.0,10,60.7,Danger,3.21,3.23,0.020000000000000018,Maintain,1.08,False
ID03829,Female,19,Economics,7.7,5.6,16,83.3,Normal,3.48,3.61,0.1299999999999999,Other,0.64,False
ID03830,Male,20,Engineering,4.7,5.9,8,87.0,Normal,3.32,3.54,0.2200000000000002,Other,0.6,False
ID03831,Male,19,Psychology,4.3,3.7,3,80.3,Normal,2.94,3.28,0.33999999999999986,Other,0.89,False
ID03832,Female,22,Business,7.2,2.4,3,82.4,Normal,2.6,2.78,0.17999999999999972,Other,1.16,False
ID03833,Female,21,Economics,4.4,2.8,7,61.2,Danger,3.23,3.25,0.020000000000000018,Maintain,1.16,False
ID03834,Male,23,Mathematics,4.1,8.4,11,90.3,Excellent,3.14,3.5,0.3599999999999999,Other,0.42,False
ID03835,Male,19,Computer Science,8.4,11.2,15,94.7,Excellent,3.56,4.0,0.43999999999999995,Other,0.36,True
ID03836,Male,21,Economics,7.3,1.4,9,92.4,Excellent,3.02,3.32,0.2999999999999998,Other,2.37,False
ID03837,Female,21,Economics,7.3,1.7,8,100.0,Excellent,2.95,3.38,0.4299999999999997,Other,1.99,False
ID03838,Male,19,Mathematics,5.3,2.7,7,88.0,Normal,2.99,3.08,0.08999999999999986,Maintain,1.14,False
ID03839,Female,22,Psychology,9.1,8.5,7,92.2,Excellent,2.64,3.17,0.5299999999999998,Improve,0.37,False
ID03840,Female,18,Engineering,8.5,3.0,7,87.3,Normal,3.82,3.88,0.06000000000000005,Maintain,1.29,True
ID03841,Male,21,Engineering,5.0,5.6,11,95.3,Excellent,3.67,4.0,0.33000000000000007,Other,0.71,True
ID03842,Male,21,Business,6.8,3.5,10,61.3,Danger,2.49,2.66,0.16999999999999993,Other,0.76,False
ID03843,Male,22,Psychology,6.4,2.8,5,71.6,Danger,3.5,3.65,0.1499999999999999,Other,1.3,False
ID03844,Male,22,Mathematics,6.9,3.3,7,100.0,Excellent,2.18,2.67,0.48999999999999977,Other,0.81,False
ID03845,Male,20,Psychology,8.6,1.6,8,48.1,Danger,3.59,3.06,-0.5299999999999998,Decline,1.91,False
ID03846,Female,22,Psychology,6.4,6.0,9,82.9,Normal,2.75,3.27,0.52,Improve,0.55,False
ID03847,Female,21,Engineering,8.5,2.4,8,100.0,Excellent,3.28,3.38,0.10000000000000009,Other,1.41,False
ID03848,Female,19,Mathematics,4.4,2.6,6,83.6,Normal,2.14,2.44,0.2999999999999998,Other,0.94,False
ID03849,Female,18,Computer Science,6.1,2.2,12,78.9,Normal,2.5,2.43,-0.06999999999999984,Maintain,1.1,False
ID03850,Male,24,Economics,6.4,9.2,7,86.9,Normal,3.33,3.96,0.6299999999999999,Improve,0.43,True
ID03851,Male,20,Engineering,6.2,2.9,8,79.7,Normal,2.75,2.6,-0.1499999999999999,Other,0.9,False
ID03852,Male,24,Mathematics,7.0,4.4,8,85.5,Normal,2.68,3.19,0.5099999999999998,Improve,0.72,False
ID03853,Female,19,Business,7.2,0.7,5,74.7,Danger,3.8,3.68,-0.11999999999999966,Other,5.26,False
ID03854,Female,18,Economics,7.3,0.4,6,100.0,Excellent,4.0,4.0,0.0,Maintain,10.0,True
ID03855,Female,18,Economics,8.3,1.7,11,100.0,Excellent,3.57,3.77,0.20000000000000018,Other,2.22,False
ID03856,Male,18,Engineering,8.1,6.9,8,83.0,Normal,2.55,2.85,0.30000000000000027,Other,0.41,False
ID03857,Male,23,Business,4.7,4.3,3,64.2,Danger,3.98,4.0,0.020000000000000018,Maintain,0.93,True
ID03858,Female,19,Engineering,7.2,9.8,7,77.1,Normal,2.32,2.79,0.4700000000000002,Other,0.28,False
ID03859,Male,20,Psychology,6.1,7.6,8,82.2,Normal,2.95,3.49,0.54,Improve,0.46,False
ID03860,Female,20,Mathematics,8.2,2.2,7,92.6,Excellent,3.13,3.45,0.3200000000000003,Other,1.57,False
ID03861,Female,18,Business,8.9,3.5,5,69.9,Danger,4.0,3.79,-0.20999999999999996,Other,1.08,False
ID03862,Female,19,Economics,8.3,8.3,11,73.5,Danger,3.56,3.69,0.1299999999999999,Other,0.44,False
ID03863,Male,23,Engineering,9.9,3.2,10,92.7,Excellent,2.87,2.9,0.029999999999999805,Maintain,0.91,False
ID03864,Male,18,Economics,8.1,5.8,6,99.1,Excellent,2.63,2.93,0.30000000000000027,Other,0.51,False
ID03865,Male,22,Business,8.5,1.5,8,75.7,Normal,3.6,3.62,0.020000000000000018,Maintain,2.41,False
ID03866,Male,24,Economics,5.8,4.8,8,65.0,Danger,2.83,2.81,-0.020000000000000018,Maintain,0.59,False
ID03867,Male,20,Engineering,7.0,3.8,4,100.0,Excellent,3.21,3.52,0.31000000000000005,Other,0.93,False
ID03868,Female,24,Engineering,8.0,2.2,3,96.7,Excellent,2.42,2.76,0.33999999999999986,Other,1.25,False
ID03869,Female,21,Computer Science,7.4,3.5,6,81.0,Normal,3.38,3.52,0.14000000000000012,Other,1.01,False
ID03870,Male,18,Economics,5.6,4.7,2,98.0,Excellent,3.34,3.57,0.22999999999999998,Other,0.76,False
ID03871,Male,22,Computer Science,5.6,6.8,6,83.1,Normal,2.48,2.88,0.3999999999999999,Other,0.42,False
ID03872,Male,20,Computer Science,4.3,9.4,10,98.0,Excellent,3.62,4.0,0.3799999999999999,Other,0.43,True
ID03873,Male,24,Economics,7.6,6.3,9,87.4,Normal,3.38,3.9,0.52,Improve,0.62,True
ID03874,Female,23,Business,5.5,7.8,8,86.4,Normal,3.47,3.77,0.2999999999999998,Other,0.48,False
ID03875,Male,19,Psychology,8.0,2.0,6,83.3,Normal,2.91,3.12,0.20999999999999996,Other,1.56,False
ID03876,Male,20,Engineering,8.1,1.8,8,63.3,Danger,3.19,3.08,-0.10999999999999988,Other,1.71,False
ID03877,Male,24,Mathematics,7.3,5.4,9,100.0,Excellent,3.13,3.47,0.3400000000000003,Other,0.64,False
ID03878,Female,19,Computer Science,7.6,1.5,10,70.9,Danger,3.03,3.0,-0.029999999999999805,Maintain,2.0,False
ID03879,Female,24,Business,8.5,3.3,3,64.6,Danger,3.19,3.29,0.10000000000000009,Other,1.0,False
ID03880,Male,19,Economics,8.7,6.2,10,81.8,Normal,3.73,4.0,0.27,Other,0.65,True
ID03881,Male,23,Business,4.0,8.6,7,70.6,Danger,3.64,3.91,0.27,Other,0.45,True
ID03882,Female,23,Business,8.1,4.8,5,84.2,Normal,2.51,2.67,0.16000000000000014,Other,0.56,False
ID03883,Female,18,Economics,7.7,1.9,4,95.3,Excellent,3.59,3.95,0.3600000000000003,Other,2.08,True
ID03884,Male,18,Mathematics,7.4,3.9,9,99.9,Excellent,3.7,4.0,0.2999999999999998,Other,1.03,True
ID03885,Female,20,Economics,7.7,4.2,4,97.2,Excellent,3.02,3.56,0.54,Improve,0.85,False
ID03886,Female,23,Mathematics,6.5,2.4,8,80.4,Normal,3.35,3.66,0.31000000000000005,Other,1.52,False
ID03887,Female,22,Economics,4.0,1.2,7,85.7,Normal,3.35,3.35,0.0,Maintain,2.79,False
ID03888,Female,24,Computer Science,6.1,6.3,8,91.1,Excellent,2.68,3.07,0.3899999999999997,Other,0.49,False
ID03889,Female,24,Mathematics,4.3,3.4,6,58.6,Danger,2.91,2.46,-0.4500000000000002,Other,0.72,False
ID03890,Male,24,Computer Science,4.5,5.8,6,93.6,Excellent,3.48,3.73,0.25,Other,0.64,False
ID03891,Female,20,Mathematics,8.6,4.6,5,63.1,Danger,2.85,2.94,0.08999999999999986,Maintain,0.64,False
ID03892,Male,24,Mathematics,6.2,3.4,9,100.0,Excellent,3.59,3.84,0.25,Other,1.13,False
ID03893,Female,21,Economics,7.4,3.1,10,78.9,Normal,3.75,3.63,-0.1200000000000001,Other,1.17,False
ID03894,Male,19,Mathematics,7.0,3.7,11,82.2,Normal,3.67,4.0,0.33000000000000007,Other,1.08,True
ID03895,Female,24,Computer Science,9.0,5.4,6,73.5,Danger,4.0,4.0,0.0,Maintain,0.74,True
ID03896,Female,19,Economics,7.1,0.6,6,75.6,Normal,3.05,2.74,-0.3099999999999996,Other,4.57,False
ID03897,Male,18,Engineering,6.1,5.3,5,100.0,Excellent,3.19,3.52,0.33000000000000007,Other,0.66,False
ID03898,Female,24,Computer Science,9.2,5.1,6,99.1,Excellent,3.26,3.38,0.1200000000000001,Other,0.66,False
ID03899,Male,22,Engineering,6.3,6.3,11,61.8,Danger,3.07,3.34,0.27,Other,0.53,False
ID03900,Female,23,Business,7.6,8.8,7,100.0,Excellent,3.37,4.0,0.6299999999999999,Improve,0.45,True
ID03901,Male,23,Economics,7.7,2.5,6,100.0,Excellent,2.24,2.52,0.2799999999999998,Other,1.01,False
ID03902,Male,18,Business,5.1,1.4,9,80.8,Normal,3.2,3.34,0.13999999999999968,Other,2.39,False
ID03903,Female,21,Economics,8.4,4.4,12,89.6,Normal,2.41,2.82,0.4099999999999997,Other,0.64,False
ID03904,Male,20,Economics,9.0,4.2,6,84.8,Normal,2.62,2.69,0.06999999999999984,Maintain,0.64,False
ID03905,Female,20,Computer Science,5.3,3.1,16,100.0,Excellent,3.47,3.24,-0.22999999999999998,Other,1.05,False
ID03906,Male,22,Engineering,7.0,5.1,3,73.1,Danger,3.0,3.17,0.16999999999999993,Other,0.62,False
ID03907,Male,18,Economics,9.0,2.6,6,87.2,Normal,3.45,3.73,0.2799999999999998,Other,1.43,False
ID03908,Male,18,Engineering,4.6,3.4,9,78.6,Normal,2.99,2.96,-0.03000000000000025,Maintain,0.87,False
ID03909,Female,21,Economics,7.9,5.3,6,63.5,Danger,3.65,3.94,0.29000000000000004,Other,0.74,True
ID03910,Male,24,Engineering,5.1,3.2,5,100.0,Excellent,2.98,3.15,0.16999999999999993,Other,0.98,False
ID03911,Male,20,Business,6.5,4.2,7,67.3,Danger,2.12,2.2,0.08000000000000007,Maintain,0.52,False
ID03912,Male,24,Computer Science,6.7,3.2,8,88.3,Normal,3.21,3.7,0.4900000000000002,Other,1.16,False
ID03913,Male,18,Economics,5.2,1.9,4,58.9,Danger,2.02,1.72,-0.30000000000000004,Other,0.91,False
ID03914,Female,24,Psychology,5.6,6.2,7,79.0,Normal,2.37,2.24,-0.1299999999999999,Other,0.36,False
ID03915,Female,23,Engineering,6.9,5.9,6,91.3,Excellent,2.66,3.05,0.3899999999999997,Other,0.52,False
ID03916,Male,22,Engineering,9.1,5.8,10,72.6,Danger,2.6,2.74,0.14000000000000012,Other,0.47,False
ID03917,Female,20,Psychology,7.7,3.6,8,93.8,Excellent,2.83,2.96,0.1299999999999999,Other,0.82,False
ID03918,Male,21,Computer Science,4.5,6.5,4,81.0,Normal,2.58,3.1,0.52,Improve,0.48,False
ID03919,Female,22,Engineering,7.7,6.6,9,100.0,Excellent,2.4,2.88,0.48,Other,0.44,False
ID03920,Female,19,Computer Science,7.1,8.2,9,100.0,Excellent,3.87,4.0,0.1299999999999999,Other,0.49,True
ID03921,Female,23,Engineering,6.1,3.6,6,76.2,Normal,2.76,2.77,0.010000000000000231,Maintain,0.77,False
ID03922,Male,21,Mathematics,6.3,4.4,7,86.2,Normal,1.98,2.35,0.3700000000000001,Other,0.53,False
ID03923,Female,22,Engineering,7.7,1.9,6,87.8,Normal,2.92,3.11,0.18999999999999995,Other,1.64,False
ID03924,Male,18,Mathematics,4.6,8.8,6,94.3,Excellent,2.54,3.01,0.46999999999999975,Other,0.34,False
ID03925,Female,19,Economics,6.0,3.2,7,85.2,Normal,2.66,3.13,0.46999999999999975,Other,0.98,False
ID03926,Male,21,Computer Science,5.3,1.6,6,87.9,Normal,3.46,3.52,0.06000000000000005,Maintain,2.2,False
ID03927,Female,18,Engineering,5.8,8.3,13,81.3,Normal,2.88,3.53,0.6499999999999999,Improve,0.43,False
ID03928,Female,23,Business,7.5,3.5,15,86.7,Normal,2.52,2.92,0.3999999999999999,Other,0.83,False
ID03929,Female,19,Business,7.1,10.7,9,100.0,Excellent,3.32,4.0,0.6800000000000002,Improve,0.37,True
ID03930,Male,20,Psychology,8.0,4.0,15,94.7,Excellent,3.67,3.9,0.22999999999999998,Other,0.98,True
ID03931,Female,18,Business,4.0,2.4,11,95.5,Excellent,3.37,3.54,0.16999999999999993,Other,1.48,False
ID03932,Male,22,Mathematics,6.6,6.3,7,95.8,Excellent,1.87,2.36,0.48999999999999977,Other,0.37,False
ID03933,Female,24,Business,6.8,3.4,5,82.7,Normal,2.54,2.69,0.1499999999999999,Other,0.79,False
ID03934,Male,21,Business,4.5,5.7,10,89.8,Normal,3.12,3.45,0.33000000000000007,Other,0.61,False
ID03935,Male,19,Business,6.0,2.5,8,68.7,Danger,2.98,3.1,0.1200000000000001,Other,1.24,False
ID03936,Male,18,Engineering,7.0,5.3,12,100.0,Excellent,2.94,3.18,0.2400000000000002,Other,0.6,False
ID03937,Male,20,Psychology,7.5,3.1,4,43.3,Danger,2.61,2.37,-0.23999999999999977,Other,0.76,False
ID03938,Male,24,Computer Science,7.5,6.1,9,83.7,Normal,2.4,3.05,0.6499999999999999,Improve,0.5,False
ID03939,Male,21,Psychology,4.0,3.7,11,100.0,Excellent,4.0,4.0,0.0,Maintain,1.08,True
ID03940,Male,21,Mathematics,6.1,4.4,3,64.5,Danger,3.11,3.1,-0.009999999999999787,Maintain,0.7,False
ID03941,Female,18,Engineering,4.7,3.4,8,91.0,Excellent,3.42,3.67,0.25,Other,1.08,False
ID03942,Female,20,Economics,7.0,3.8,8,74.8,Danger,3.1,3.16,0.06000000000000005,Maintain,0.83,False
ID03943,Male,23,Engineering,6.4,6.0,12,79.5,Normal,3.12,3.11,-0.010000000000000231,Maintain,0.52,False
ID03944,Male,24,Business,6.1,1.9,11,99.2,Excellent,3.07,3.2,0.13000000000000034,Other,1.68,False
ID03945,Male,23,Business,10.0,4.7,5,88.0,Normal,2.54,2.89,0.3500000000000001,Other,0.61,False
ID03946,Male,19,Mathematics,5.4,13.9,6,54.5,Danger,2.34,2.52,0.18000000000000016,Other,0.18,False
ID03947,Female,18,Economics,7.0,7.7,9,70.4,Danger,3.29,3.46,0.16999999999999993,Other,0.45,False
ID03948,Female,24,Engineering,7.7,3.6,6,99.6,Excellent,3.19,3.71,0.52,Improve,1.03,False
ID03949,Male,19,Economics,7.5,4.2,13,91.7,Excellent,3.57,3.99,0.4200000000000004,Other,0.95,True
ID03950,Male,23,Computer Science,7.9,2.9,8,100.0,Excellent,3.47,3.66,0.18999999999999995,Other,1.26,False
ID03951,Male,24,Psychology,7.5,5.5,11,100.0,Excellent,2.7,3.11,0.4099999999999997,Other,0.57,False
ID03952,Female,21,Engineering,6.5,1.6,5,79.9,Normal,3.67,3.68,0.010000000000000231,Maintain,2.3,False
ID03953,Female,19,Economics,7.0,3.1,8,100.0,Excellent,3.48,3.85,0.3700000000000001,Other,1.24,False
ID03954,Male,20,Computer Science,6.0,2.4,3,85.4,Normal,3.45,3.62,0.16999999999999993,Other,1.51,False
ID03955,Male,22,Computer Science,5.9,3.0,11,70.6,Danger,4.0,3.96,-0.040000000000000036,Maintain,1.32,True
ID03956,Female,23,Psychology,5.0,4.5,6,75.5,Normal,4.0,3.91,-0.08999999999999986,Maintain,0.87,True
ID03957,Female,23,Computer Science,8.2,0.6,12,51.1,Danger,3.44,2.9,-0.54,Decline,4.83,False
ID03958,Male,20,Mathematics,8.7,3.3,5,100.0,Excellent,3.38,3.66,0.28000000000000025,Other,1.11,False
ID03959,Male,24,Computer Science,6.1,2.9,8,100.0,Excellent,3.64,3.97,0.33000000000000007,Other,1.37,True
ID03960,Male,24,Economics,6.9,6.8,5,69.8,Danger,2.81,3.09,0.2799999999999998,Other,0.45,False
ID03961,Female,24,Mathematics,9.4,2.1,10,81.6,Normal,2.82,2.93,0.11000000000000032,Other,1.4,False
ID03962,Male,19,Computer Science,8.7,4.6,9,86.4,Normal,3.44,3.82,0.3799999999999999,Other,0.83,False
ID03963,Male,18,Business,8.3,3.6,8,70.6,Danger,2.67,2.41,-0.2599999999999998,Other,0.67,False
ID03964,Female,21,Computer Science,7.4,7.1,13,58.7,Danger,3.4,3.18,-0.21999999999999975,Other,0.45,False
ID03965,Male,22,Mathematics,6.1,6.5,12,81.8,Normal,3.18,3.84,0.6599999999999997,Improve,0.59,False
ID03966,Female,18,Computer Science,6.2,9.7,12,80.2,Normal,2.67,3.14,0.4700000000000002,Other,0.32,False
ID03967,Male,18,Computer Science,7.4,7.2,6,79.2,Normal,3.11,3.38,0.27,Other,0.47,False
ID03968,Male,20,Computer Science,7.7,4.8,10,88.3,Normal,3.75,4.0,0.25,Other,0.83,True
ID03969,Female,19,Mathematics,5.5,6.3,8,100.0,Excellent,3.14,3.65,0.5099999999999998,Improve,0.58,False
ID03970,Male,23,Computer Science,8.9,3.4,9,80.5,Normal,3.14,3.53,0.3899999999999997,Other,1.04,False
ID03971,Female,23,Psychology,9.1,4.3,5,87.6,Normal,3.26,3.72,0.4600000000000004,Other,0.87,False
ID03972,Male,20,Economics,8.2,4.4,5,95.9,Excellent,3.33,3.54,0.20999999999999996,Other,0.8,False
ID03973,Male,19,Psychology,9.3,2.2,4,93.3,Excellent,2.93,3.02,0.08999999999999986,Maintain,1.37,False
ID03974,Female,20,Mathematics,8.0,7.0,6,75.8,Normal,3.28,3.33,0.050000000000000266,Maintain,0.48,False
ID03975,Male,23,Business,7.4,8.5,7,86.4,Normal,2.58,3.04,0.45999999999999996,Other,0.36,False
ID03976,Female,18,Psychology,7.1,3.6,6,93.2,Excellent,2.7,3.09,0.3899999999999997,Other,0.86,False
ID03977,Male,21,Economics,6.5,3.8,14,68.1,Danger,2.76,2.73,-0.029999999999999805,Maintain,0.72,False
ID03978,Male,24,Engineering,7.0,2.6,7,100.0,Excellent,3.33,3.55,0.21999999999999975,Other,1.37,False
ID03979,Male,19,Economics,5.4,1.8,7,100.0,Excellent,3.18,3.38,0.19999999999999973,Other,1.88,False
ID03980,Male,22,Psychology,6.9,5.9,8,74.2,Danger,3.03,3.02,-0.009999999999999787,Maintain,0.51,False
ID03981,Female,22,Engineering,5.2,1.9,10,87.9,Normal,3.45,3.42,-0.03000000000000025,Maintain,1.8,False
ID03982,Female,18,Mathematics,5.8,1.8,13,94.6,Excellent,3.29,3.55,0.2599999999999998,Other,1.97,False
ID03983,Male,20,Economics,8.8,5.7,6,76.8,Normal,2.96,3.11,0.1499999999999999,Other,0.55,False
ID03984,Male,20,Business,8.8,4.4,11,92.2,Excellent,2.58,2.8,0.21999999999999975,Other,0.64,False
ID03985,Female,23,Engineering,5.7,5.9,7,87.4,Normal,2.69,3.07,0.3799999999999999,Other,0.52,False
ID03986,Female,18,Engineering,8.3,2.4,6,63.0,Danger,2.37,2.14,-0.22999999999999998,Other,0.89,False
ID03987,Male,23,Economics,6.1,10.3,10,91.9,Excellent,3.17,3.78,0.6099999999999999,Improve,0.37,False
ID03988,Male,23,Psychology,6.0,2.2,6,68.5,Danger,2.67,2.44,-0.22999999999999998,Other,1.11,False
ID03989,Male,22,Engineering,9.1,2.9,5,99.1,Excellent,2.85,2.95,0.10000000000000009,Other,1.02,False
ID03990,Female,23,Mathematics,5.4,2.5,9,74.9,Danger,3.04,2.72,-0.31999999999999984,Other,1.09,False
ID03991,Male,24,Economics,4.3,10.2,9,82.6,Normal,3.62,4.0,0.3799999999999999,Other,0.39,True
ID03992,Male,23,Mathematics,6.0,3.1,8,100.0,Excellent,3.56,3.87,0.31000000000000005,Other,1.25,True
ID03993,Female,22,Economics,6.1,2.0,12,92.4,Excellent,3.07,3.32,0.25,Other,1.66,False
ID03994,Male,24,Mathematics,6.4,13.4,8,68.8,Danger,3.73,4.0,0.27,Other,0.3,True
ID03995,Male,20,Psychology,4.4,9.3,14,69.8,Danger,2.09,2.19,0.10000000000000009,Other,0.24,False
ID03996,Male,19,Economics,7.5,7.8,11,76.0,Normal,4.0,4.0,0.0,Maintain,0.51,True
ID03997,Male,21,Business,9.8,9.0,10,90.9,Excellent,3.45,4.0,0.5499999999999998,Improve,0.44,True
ID03998,Male,23,Psychology,7.5,2.1,4,90.4,Excellent,3.15,3.6,0.4500000000000002,Other,1.71,False
ID03999,Male,24,Mathematics,6.7,9.7,6,72.4,Danger,2.65,2.91,0.26000000000000023,Other,0.3,False
ID04000,Male,19,Economics,8.0,3.5,10,67.5,Danger,2.88,3.09,0.20999999999999996,Other,0.88,False
ID04001,Female,22,Psychology,7.1,4.9,7,89.2,Normal,3.4,3.77,0.3700000000000001,Other,0.77,False
ID04002,Female,19,Mathematics,7.1,3.9,11,82.3,Normal,3.42,3.81,0.3900000000000001,Other,0.98,False
ID04003,Female,21,Computer Science,6.9,8.4,11,100.0,Excellent,3.43,4.0,0.5699999999999998,Improve,0.48,True
ID04004,Male,19,Computer Science,7.3,0.6,9,85.5,Normal,2.74,2.86,0.11999999999999966,Other,4.77,False
ID04005,Male,24,Engineering,6.4,1.9,6,100.0,Excellent,2.64,2.77,0.1299999999999999,Other,1.46,False
ID04006,Male,19,Business,4.6,9.0,6,67.4,Danger,3.2,3.31,0.10999999999999988,Other,0.37,False
ID04007,Male,19,Computer Science,9.8,2.6,8,61.4,Danger,3.48,3.5,0.020000000000000018,Maintain,1.35,False
ID04008,Male,19,Mathematics,7.8,8.2,6,68.2,Danger,3.1,3.53,0.4299999999999997,Other,0.43,False
ID04009,Female,18,Psychology,5.9,2.5,9,100.0,Excellent,3.84,3.87,0.03000000000000025,Maintain,1.55,True
ID04010,Male,23,Economics,7.5,3.4,7,100.0,Excellent,3.12,3.52,0.3999999999999999,Other,1.04,False
ID04011,Male,22,Psychology,5.3,10.8,4,73.3,Danger,3.1,3.2,0.10000000000000009,Other,0.3,False
ID04012,Male,21,Engineering,7.6,6.3,8,78.1,Normal,3.44,3.75,0.31000000000000005,Other,0.6,False
ID04013,Female,22,Psychology,8.1,4.5,5,67.5,Danger,3.71,3.83,0.1200000000000001,Other,0.85,False
ID04014,Male,18,Computer Science,8.5,5.4,7,57.8,Danger,2.43,2.26,-0.17000000000000037,Other,0.42,False
ID04015,Female,18,Psychology,7.9,7.3,12,95.8,Excellent,2.54,3.18,0.6400000000000001,Improve,0.44,False
ID04016,Male,24,Computer Science,6.7,4.3,5,88.3,Normal,2.94,3.35,0.41000000000000014,Other,0.78,False
ID04017,Female,18,Computer Science,8.5,5.7,11,85.2,Normal,4.0,4.0,0.0,Maintain,0.7,True
ID04018,Female,23,Business,6.2,13.5,15,64.0,Danger,2.97,3.66,0.69,Improve,0.27,False
ID04019,Male,18,Engineering,7.4,2.0,9,100.0,Excellent,3.04,3.15,0.10999999999999988,Other,1.58,False
ID04020,Male,19,Mathematics,5.9,4.4,7,77.4,Normal,3.41,3.27,-0.14000000000000012,Other,0.74,False
ID04021,Male,22,Computer Science,7.3,2.9,6,93.0,Excellent,3.59,3.86,0.27,Other,1.33,False
ID04022,Male,20,Economics,9.2,2.2,14,63.2,Danger,3.18,3.04,-0.14000000000000012,Other,1.38,False
ID04023,Female,21,Engineering,8.2,4.4,10,82.1,Normal,3.68,3.79,0.10999999999999988,Other,0.86,False
ID04024,Female,18,Mathematics,8.4,2.3,10,89.4,Normal,2.5,2.77,0.27,Other,1.2,False
ID04025,Female,22,Economics,8.7,2.1,6,89.9,Normal,2.72,2.73,0.009999999999999787,Maintain,1.3,False
ID04026,Female,24,Psychology,6.9,3.8,6,87.3,Normal,3.68,4.0,0.31999999999999984,Other,1.05,True
ID04027,Male,18,Engineering,5.7,5.6,5,92.4,Excellent,3.11,3.42,0.31000000000000005,Other,0.61,False
ID04028,Male,23,Economics,4.2,5.3,7,68.0,Danger,2.47,2.61,0.13999999999999968,Other,0.49,False
ID04029,Female,18,Engineering,5.4,3.8,12,88.0,Normal,2.44,2.6,0.16000000000000014,Other,0.68,False
ID04030,Male,18,Engineering,7.2,1.6,10,86.7,Normal,2.69,3.05,0.3599999999999999,Other,1.91,False
ID04031,Female,18,Psychology,4.0,1.5,3,88.5,Normal,3.1,3.13,0.029999999999999805,Maintain,2.09,False
ID04032,Male,24,Psychology,7.3,5.0,6,86.1,Normal,3.33,3.76,0.4299999999999997,Other,0.75,False
ID04033,Male,18,Engineering,7.7,2.7,14,65.9,Danger,2.94,2.92,-0.020000000000000018,Maintain,1.08,False
ID04034,Female,21,Economics,4.7,4.6,8,65.2,Danger,3.29,3.21,-0.08000000000000007,Maintain,0.7,False
ID04035,Male,22,Business,8.3,4.2,3,51.8,Danger,2.88,2.34,-0.54,Decline,0.56,False
ID04036,Female,23,Computer Science,6.4,1.0,10,97.3,Excellent,3.71,3.87,0.16000000000000014,Other,3.87,True
ID04037,Female,18,Psychology,4.5,9.1,10,97.4,Excellent,4.0,4.0,0.0,Maintain,0.44,True
ID04038,Female,18,Business,4.5,1.5,4,97.7,Excellent,2.9,2.92,0.020000000000000018,Maintain,1.95,False
ID04039,Female,18,Psychology,6.9,3.5,5,89.6,Normal,3.34,3.74,0.40000000000000036,Other,1.07,False
ID04040,Female,18,Engineering,7.1,1.7,9,53.0,Danger,3.3,2.96,-0.33999999999999986,Other,1.74,False
ID04041,Female,19,Business,7.0,2.6,11,69.6,Danger,3.17,3.16,-0.009999999999999787,Maintain,1.22,False
ID04042,Male,19,Economics,8.6,2.8,9,87.6,Normal,3.43,3.65,0.21999999999999975,Other,1.3,False
ID04043,Male,20,Economics,7.1,3.0,8,87.0,Normal,3.34,3.49,0.15000000000000036,Other,1.16,False
ID04044,Female,18,Mathematics,6.1,3.5,9,81.7,Normal,2.86,3.05,0.18999999999999995,Other,0.87,False
ID04045,Male,20,Computer Science,6.5,10.2,11,90.5,Excellent,3.76,4.0,0.2400000000000002,Other,0.39,True
ID04046,Male,21,Computer Science,8.6,2.2,8,85.2,Normal,3.2,3.32,0.11999999999999966,Other,1.51,False
ID04047,Male,20,Psychology,5.3,5.7,11,86.8,Normal,2.91,3.23,0.31999999999999984,Other,0.57,False
ID04048,Female,22,Computer Science,7.2,7.7,9,75.4,Normal,4.0,4.0,0.0,Maintain,0.52,True
ID04049,Female,19,Mathematics,7.3,5.4,4,99.7,Excellent,3.04,3.33,0.29000000000000004,Other,0.62,False
ID04050,Male,19,Economics,8.5,8.6,5,78.5,Normal,3.23,3.57,0.33999999999999986,Other,0.42,False
ID04051,Female,18,Business,7.2,5.4,10,65.0,Danger,3.19,3.45,0.26000000000000023,Other,0.64,False
ID04052,Female,18,Business,5.6,5.3,10,73.4,Danger,3.04,3.22,0.18000000000000016,Other,0.61,False
ID04053,Female,21,Economics,7.3,7.9,9,79.8,Normal,3.32,3.62,0.30000000000000027,Other,0.46,False
ID04054,Female,23,Engineering,8.1,4.9,12,99.9,Excellent,2.68,3.12,0.43999999999999995,Other,0.64,False
ID04055,Female,21,Economics,7.2,7.8,9,84.4,Normal,3.4,4.0,0.6000000000000001,Improve,0.51,True
ID04056,Male,22,Business,8.6,4.8,8,82.2,Normal,2.22,2.5,0.2799999999999998,Other,0.52,False
ID04057,Female,18,Psychology,5.0,7.7,9,66.3,Danger,2.45,2.73,0.2799999999999998,Other,0.35,False
ID04058,Male,18,Mathematics,6.8,9.6,8,96.8,Excellent,4.0,4.0,0.0,Maintain,0.42,True
ID04059,Female,21,Economics,7.0,3.2,9,75.2,Normal,2.47,2.4,-0.07000000000000028,Maintain,0.75,False
ID04060,Female,21,Engineering,8.2,2.9,12,83.5,Normal,2.12,2.29,0.16999999999999993,Other,0.79,False
ID04061,Male,21,Psychology,8.3,8.6,6,100.0,Excellent,2.48,2.99,0.5100000000000002,Improve,0.35,False
ID04062,Male,19,Economics,7.0,7.6,9,92.6,Excellent,3.97,4.0,0.029999999999999805,Maintain,0.53,True
ID04063,Female,20,Psychology,6.5,1.1,6,60.6,Danger,2.2,2.03,-0.17000000000000037,Other,1.85,False
ID04064,Male,20,Economics,7.3,4.6,7,58.5,Danger,2.62,2.35,-0.27,Other,0.51,False
ID04065,Female,18,Psychology,5.3,10.8,7,84.0,Normal,2.37,2.93,0.56,Improve,0.27,False
ID04066,Male,19,Computer Science,6.3,1.9,4,66.8,Danger,2.96,2.81,-0.1499999999999999,Other,1.48,False
ID04067,Male,21,Psychology,7.9,1.7,12,94.7,Excellent,2.88,3.1,0.2200000000000002,Other,1.82,False
ID04068,Female,18,Computer Science,7.5,2.6,6,85.6,Normal,2.86,3.25,0.3900000000000001,Other,1.25,False
ID04069,Female,19,Business,6.0,3.1,5,87.5,Normal,4.0,4.0,0.0,Maintain,1.29,True
ID04070,Female,22,Computer Science,5.8,1.3,9,74.4,Danger,2.5,2.27,-0.22999999999999998,Other,1.75,False
ID04071,Male,23,Psychology,5.8,1.9,7,100.0,Excellent,3.05,3.06,0.010000000000000231,Maintain,1.61,False
ID04072,Female,19,Mathematics,5.9,1.2,8,100.0,Excellent,3.27,3.51,0.23999999999999977,Other,2.92,False
ID04073,Female,24,Mathematics,7.2,4.5,8,80.8,Normal,2.61,2.99,0.38000000000000034,Other,0.66,False
ID04074,Female,18,Business,8.8,4.5,10,90.3,Excellent,3.34,3.8,0.45999999999999996,Other,0.84,False
ID04075,Female,20,Psychology,9.0,8.7,9,86.5,Normal,2.9,3.29,0.3900000000000001,Other,0.38,False
ID04076,Female,24,Computer Science,5.6,4.7,4,81.1,Normal,3.29,3.45,0.16000000000000014,Other,0.73,False
ID04077,Male,21,Mathematics,7.5,5.6,10,72.5,Danger,3.05,2.98,-0.06999999999999984,Maintain,0.53,False
ID04078,Male,23,Economics,7.4,6.0,12,68.7,Danger,2.07,2.05,-0.020000000000000018,Maintain,0.34,False
ID04079,Female,22,Engineering,7.3,2.1,4,68.0,Danger,3.75,3.66,-0.08999999999999986,Maintain,1.74,False
ID04080,Male,23,Psychology,5.5,2.0,11,91.1,Excellent,4.0,4.0,0.0,Maintain,2.0,True
ID04081,Female,23,Economics,5.9,1.8,8,77.2,Normal,3.01,2.67,-0.33999999999999986,Other,1.48,False
ID04082,Male,19,Economics,7.5,3.0,12,46.3,Danger,2.65,2.24,-0.4099999999999997,Other,0.75,False
ID04083,Female,18,Psychology,6.4,2.9,5,91.7,Excellent,3.85,4.0,0.1499999999999999,Other,1.38,True
ID04084,Female,18,Engineering,7.1,4.2,8,84.4,Normal,4.0,4.0,0.0,Maintain,0.95,True
ID04085,Male,23,Mathematics,5.5,6.3,8,100.0,Excellent,3.02,3.24,0.2200000000000002,Other,0.51,False
ID04086,Male,21,Engineering,6.3,5.6,10,90.6,Excellent,2.99,3.59,0.5999999999999996,Improve,0.64,False
ID04087,Male,18,Business,5.0,2.9,7,62.8,Danger,3.06,2.82,-0.2400000000000002,Other,0.97,False
ID04088,Female,23,Computer Science,7.4,2.6,7,51.6,Danger,2.26,1.78,-0.47999999999999976,Other,0.68,False
ID04089,Female,18,Computer Science,6.5,2.8,6,74.2,Danger,2.95,2.81,-0.14000000000000012,Other,1.0,False
ID04090,Male,21,Economics,7.4,3.0,10,75.6,Normal,3.96,3.82,-0.14000000000000012,Other,1.27,False
ID04091,Female,22,Mathematics,6.5,1.4,12,99.1,Excellent,3.02,3.29,0.27,Other,2.35,False
ID04092,Male,24,Engineering,7.4,4.8,8,84.9,Normal,2.58,2.83,0.25,Other,0.59,False
ID04093,Male,23,Economics,9.7,10.8,10,100.0,Excellent,3.35,3.99,0.6400000000000001,Improve,0.37,True
ID04094,Female,20,Psychology,6.2,4.0,6,65.1,Danger,2.77,2.73,-0.040000000000000036,Maintain,0.68,False
ID04095,Male,20,Economics,7.7,4.2,9,99.5,Excellent,3.07,3.33,0.26000000000000023,Other,0.79,False
ID04096,Male,23,Psychology,6.0,5.2,13,95.8,Excellent,2.47,3.04,0.5699999999999998,Improve,0.58,False
ID04097,Male,19,Psychology,6.8,1.9,8,54.7,Danger,2.58,2.11,-0.4700000000000002,Other,1.11,False
ID04098,Male,22,Business,7.7,2.6,7,100.0,Excellent,3.47,3.9,0.4299999999999997,Other,1.5,True
ID04099,Male,19,Business,7.4,2.8,8,86.4,Normal,3.16,3.37,0.20999999999999996,Other,1.2,False
ID04100,Male,24,Psychology,8.0,1.8,10,90.9,Excellent,2.71,3.15,0.43999999999999995,Other,1.75,False
ID04101,Female,20,Mathematics,8.4,9.5,6,72.0,Danger,3.16,3.58,0.41999999999999993,Other,0.38,False
ID04102,Male,21,Business,8.0,6.2,9,100.0,Excellent,2.8,3.39,0.5900000000000003,Improve,0.55,False
ID04103,Male,23,Business,8.4,6.4,4,67.2,Danger,2.71,2.93,0.2200000000000002,Other,0.46,False
ID04104,Male,24,Computer Science,7.3,3.2,7,97.5,Excellent,3.68,4.0,0.31999999999999984,Other,1.25,True
ID04105,Male,18,Economics,5.9,4.4,8,97.3,Excellent,3.49,3.81,0.31999999999999984,Other,0.87,False
ID04106,Female,20,Computer Science,8.2,3.1,10,70.4,Danger,3.09,3.12,0.03000000000000025,Maintain,1.01,False
ID04107,Female,22,Mathematics,6.4,3.5,8,100.0,Excellent,3.17,3.55,0.3799999999999999,Other,1.01,False
ID04108,Male,20,Business,8.0,4.2,6,88.5,Normal,3.1,3.6,0.5,Improve,0.86,False
ID04109,Female,22,Business,5.1,3.6,11,94.8,Excellent,3.34,3.74,0.40000000000000036,Other,1.04,False
ID04110,Female,22,Engineering,6.5,4.1,9,62.1,Danger,2.7,2.86,0.1599999999999997,Other,0.7,False
ID04111,Female,23,Mathematics,6.0,1.3,9,100.0,Excellent,3.53,3.93,0.40000000000000036,Other,3.02,True
ID04112,Male,22,Economics,7.6,1.9,8,66.6,Danger,3.28,3.2,-0.07999999999999963,Maintain,1.68,False
ID04113,Male,19,Economics,6.1,3.0,7,100.0,Excellent,2.97,3.44,0.46999999999999975,Other,1.15,False
ID04114,Male,24,Economics,7.0,3.4,3,70.1,Danger,2.86,2.77,-0.08999999999999986,Maintain,0.81,False
ID04115,Female,21,Mathematics,6.8,3.4,6,75.7,Normal,3.52,3.35,-0.16999999999999993,Other,0.99,False
ID04116,Male,20,Engineering,8.5,5.5,5,96.8,Excellent,3.02,3.2,0.18000000000000016,Other,0.58,False
ID04117,Female,21,Engineering,7.7,4.6,7,100.0,Excellent,2.75,2.99,0.2400000000000002,Other,0.65,False
ID04118,Male,24,Computer Science,7.4,5.1,10,65.9,Danger,2.91,3.14,0.22999999999999998,Other,0.62,False
ID04119,Male,18,Mathematics,7.0,2.8,8,100.0,Excellent,3.48,3.73,0.25,Other,1.33,False
ID04120,Female,24,Mathematics,5.8,2.1,12,100.0,Excellent,2.29,2.34,0.04999999999999982,Maintain,1.11,False
ID04121,Male,20,Engineering,5.7,3.6,6,70.9,Danger,2.92,2.97,0.050000000000000266,Maintain,0.82,False
ID04122,Male,21,Psychology,7.4,5.9,1,100.0,Excellent,3.64,3.97,0.33000000000000007,Other,0.67,True
ID04123,Female,21,Psychology,4.9,9.3,10,63.1,Danger,3.02,3.07,0.04999999999999982,Maintain,0.33,False
ID04124,Female,23,Computer Science,6.9,2.8,9,75.6,Normal,3.24,3.22,-0.020000000000000018,Maintain,1.15,False
ID04125,Female,23,Psychology,7.2,9.3,5,92.2,Excellent,3.64,4.0,0.3599999999999999,Other,0.43,True
ID04126,Female,24,Psychology,4.9,2.0,10,72.2,Danger,3.55,3.31,-0.23999999999999977,Other,1.66,False
ID04127,Female,24,Psychology,6.9,1.4,4,89.0,Normal,2.88,3.18,0.30000000000000027,Other,2.27,False
ID04128,Female,18,Business,7.0,3.3,8,88.6,Normal,3.03,3.29,0.26000000000000023,Other,1.0,False
ID04129,Male,22,Computer Science,10.0,2.1,16,82.2,Normal,3.55,3.24,-0.3099999999999996,Other,1.54,False
ID04130,Male,20,Engineering,7.0,2.5,8,97.5,Excellent,3.57,3.81,0.2400000000000002,Other,1.52,False
ID04131,Male,23,Psychology,8.3,6.7,13,81.6,Normal,3.06,3.45,0.3900000000000001,Other,0.51,False
ID04132,Male,20,Economics,7.7,6.4,7,88.5,Normal,3.07,3.44,0.3700000000000001,Other,0.54,False
ID04133,Female,18,Business,7.4,4.6,15,100.0,Excellent,3.23,3.48,0.25,Other,0.76,False
ID04134,Female,23,Psychology,8.2,4.4,5,96.9,Excellent,3.78,4.0,0.2200000000000002,Other,0.91,True
ID04135,Female,23,Business,4.8,2.5,7,96.8,Excellent,3.63,3.63,0.0,Maintain,1.45,False
ID04136,Male,22,Computer Science,6.9,3.6,5,67.8,Danger,3.45,3.66,0.20999999999999996,Other,1.02,False
ID04137,Female,20,Economics,7.4,3.2,9,92.9,Excellent,2.56,2.67,0.10999999999999988,Other,0.83,False
ID04138,Male,20,Economics,5.6,1.6,7,71.8,Danger,2.96,2.85,-0.10999999999999988,Other,1.78,False
ID04139,Female,20,Economics,6.9,10.2,5,65.8,Danger,2.99,3.2,0.20999999999999996,Other,0.31,False
ID04140,Female,22,Psychology,7.1,3.3,8,83.9,Normal,3.81,4.0,0.18999999999999995,Other,1.21,True
ID04141,Male,23,Business,6.7,2.0,10,71.4,Danger,2.98,2.8,-0.18000000000000016,Other,1.4,False
ID04142,Male,18,Economics,5.7,1.5,7,96.9,Excellent,3.73,3.67,-0.06000000000000005,Maintain,2.45,False
ID04143,Male,20,Mathematics,5.9,5.2,5,97.2,Excellent,2.81,3.26,0.44999999999999973,Other,0.63,False
ID04144,Female,21,Mathematics,6.5,9.8,2,56.5,Danger,2.85,2.86,0.009999999999999787,Maintain,0.29,False
ID04145,Female,22,Business,7.6,11.5,10,72.6,Danger,3.34,3.68,0.3400000000000003,Other,0.32,False
ID04146,Female,19,Psychology,7.1,3.7,6,63.1,Danger,3.88,4.0,0.1200000000000001,Other,1.08,True
ID04147,Male,18,Psychology,7.3,3.3,8,78.1,Normal,2.99,2.84,-0.15000000000000036,Other,0.86,False
ID04148,Male,21,Computer Science,6.7,4.2,13,91.8,Excellent,1.82,2.12,0.30000000000000004,Other,0.5,False
ID04149,Female,20,Computer Science,5.7,4.1,8,81.4,Normal,2.32,2.45,0.13000000000000034,Other,0.6,False
ID04150,Female,19,Economics,6.5,1.0,8,76.2,Normal,3.25,3.35,0.10000000000000009,Other,3.35,False
ID04151,Male,18,Engineering,5.8,3.0,7,100.0,Excellent,2.36,2.58,0.2200000000000002,Other,0.86,False
ID04152,Male,22,Computer Science,4.0,4.8,7,50.4,Danger,2.67,2.48,-0.18999999999999995,Other,0.52,False
ID04153,Female,19,Psychology,7.0,5.4,8,100.0,Excellent,3.11,3.4,0.29000000000000004,Other,0.63,False
ID04154,Male,23,Engineering,6.6,5.6,10,76.8,Normal,1.88,1.93,0.050000000000000044,Maintain,0.34,False
ID04155,Male,24,Computer Science,8.9,4.1,10,83.8,Normal,2.91,3.21,0.2999999999999998,Other,0.78,False
ID04156,Male,19,Business,8.0,1.9,8,77.1,Normal,2.52,2.34,-0.18000000000000016,Other,1.23,False
ID04157,Male,24,Mathematics,7.7,3.7,4,100.0,Excellent,2.35,2.69,0.33999999999999986,Other,0.73,False
ID04158,Female,21,Computer Science,5.5,7.9,7,66.5,Danger,2.7,3.02,0.31999999999999984,Other,0.38,False
ID04159,Female,18,Computer Science,8.5,5.0,6,85.2,Normal,2.57,3.04,0.4700000000000002,Other,0.61,False
ID04160,Female,21,Business,7.2,3.4,10,92.9,Excellent,3.33,3.59,0.2599999999999998,Other,1.06,False
ID04161,Male,21,Psychology,6.5,12.1,9,60.8,Danger,3.7,4.0,0.2999999999999998,Other,0.33,True
ID04162,Male,20,Economics,5.8,4.2,6,71.2,Danger,2.92,2.76,-0.16000000000000014,Other,0.66,False
ID04163,Male,22,Business,6.0,3.6,6,82.8,Normal,2.8,3.32,0.52,Improve,0.92,False
ID04164,Male,19,Economics,6.6,5.9,2,71.7,Danger,2.89,3.04,0.1499999999999999,Other,0.52,False
ID04165,Female,18,Computer Science,5.5,1.8,8,72.8,Danger,2.55,2.27,-0.2799999999999998,Other,1.26,False
ID04166,Male,23,Psychology,7.1,3.3,6,79.8,Normal,2.46,2.61,0.1499999999999999,Other,0.79,False
ID04167,Male,22,Engineering,6.8,3.7,12,94.7,Excellent,2.28,2.58,0.30000000000000027,Other,0.7,False
ID04168,Male,22,Computer Science,8.0,1.3,6,79.9,Normal,2.44,2.41,-0.029999999999999805,Maintain,1.85,False
ID04169,Male,18,Business,6.8,4.5,7,100.0,Excellent,3.92,4.0,0.08000000000000007,Maintain,0.89,True
ID04170,Male,22,Engineering,4.3,5.4,6,70.0,Danger,2.75,2.69,-0.06000000000000005,Maintain,0.5,False
ID04171,Male,20,Mathematics,6.5,2.9,7,66.2,Danger,1.63,1.66,0.030000000000000027,Maintain,0.57,False
ID04172,Female,22,Engineering,5.3,6.1,6,100.0,Excellent,2.81,2.99,0.18000000000000016,Other,0.49,False
ID04173,Male,20,Business,6.1,7.3,8,75.1,Normal,2.3,2.41,0.11000000000000032,Other,0.33,False
ID04174,Male,19,Engineering,5.6,7.8,5,65.3,Danger,3.13,3.13,0.0,Maintain,0.4,False
ID04175,Female,19,Business,10.0,2.0,6,58.9,Danger,3.08,2.69,-0.3900000000000001,Other,1.34,False
ID04176,Female,21,Computer Science,6.5,4.4,7,100.0,Excellent,3.13,3.4,0.27,Other,0.77,False
ID04177,Female,20,Psychology,8.1,5.7,9,79.9,Normal,3.08,3.22,0.14000000000000012,Other,0.56,False
ID04178,Female,23,Mathematics,6.5,4.4,9,81.2,Normal,2.91,3.38,0.46999999999999975,Other,0.77,False
ID04179,Male,19,Psychology,6.7,7.0,9,82.6,Normal,2.37,2.98,0.6099999999999999,Improve,0.43,False
ID04180,Male,22,Psychology,6.3,4.6,8,100.0,Excellent,3.06,3.29,0.22999999999999998,Other,0.72,False
ID04181,Male,18,Psychology,6.0,1.9,8,82.3,Normal,3.61,3.87,0.26000000000000023,Other,2.04,True
ID04182,Female,18,Business,6.0,7.0,4,100.0,Excellent,4.0,4.0,0.0,Maintain,0.57,True
ID04183,Female,24,Business,7.6,4.3,11,87.0,Normal,2.98,3.27,0.29000000000000004,Other,0.76,False
ID04184,Male,20,Mathematics,6.9,9.5,10,100.0,Excellent,3.04,3.57,0.5299999999999998,Improve,0.38,False
ID04185,Male,23,Business,9.0,2.0,12,97.1,Excellent,3.35,3.59,0.23999999999999977,Other,1.8,False
ID04186,Female,21,Economics,6.7,4.3,6,84.5,Normal,3.85,4.0,0.1499999999999999,Other,0.93,True
ID04187,Male,22,Business,6.6,9.1,13,76.2,Normal,2.86,3.06,0.20000000000000018,Other,0.34,False
ID04188,Female,20,Business,7.1,4.6,8,90.0,Normal,3.45,3.86,0.4099999999999997,Other,0.84,False
ID04189,Female,24,Business,7.9,6.3,4,92.7,Excellent,2.69,3.2,0.5100000000000002,Improve,0.51,False
ID04190,Female,18,Computer Science,7.2,7.4,4,76.4,Normal,3.26,3.59,0.33000000000000007,Other,0.49,False
ID04191,Female,20,Mathematics,9.0,4.2,8,87.5,Normal,3.59,3.67,0.08000000000000007,Maintain,0.87,False
ID04192,Female,22,Economics,10.0,2.4,8,100.0,Excellent,2.45,2.49,0.040000000000000036,Maintain,1.04,False
ID04193,Male,23,Business,8.2,6.7,11,100.0,Excellent,2.84,3.34,0.5,Improve,0.5,False
ID04194,Female,23,Mathematics,7.6,3.7,10,97.8,Excellent,3.58,3.93,0.3500000000000001,Other,1.06,True
ID04195,Female,19,Engineering,4.0,1.0,11,100.0,Excellent,3.41,3.63,0.21999999999999975,Other,3.63,False
ID04196,Male,22,Computer Science,9.1,8.2,12,75.6,Normal,3.62,3.76,0.13999999999999968,Other,0.46,False
ID04197,Male,24,Business,8.8,10.2,8,95.5,Excellent,3.52,4.0,0.48,Other,0.39,True
ID04198,Male,19,Economics,9.3,2.8,12,100.0,Excellent,2.93,3.07,0.13999999999999968,Other,1.1,False
ID04199,Male,19,Computer Science,8.2,4.1,8,71.6,Danger,4.0,4.0,0.0,Maintain,0.98,True
ID04200,Female,19,Economics,5.6,10.6,7,77.7,Normal,3.17,3.49,0.3200000000000003,Other,0.33,False
ID04201,Female,20,Computer Science,5.6,9.2,9,100.0,Excellent,1.57,2.04,0.47,Other,0.22,False
ID04202,Male,24,Engineering,5.4,5.7,8,70.4,Danger,2.96,2.87,-0.08999999999999986,Maintain,0.5,False
ID04203,Male,18,Mathematics,7.1,8.7,15,64.9,Danger,2.87,2.96,0.08999999999999986,Maintain,0.34,False
ID04204,Female,23,Computer Science,5.9,3.6,14,100.0,Excellent,3.5,3.57,0.06999999999999984,Maintain,0.99,False
ID04205,Male,20,Psychology,8.3,1.6,7,100.0,Excellent,2.87,2.84,-0.03000000000000025,Maintain,1.78,False
ID04206,Male,18,Engineering,6.1,7.7,7,91.5,Excellent,3.65,4.0,0.3500000000000001,Other,0.52,True
ID04207,Female,23,Psychology,6.5,4.0,13,84.3,Normal,3.38,3.83,0.4500000000000002,Other,0.96,False
ID04208,Male,24,Engineering,7.4,1.3,7,78.4,Normal,2.6,2.5,-0.10000000000000009,Other,1.92,False
ID04209,Male,24,Psychology,6.3,2.8,15,89.2,Normal,3.03,3.29,0.26000000000000023,Other,1.18,False
ID04210,Male,22,Psychology,5.6,3.5,7,100.0,Excellent,2.71,2.79,0.08000000000000007,Maintain,0.8,False
ID04211,Male,23,Economics,4.3,3.7,10,88.6,Normal,3.19,3.59,0.3999999999999999,Other,0.97,False
ID04212,Female,23,Computer Science,8.4,2.6,10,100.0,Excellent,2.71,2.98,0.27,Other,1.15,False
ID04213,Male,24,Computer Science,5.6,2.1,9,71.5,Danger,3.14,2.96,-0.18000000000000016,Other,1.41,False
ID04214,Male,23,Engineering,6.4,1.2,5,84.7,Normal,2.96,3.01,0.04999999999999982,Maintain,2.51,False
ID04215,Female,21,Mathematics,6.4,1.2,11,79.4,Normal,3.02,3.07,0.04999999999999982,Maintain,2.56,False
ID04216,Female,22,Economics,4.0,3.9,4,68.7,Danger,4.0,3.81,-0.18999999999999995,Other,0.98,False
ID04217,Male,20,Computer Science,7.4,4.7,9,82.7,Normal,2.92,3.37,0.4500000000000002,Other,0.72,False
ID04218,Male,20,Computer Science,9.1,2.0,7,91.3,Excellent,2.13,2.22,0.0900000000000003,Maintain,1.11,False
ID04219,Female,18,Economics,8.4,8.6,2,92.9,Excellent,3.61,4.0,0.3900000000000001,Other,0.47,True
ID04220,Male,20,Business,6.4,3.1,9,100.0,Excellent,3.6,3.94,0.33999999999999986,Other,1.27,True
ID04221,Male,19,Economics,8.6,3.8,12,92.0,Excellent,2.11,2.24,0.13000000000000034,Other,0.59,False
ID04222,Female,23,Computer Science,4.4,3.6,4,100.0,Excellent,2.75,2.79,0.040000000000000036,Maintain,0.78,False
ID04223,Female,20,Mathematics,8.2,1.0,4,86.0,Normal,3.32,3.3,-0.020000000000000018,Maintain,3.3,False
ID04224,Female,18,Business,5.9,7.0,6,100.0,Excellent,3.36,3.71,0.3500000000000001,Other,0.53,False
ID04225,Female,18,Psychology,8.5,5.6,10,100.0,Excellent,3.1,3.51,0.4099999999999997,Other,0.63,False
ID04226,Female,19,Economics,7.1,8.8,12,93.0,Excellent,3.11,3.59,0.48,Other,0.41,False
ID04227,Male,18,Psychology,5.2,8.4,12,70.1,Danger,2.63,2.7,0.07000000000000028,Maintain,0.32,False
ID04228,Female,24,Business,7.4,5.2,11,76.8,Normal,1.9,1.98,0.08000000000000007,Maintain,0.38,False
ID04229,Male,21,Business,7.0,5.9,8,89.2,Normal,4.0,4.0,0.0,Maintain,0.68,True
ID04230,Male,24,Business,7.4,1.9,5,91.8,Excellent,2.62,2.97,0.3500000000000001,Other,1.56,False
ID04231,Female,23,Engineering,5.8,3.1,6,95.5,Excellent,3.19,3.23,0.040000000000000036,Maintain,1.04,False
ID04232,Female,23,Economics,5.2,3.6,13,91.9,Excellent,3.02,3.34,0.31999999999999984,Other,0.93,False
ID04233,Male,23,Mathematics,7.9,2.9,2,85.1,Normal,3.55,3.75,0.20000000000000018,Other,1.29,False
ID04234,Female,22,Mathematics,6.9,8.3,13,75.5,Normal,3.16,3.41,0.25,Other,0.41,False
ID04235,Male,20,Psychology,7.9,4.5,5,91.0,Excellent,3.18,3.52,0.33999999999999986,Other,0.78,False
ID04236,Male,21,Psychology,7.8,2.4,8,100.0,Excellent,1.78,1.95,0.16999999999999993,Other,0.81,False
ID04237,Male,20,Psychology,8.1,8.0,12,100.0,Excellent,2.68,3.03,0.34999999999999964,Other,0.38,False
ID04238,Female,21,Economics,9.4,4.5,10,93.0,Excellent,3.47,3.92,0.44999999999999973,Other,0.87,True
ID04239,Female,20,Computer Science,7.3,6.8,4,100.0,Excellent,3.43,3.84,0.4099999999999997,Other,0.56,False
ID04240,Male,19,Psychology,5.5,1.9,5,79.4,Normal,2.62,2.34,-0.28000000000000025,Other,1.23,False
ID04241,Female,24,Business,5.8,4.8,9,77.4,Normal,2.31,2.2,-0.10999999999999988,Other,0.46,False
ID04242,Male,18,Psychology,6.6,2.3,15,73.8,Danger,3.16,3.2,0.040000000000000036,Maintain,1.39,False
ID04243,Female,18,Business,7.3,4.6,5,83.1,Normal,1.65,1.95,0.30000000000000004,Other,0.42,False
ID04244,Male,24,Engineering,9.1,5.7,11,78.7,Normal,2.53,2.43,-0.09999999999999964,Maintain,0.43,False
ID04245,Male,19,Computer Science,6.8,1.8,8,100.0,Excellent,3.98,4.0,0.020000000000000018,Maintain,2.22,True
ID04246,Female,21,Computer Science,9.5,3.9,6,77.9,Normal,3.82,3.61,-0.20999999999999996,Other,0.93,False
ID04247,Male,24,Economics,9.7,1.9,8,73.0,Danger,3.34,3.14,-0.19999999999999973,Other,1.65,False
ID04248,Male,22,Economics,7.6,7.1,8,100.0,Excellent,3.25,3.9,0.6499999999999999,Improve,0.55,True
ID04249,Female,21,Mathematics,7.9,4.2,9,78.2,Normal,2.12,2.13,0.009999999999999787,Maintain,0.51,False
ID04250,Female,18,Engineering,6.3,2.4,4,87.3,Normal,2.73,3.01,0.2799999999999998,Other,1.25,False
ID04251,Male,22,Economics,9.5,2.8,8,91.8,Excellent,2.95,3.26,0.3099999999999996,Other,1.16,False
ID04252,Male,20,Business,6.0,3.1,9,67.9,Danger,2.74,2.75,0.009999999999999787,Maintain,0.89,False
ID04253,Male,22,Engineering,8.8,8.7,8,100.0,Excellent,2.92,3.22,0.30000000000000027,Other,0.37,False
ID04254,Male,21,Computer Science,5.5,3.8,8,94.6,Excellent,3.75,3.88,0.1299999999999999,Other,1.02,True
ID04255,Male,19,Business,8.0,6.4,9,100.0,Excellent,2.83,3.46,0.6299999999999999,Improve,0.54,False
ID04256,Female,20,Engineering,8.7,3.9,10,74.8,Danger,2.93,3.0,0.06999999999999984,Maintain,0.77,False
ID04257,Female,21,Computer Science,8.4,1.9,4,86.5,Normal,3.47,3.72,0.25,Other,1.96,False
ID04258,Male,20,Economics,6.3,2.8,6,85.6,Normal,2.39,2.7,0.31000000000000005,Other,0.96,False
ID04259,Male,22,Business,6.6,4.9,10,89.0,Normal,2.68,3.02,0.33999999999999986,Other,0.62,False
ID04260,Male,18,Business,9.3,1.1,9,63.2,Danger,2.73,2.61,-0.1200000000000001,Other,2.37,False
ID04261,Male,21,Computer Science,6.2,5.4,6,86.7,Normal,3.13,3.62,0.4900000000000002,Other,0.67,False
ID04262,Female,19,Business,6.3,2.6,7,63.6,Danger,2.93,2.97,0.040000000000000036,Maintain,1.14,False
ID04263,Male,24,Economics,9.3,4.4,7,90.4,Excellent,2.94,3.21,0.27,Other,0.73,False
ID04264,Male,22,Economics,6.9,2.9,10,53.1,Danger,2.77,2.37,-0.3999999999999999,Other,0.82,False
ID04265,Female,21,Economics,6.9,6.0,9,57.2,Danger,2.56,2.38,-0.18000000000000016,Other,0.4,False
ID04266,Male,19,Computer Science,9.8,4.1,10,97.3,Excellent,3.4,3.66,0.26000000000000023,Other,0.89,False
ID04267,Female,21,Psychology,6.0,5.8,3,76.8,Normal,2.93,2.96,0.029999999999999805,Maintain,0.51,False
ID04268,Male,22,Psychology,5.9,1.2,4,70.2,Danger,3.41,3.11,-0.30000000000000027,Other,2.59,False
ID04269,Female,21,Business,7.3,3.6,8,100.0,Excellent,2.54,2.99,0.4500000000000002,Other,0.83,False
ID04270,Female,20,Economics,7.0,2.5,6,89.9,Normal,2.77,2.97,0.20000000000000018,Other,1.19,False
ID04271,Female,22,Business,5.8,5.3,7,98.1,Excellent,2.99,3.49,0.5,Improve,0.66,False
ID04272,Female,21,Computer Science,8.2,7.0,6,82.5,Normal,3.04,3.41,0.3700000000000001,Other,0.49,False
ID04273,Male,24,Business,7.0,6.9,8,100.0,Excellent,3.48,4.0,0.52,Improve,0.58,True
ID04274,Male,18,Mathematics,7.1,8.9,8,75.9,Normal,2.88,3.18,0.30000000000000027,Other,0.36,False
ID04275,Female,21,Psychology,7.0,7.1,10,100.0,Excellent,3.47,3.97,0.5,Improve,0.56,True
ID04276,Female,20,Business,5.4,3.5,6,84.1,Normal,3.29,3.67,0.3799999999999999,Other,1.05,False
ID04277,Male,19,Business,5.8,2.2,9,60.2,Danger,3.05,2.75,-0.2999999999999998,Other,1.25,False
ID04278,Male,24,Engineering,4.6,1.3,6,92.2,Excellent,2.62,2.67,0.04999999999999982,Maintain,2.05,False
ID04279,Male,19,Business,8.7,2.1,9,89.7,Normal,3.48,3.55,0.06999999999999984,Maintain,1.69,False
ID04280,Male,24,Mathematics,7.0,1.1,8,69.2,Danger,2.64,2.48,-0.16000000000000014,Other,2.25,False
ID04281,Male,19,Psychology,8.5,1.6,7,71.2,Danger,3.09,3.09,0.0,Maintain,1.93,False
ID04282,Female,18,Engineering,6.3,4.7,9,84.6,Normal,3.07,3.28,0.20999999999999996,Other,0.7,False
ID04283,Male,20,Computer Science,8.7,1.2,7,90.2,Excellent,3.0,3.02,0.020000000000000018,Maintain,2.52,False
ID04284,Male,22,Computer Science,4.6,5.0,5,47.9,Danger,2.91,2.71,-0.20000000000000018,Other,0.54,False
ID04285,Female,19,Psychology,8.5,2.8,10,100.0,Excellent,2.69,2.78,0.08999999999999986,Maintain,0.99,False
ID04286,Female,24,Computer Science,6.9,4.2,7,77.6,Normal,2.29,2.48,0.18999999999999995,Other,0.59,False
ID04287,Female,20,Mathematics,4.9,4.3,10,65.0,Danger,3.8,3.7,-0.09999999999999964,Maintain,0.86,False
ID04288,Female,21,Business,4.0,9.0,8,99.1,Excellent,2.85,3.2,0.3500000000000001,Other,0.36,False
ID04289,Male,18,Psychology,7.8,4.4,3,84.6,Normal,3.04,3.42,0.3799999999999999,Other,0.78,False
ID04290,Female,20,Engineering,8.5,1.7,11,100.0,Excellent,3.03,3.17,0.14000000000000012,Other,1.86,False
ID04291,Male,20,Business,7.1,2.2,7,91.6,Excellent,3.65,3.73,0.08000000000000007,Maintain,1.7,False
ID04292,Male,22,Computer Science,7.9,4.3,3,85.0,Normal,4.0,4.0,0.0,Maintain,0.93,True
ID04293,Female,20,Computer Science,7.7,3.4,6,82.7,Normal,3.18,3.36,0.17999999999999972,Other,0.99,False
ID04294,Female,22,Engineering,7.1,4.4,11,92.2,Excellent,3.02,3.28,0.2599999999999998,Other,0.75,False
ID04295,Male,18,Mathematics,8.4,5.1,6,78.8,Normal,2.54,2.57,0.029999999999999805,Maintain,0.5,False
ID04296,Male,18,Engineering,4.8,2.3,7,72.2,Danger,2.38,2.4,0.020000000000000018,Maintain,1.04,False
ID04297,Male,21,Psychology,7.1,5.2,9,94.1,Excellent,2.21,2.43,0.2200000000000002,Other,0.47,False
ID04298,Male,22,Engineering,8.0,5.5,11,82.8,Normal,2.7,3.25,0.5499999999999998,Improve,0.59,False
ID04299,Male,22,Computer Science,6.3,4.4,5,85.5,Normal,2.05,2.52,0.4700000000000002,Other,0.57,False
ID04300,Female,19,Mathematics,7.4,10.5,13,100.0,Excellent,3.64,4.0,0.3599999999999999,Other,0.38,True
ID04301,Male,19,Mathematics,5.2,1.3,8,83.3,Normal,3.31,3.37,0.06000000000000005,Maintain,2.59,False
ID04302,Female,21,Economics,7.1,9.8,10,85.2,Normal,2.97,3.77,0.7999999999999998,Improve,0.38,False
ID04303,Female,18,Engineering,5.9,3.3,6,76.0,Normal,3.65,3.42,-0.22999999999999998,Other,1.04,False
ID04304,Female,23,Psychology,6.2,2.5,7,91.5,Excellent,2.56,2.68,0.1200000000000001,Other,1.07,False
ID04305,Female,19,Computer Science,7.9,5.3,3,90.2,Excellent,2.69,3.2,0.5100000000000002,Improve,0.6,False
ID04306,Male,20,Business,4.4,2.8,10,98.5,Excellent,2.13,2.31,0.18000000000000016,Other,0.82,False
ID04307,Male,18,Mathematics,5.4,6.7,8,76.3,Normal,3.49,3.49,0.0,Maintain,0.52,False
ID04308,Female,23,Engineering,8.1,3.2,6,78.1,Normal,2.69,2.47,-0.21999999999999975,Other,0.77,False
ID04309,Female,20,Economics,6.8,7.3,7,96.9,Excellent,3.11,3.71,0.6000000000000001,Improve,0.51,False
ID04310,Female,24,Psychology,5.9,2.0,6,88.8,Normal,3.6,3.73,0.1299999999999999,Other,1.86,False
ID04311,Male,22,Psychology,7.7,4.8,8,71.4,Danger,3.79,3.78,-0.010000000000000231,Maintain,0.79,False
ID04312,Female,18,Computer Science,5.3,2.4,8,100.0,Excellent,3.09,3.44,0.3500000000000001,Other,1.43,False
ID04313,Male,24,Mathematics,5.3,4.9,7,59.5,Danger,3.29,3.01,-0.28000000000000025,Other,0.61,False
ID04314,Female,21,Computer Science,6.7,1.5,8,96.8,Excellent,2.65,2.82,0.16999999999999993,Other,1.88,False
ID04315,Female,22,Economics,6.8,1.6,14,66.0,Danger,3.94,3.96,0.020000000000000018,Maintain,2.47,True
ID04316,Male,22,Business,5.9,3.2,13,100.0,Excellent,3.02,3.23,0.20999999999999996,Other,1.01,False
ID04317,Female,20,Business,6.6,7.5,6,61.8,Danger,3.14,3.17,0.029999999999999805,Maintain,0.42,False
ID04318,Male,24,Business,9.0,1.3,10,100.0,Excellent,2.9,3.15,0.25,Other,2.42,False
ID04319,Male,22,Psychology,6.9,8.2,7,83.8,Normal,3.7,4.0,0.2999999999999998,Other,0.49,True
ID04320,Male,19,Mathematics,5.3,4.9,15,79.5,Normal,3.2,3.39,0.18999999999999995,Other,0.69,False
ID04321,Female,18,Computer Science,7.0,7.1,6,87.8,Normal,3.48,3.92,0.43999999999999995,Other,0.55,True
ID04322,Female,19,Computer Science,4.0,4.1,9,94.5,Excellent,3.28,3.54,0.26000000000000023,Other,0.86,False
ID04323,Female,20,Economics,9.4,4.5,6,71.4,Danger,2.99,3.16,0.16999999999999993,Other,0.7,False
ID04324,Male,23,Business,5.2,3.5,5,72.8,Danger,3.56,3.39,-0.16999999999999993,Other,0.97,False
ID04325,Female,20,Mathematics,7.3,3.3,4,94.7,Excellent,3.27,3.57,0.2999999999999998,Other,1.08,False
ID04326,Female,18,Mathematics,7.2,6.1,0,59.4,Danger,2.62,2.58,-0.040000000000000036,Maintain,0.42,False
ID04327,Male,22,Economics,5.8,2.0,16,76.2,Normal,2.61,2.15,-0.45999999999999996,Other,1.08,False
ID04328,Female,24,Engineering,8.9,4.1,6,100.0,Excellent,3.17,3.36,0.18999999999999995,Other,0.82,False
ID04329,Male,24,Mathematics,10.0,1.3,11,70.5,Danger,3.55,3.21,-0.33999999999999986,Other,2.47,False
ID04330,Female,21,Mathematics,5.9,1.7,4,100.0,Excellent,3.92,4.0,0.08000000000000007,Maintain,2.35,True
ID04331,Male,20,Computer Science,8.1,3.8,9,76.2,Normal,2.21,2.17,-0.040000000000000036,Maintain,0.57,False
ID04332,Male,18,Economics,5.5,2.7,5,92.6,Excellent,3.11,3.19,0.08000000000000007,Maintain,1.18,False
ID04333,Male,21,Mathematics,9.0,3.6,6,94.8,Excellent,3.34,3.5,0.16000000000000014,Other,0.97,False
ID04334,Female,22,Mathematics,8.9,2.3,5,100.0,Excellent,3.25,3.33,0.08000000000000007,Maintain,1.45,False
ID04335,Male,23,Computer Science,8.5,5.7,5,82.0,Normal,3.6,3.91,0.31000000000000005,Other,0.69,True
ID04336,Male,20,Mathematics,4.5,1.7,9,100.0,Excellent,3.43,3.68,0.25,Other,2.16,False
ID04337,Female,23,Computer Science,6.2,9.9,9,76.2,Normal,2.61,2.89,0.28000000000000025,Other,0.29,False
ID04338,Female,18,Engineering,6.2,8.0,6,88.5,Normal,2.59,3.05,0.45999999999999996,Other,0.38,False
ID04339,Male,23,Psychology,6.1,5.3,9,88.7,Normal,3.26,3.81,0.5500000000000003,Improve,0.72,False
ID04340,Male,23,Computer Science,9.0,1.6,8,68.2,Danger,3.6,3.55,-0.050000000000000266,Maintain,2.22,False
ID04341,Male,18,Computer Science,4.3,3.6,9,80.7,Normal,3.17,3.52,0.3500000000000001,Other,0.98,False
ID04342,Male,18,Mathematics,7.6,5.5,9,87.4,Normal,2.31,2.83,0.52,Improve,0.51,False
ID04343,Female,20,Computer Science,8.1,6.9,16,78.5,Normal,2.58,2.53,-0.050000000000000266,Maintain,0.37,False
ID04344,Female,23,Economics,5.9,6.9,8,100.0,Excellent,3.45,3.93,0.48,Other,0.57,True
ID04345,Female,21,Business,7.8,6.1,7,72.4,Danger,2.93,2.95,0.020000000000000018,Maintain,0.48,False
ID04346,Male,18,Business,7.7,0.9,6,100.0,Excellent,3.16,3.17,0.009999999999999787,Maintain,3.52,False
ID04347,Female,22,Engineering,6.6,2.1,9,97.8,Excellent,3.63,3.76,0.1299999999999999,Other,1.79,False
ID04348,Female,23,Computer Science,8.6,6.2,14,84.8,Normal,2.5,2.81,0.31000000000000005,Other,0.45,False
ID04349,Female,18,Economics,6.2,2.8,9,72.0,Danger,2.89,2.7,-0.18999999999999995,Other,0.96,False
ID04350,Female,21,Mathematics,8.6,4.8,4,73.5,Danger,2.84,2.93,0.0900000000000003,Maintain,0.61,False
ID04351,Female,24,Mathematics,7.2,10.3,9,77.2,Normal,3.28,3.7,0.4200000000000004,Other,0.36,False
ID04352,Female,20,Psychology,6.5,2.7,7,58.2,Danger,3.49,3.26,-0.23000000000000043,Other,1.21,False
ID04353,Male,23,Engineering,6.7,7.2,6,69.9,Danger,2.36,2.41,0.050000000000000266,Maintain,0.33,False
ID04354,Female,24,Economics,4.9,4.9,4,62.8,Danger,3.1,3.03,-0.07000000000000028,Maintain,0.62,False
ID04355,Male,18,Economics,6.5,12.9,10,100.0,Excellent,3.53,4.0,0.4700000000000002,Other,0.31,True
ID04356,Female,18,Mathematics,5.3,4.9,13,94.3,Excellent,2.17,2.51,0.33999999999999986,Other,0.51,False
ID04357,Male,22,Psychology,7.4,2.8,6,96.8,Excellent,3.07,3.48,0.41000000000000014,Other,1.24,False
ID04358,Female,22,Mathematics,8.4,4.1,10,93.8,Excellent,2.49,2.94,0.44999999999999973,Other,0.72,False
ID04359,Female,23,Psychology,7.7,2.0,7,87.5,Normal,2.78,2.86,0.08000000000000007,Maintain,1.43,False
ID04360,Male,24,Business,5.9,6.0,6,100.0,Excellent,1.85,2.26,0.4099999999999997,Other,0.38,False
ID04361,Male,24,Economics,6.6,3.1,6,75.8,Normal,3.8,3.66,-0.13999999999999968,Other,1.18,False
ID04362,Female,18,Business,7.4,4.1,10,86.6,Normal,2.92,3.19,0.27,Other,0.78,False
ID04363,Female,23,Mathematics,7.5,7.5,9,96.2,Excellent,2.7,3.33,0.6299999999999999,Improve,0.44,False
ID04364,Male,18,Engineering,9.5,1.9,14,65.2,Danger,3.26,3.3,0.040000000000000036,Maintain,1.74,False
ID04365,Male,22,Computer Science,7.9,6.9,5,100.0,Excellent,2.58,3.09,0.5099999999999998,Improve,0.45,False
ID04366,Female,21,Engineering,7.2,1.4,8,85.4,Normal,2.53,2.69,0.16000000000000014,Other,1.92,False
ID04367,Male,19,Engineering,7.2,3.8,9,87.1,Normal,3.86,4.0,0.14000000000000012,Other,1.05,True
ID04368,Male,19,Computer Science,6.5,5.3,4,100.0,Excellent,4.0,4.0,0.0,Maintain,0.75,True
ID04369,Male,18,Economics,7.0,6.2,7,98.7,Excellent,2.8,3.42,0.6200000000000001,Improve,0.55,False
ID04370,Male,24,Business,8.1,2.0,5,85.6,Normal,3.63,3.92,0.29000000000000004,Other,1.96,True
ID04371,Male,22,Business,5.9,10.4,9,87.0,Normal,3.28,3.85,0.5700000000000003,Improve,0.37,False
ID04372,Male,20,Economics,7.6,5.4,8,62.4,Danger,2.39,2.55,0.1599999999999997,Other,0.47,False
ID04373,Male,20,Computer Science,6.8,6.3,12,76.7,Normal,2.64,2.94,0.2999999999999998,Other,0.47,False
ID04374,Male,19,Psychology,9.6,5.4,7,92.8,Excellent,3.88,4.0,0.1200000000000001,Other,0.74,True
ID04375,Male,21,Engineering,7.4,2.0,9,91.7,Excellent,2.39,2.82,0.4299999999999997,Other,1.41,False
ID04376,Male,19,Mathematics,7.5,2.6,10,100.0,Excellent,4.0,4.0,0.0,Maintain,1.54,True
ID04377,Male,18,Business,5.7,8.1,7,83.2,Normal,2.81,3.14,0.33000000000000007,Other,0.39,False
ID04378,Female,21,Economics,9.2,8.2,10,64.2,Danger,3.89,3.98,0.08999999999999986,Maintain,0.49,True
ID04379,Male,20,Mathematics,7.8,1.0,8,100.0,Excellent,2.95,3.06,0.10999999999999988,Other,3.06,False
ID04380,Male,24,Computer Science,9.0,6.0,11,100.0,Excellent,3.5,3.72,0.2200000000000002,Other,0.62,False
ID04381,Male,22,Mathematics,6.7,3.7,9,98.5,Excellent,3.8,4.0,0.20000000000000018,Other,1.08,True
ID04382,Male,22,Mathematics,7.0,5.2,11,82.5,Normal,3.79,4.0,0.20999999999999996,Other,0.77,True
ID04383,Female,18,Engineering,4.9,4.5,6,100.0,Excellent,2.81,3.19,0.3799999999999999,Other,0.71,False
ID04384,Female,19,Computer Science,9.8,4.5,4,100.0,Excellent,2.67,2.76,0.08999999999999986,Maintain,0.61,False
ID04385,Female,18,Mathematics,7.6,2.3,10,86.7,Normal,3.06,3.18,0.1200000000000001,Other,1.38,False
ID04386,Female,22,Business,9.8,7.0,5,65.3,Danger,2.45,2.74,0.29000000000000004,Other,0.39,False
ID04387,Female,20,Computer Science,6.5,2.8,4,76.2,Normal,3.22,3.1,-0.1200000000000001,Other,1.11,False
ID04388,Male,22,Business,7.7,3.7,4,94.4,Excellent,2.69,3.08,0.3900000000000001,Other,0.83,False
ID04389,Male,21,Economics,8.5,2.4,11,60.9,Danger,3.64,3.39,-0.25,Other,1.41,False
ID04390,Male,24,Economics,7.5,4.1,7,87.5,Normal,2.81,3.06,0.25,Other,0.75,False
ID04391,Male,24,Psychology,6.5,1.7,9,90.7,Excellent,2.23,2.46,0.22999999999999998,Other,1.45,False
ID04392,Male,23,Economics,6.3,2.9,10,100.0,Excellent,3.8,4.0,0.20000000000000018,Other,1.38,True
ID04393,Female,22,Mathematics,6.5,7.0,11,100.0,Excellent,3.19,3.75,0.56,Improve,0.54,False
ID04394,Male,22,Computer Science,10.0,1.9,7,98.0,Excellent,3.11,3.12,0.010000000000000231,Maintain,1.64,False
ID04395,Female,24,Economics,6.1,5.9,5,52.6,Danger,3.65,3.4,-0.25,Other,0.58,False
ID04396,Female,23,Business,4.0,1.6,8,98.8,Excellent,3.54,3.72,0.18000000000000016,Other,2.33,False
ID04397,Male,21,Mathematics,7.1,2.7,5,95.6,Excellent,2.72,2.84,0.11999999999999966,Other,1.05,False
ID04398,Male,19,Economics,7.0,2.7,8,88.8,Normal,2.88,3.33,0.4500000000000002,Other,1.23,False
ID04399,Male,22,Engineering,6.5,6.6,8,59.0,Danger,2.54,2.29,-0.25,Other,0.35,False
ID04400,Male,24,Business,6.1,8.3,9,73.3,Danger,2.37,2.61,0.23999999999999977,Other,0.31,False
ID04401,Male,18,Business,6.6,3.3,6,67.5,Danger,3.39,3.25,-0.14000000000000012,Other,0.98,False
ID04402,Male,22,Psychology,5.0,1.7,14,54.8,Danger,3.3,2.91,-0.3899999999999997,Other,1.71,False
ID04403,Male,18,Engineering,9.7,3.0,9,85.0,Normal,3.48,3.61,0.1299999999999999,Other,1.2,False
ID04404,Male,21,Psychology,7.4,3.1,11,73.0,Danger,3.74,3.57,-0.17000000000000037,Other,1.15,False
ID04405,Female,22,Economics,7.2,2.9,5,100.0,Excellent,3.49,3.82,0.3299999999999996,Other,1.32,False
ID04406,Female,24,Engineering,8.6,3.7,9,82.5,Normal,3.53,3.96,0.43000000000000016,Other,1.07,True
ID04407,Female,21,Business,10.0,2.4,11,100.0,Excellent,2.06,2.38,0.31999999999999984,Other,0.99,False
ID04408,Male,21,Psychology,6.4,1.8,10,61.5,Danger,2.95,2.97,0.020000000000000018,Maintain,1.65,False
ID04409,Male,19,Mathematics,7.5,1.1,7,77.0,Normal,3.58,3.29,-0.29000000000000004,Other,2.99,False
ID04410,Female,22,Engineering,8.2,6.5,6,86.5,Normal,2.52,3.04,0.52,Improve,0.47,False
ID04411,Male,18,Business,8.0,4.5,11,71.4,Danger,3.15,3.38,0.22999999999999998,Other,0.75,False
ID04412,Male,18,Computer Science,8.4,5.6,8,78.7,Normal,3.36,3.21,-0.1499999999999999,Other,0.57,False
ID04413,Female,22,Engineering,8.4,5.2,13,81.7,Normal,3.32,3.48,0.16000000000000014,Other,0.67,False
ID04414,Female,23,Engineering,6.4,3.9,5,81.5,Normal,3.28,3.61,0.33000000000000007,Other,0.93,False
ID04415,Male,19,Economics,8.8,3.7,7,100.0,Excellent,3.4,3.6,0.20000000000000018,Other,0.97,False
ID04416,Male,19,Mathematics,6.8,10.3,9,90.7,Excellent,3.19,3.77,0.5800000000000001,Improve,0.37,False
ID04417,Male,19,Economics,7.4,2.9,10,92.2,Excellent,2.37,2.54,0.16999999999999993,Other,0.88,False
ID04418,Male,18,Engineering,7.9,4.1,7,93.1,Excellent,3.35,3.72,0.3700000000000001,Other,0.91,False
ID04419,Male,21,Engineering,5.9,3.1,6,94.2,Excellent,3.24,3.55,0.3099999999999996,Other,1.15,False
ID04420,Male,24,Mathematics,7.7,2.1,6,83.8,Normal,2.38,2.81,0.43000000000000016,Other,1.34,False
ID04421,Male,23,Mathematics,7.9,12.7,10,80.2,Normal,3.79,4.0,0.20999999999999996,Other,0.31,True
ID04422,Female,19,Psychology,4.2,5.5,6,87.5,Normal,3.37,3.78,0.4099999999999997,Other,0.69,False
ID04423,Female,18,Business,9.1,2.7,13,100.0,Excellent,2.41,2.71,0.2999999999999998,Other,1.0,False
ID04424,Female,18,Business,5.8,2.3,7,100.0,Excellent,2.69,2.85,0.16000000000000014,Other,1.24,False
ID04425,Male,21,Psychology,7.4,5.9,7,81.4,Normal,2.82,3.43,0.6100000000000003,Improve,0.58,False
ID04426,Male,22,Business,9.3,7.3,9,96.5,Excellent,2.82,3.04,0.2200000000000002,Other,0.42,False
ID04427,Male,22,Engineering,8.0,1.9,1,82.1,Normal,3.25,3.66,0.41000000000000014,Other,1.93,False
ID04428,Male,24,Psychology,8.6,3.6,10,85.5,Normal,2.61,3.0,0.3900000000000001,Other,0.83,False
ID04429,Male,24,Psychology,8.7,4.1,6,77.9,Normal,3.66,3.47,-0.18999999999999995,Other,0.85,False
ID04430,Female,19,Business,6.3,4.1,7,82.3,Normal,3.62,3.95,0.33000000000000007,Other,0.96,True
ID04431,Female,24,Computer Science,5.4,4.6,10,100.0,Excellent,3.41,3.7,0.29000000000000004,Other,0.8,False
ID04432,Male,19,Business,7.6,3.4,13,86.4,Normal,3.12,3.4,0.2799999999999998,Other,1.0,False
ID04433,Male,23,Economics,8.1,3.8,5,87.0,Normal,3.57,3.97,0.40000000000000036,Other,1.04,True
ID04434,Female,24,Computer Science,8.7,3.9,6,63.3,Danger,2.96,2.99,0.03000000000000025,Maintain,0.77,False
ID04435,Male,21,Psychology,8.2,1.9,10,80.4,Normal,2.74,2.73,-0.010000000000000231,Maintain,1.44,False
ID04436,Male,19,Computer Science,6.3,10.1,9,81.4,Normal,3.7,4.0,0.2999999999999998,Other,0.4,True
ID04437,Male,21,Engineering,8.3,6.1,11,72.6,Danger,3.26,3.13,-0.1299999999999999,Other,0.51,False
ID04438,Female,18,Mathematics,4.0,7.1,6,85.3,Normal,2.76,3.2,0.4400000000000004,Other,0.45,False
ID04439,Female,19,Computer Science,8.9,4.7,4,78.6,Normal,2.89,2.88,-0.010000000000000231,Maintain,0.61,False
ID04440,Male,18,Economics,5.7,12.9,11,86.2,Normal,2.73,3.25,0.52,Improve,0.25,False
ID04441,Female,20,Mathematics,5.6,0.5,11,86.8,Normal,4.0,4.0,0.0,Maintain,8.0,True
ID04442,Female,21,Engineering,10.0,4.2,6,70.7,Danger,3.1,3.25,0.1499999999999999,Other,0.77,False
ID04443,Male,20,Economics,7.1,2.3,10,79.0,Normal,3.18,3.13,-0.050000000000000266,Maintain,1.36,False
ID04444,Male,19,Mathematics,6.6,4.4,8,86.2,Normal,3.46,3.84,0.3799999999999999,Other,0.87,False
ID04445,Male,18,Engineering,5.3,9.0,7,100.0,Excellent,2.49,2.94,0.44999999999999973,Other,0.33,False
ID04446,Female,19,Mathematics,7.7,5.8,10,88.9,Normal,3.65,4.0,0.3500000000000001,Other,0.69,True
ID04447,Male,20,Mathematics,8.2,3.9,7,75.1,Normal,2.8,2.92,0.1200000000000001,Other,0.75,False
ID04448,Female,19,Business,6.5,9.5,9,91.0,Excellent,4.0,4.0,0.0,Maintain,0.42,True
ID04449,Male,23,Economics,4.0,6.7,7,100.0,Excellent,2.94,3.48,0.54,Improve,0.52,False
ID04450,Female,22,Economics,9.4,5.5,10,98.8,Excellent,3.62,3.83,0.20999999999999996,Other,0.7,False
ID04451,Male,20,Computer Science,6.6,5.4,7,93.2,Excellent,1.85,2.25,0.3999999999999999,Other,0.42,False
ID04452,Female,19,Economics,6.5,6.5,4,95.9,Excellent,2.51,2.89,0.38000000000000034,Other,0.44,False
ID04453,Female,18,Economics,6.9,2.8,5,100.0,Excellent,2.95,3.13,0.17999999999999972,Other,1.12,False
ID04454,Female,19,Mathematics,5.8,2.6,6,100.0,Excellent,2.08,2.4,0.31999999999999984,Other,0.92,False
ID04455,Female,18,Psychology,8.9,2.1,4,93.5,Excellent,3.4,3.64,0.2400000000000002,Other,1.73,False
ID04456,Male,22,Business,8.1,2.9,13,100.0,Excellent,3.26,3.28,0.020000000000000018,Maintain,1.13,False
ID04457,Female,19,Computer Science,7.7,9.2,9,68.8,Danger,2.6,3.01,0.4099999999999997,Other,0.33,False
ID04458,Male,24,Business,10.0,3.6,9,62.5,Danger,3.09,3.05,-0.040000000000000036,Maintain,0.85,False
ID04459,Male,24,Computer Science,6.0,9.3,6,87.4,Normal,3.5,4.0,0.5,Improve,0.43,True
ID04460,Male,22,Engineering,8.9,2.7,8,86.0,Normal,2.05,2.27,0.2200000000000002,Other,0.84,False
ID04461,Male,20,Mathematics,4.0,7.5,6,76.8,Normal,2.46,2.54,0.08000000000000007,Maintain,0.34,False
ID04462,Male,18,Economics,8.0,8.3,7,97.4,Excellent,2.93,3.49,0.56,Improve,0.42,False
ID04463,Female,24,Economics,10.0,4.5,9,57.1,Danger,3.11,2.64,-0.46999999999999975,Other,0.59,False
ID04464,Male,23,Psychology,5.4,3.6,10,77.0,Normal,3.07,2.92,-0.1499999999999999,Other,0.81,False
ID04465,Female,20,Business,9.5,2.5,4,77.7,Normal,3.54,3.22,-0.31999999999999984,Other,1.29,False
ID04466,Male,18,Business,4.9,7.0,11,60.5,Danger,3.34,3.4,0.06000000000000005,Maintain,0.49,False
ID04467,Male,22,Business,10.0,3.5,7,100.0,Excellent,3.45,3.51,0.05999999999999961,Maintain,1.0,False
ID04468,Male,24,Economics,6.3,3.2,8,64.6,Danger,2.41,2.48,0.06999999999999984,Maintain,0.77,False
ID04469,Female,21,Business,5.9,5.0,9,76.2,Normal,3.17,3.34,0.16999999999999993,Other,0.67,False
ID04470,Female,19,Mathematics,6.2,5.9,9,98.6,Excellent,2.95,3.49,0.54,Improve,0.59,False
ID04471,Female,22,Computer Science,7.0,2.4,9,94.7,Excellent,3.83,3.98,0.1499999999999999,Other,1.66,True
ID04472,Female,18,Economics,6.8,5.0,8,68.4,Danger,3.19,3.29,0.10000000000000009,Other,0.66,False
ID04473,Male,18,Mathematics,6.9,8.3,3,95.2,Excellent,2.77,3.42,0.6499999999999999,Improve,0.41,False
ID04474,Male,18,Engineering,7.5,2.1,7,89.3,Normal,3.53,3.91,0.38000000000000034,Other,1.86,True
ID04475,Female,18,Mathematics,7.4,7.1,8,100.0,Excellent,3.38,3.8,0.41999999999999993,Other,0.54,False
ID04476,Male,19,Mathematics,7.0,7.0,10,91.1,Excellent,2.69,3.18,0.4900000000000002,Other,0.45,False
ID04477,Male,20,Engineering,6.3,7.4,8,82.9,Normal,2.93,3.29,0.3599999999999999,Other,0.44,False
ID04478,Male,23,Mathematics,7.6,6.0,12,72.2,Danger,2.93,3.17,0.23999999999999977,Other,0.53,False
ID04479,Female,21,Computer Science,7.6,5.8,7,73.8,Danger,3.71,3.82,0.10999999999999988,Other,0.66,False
ID04480,Female,19,Economics,7.5,6.9,6,72.6,Danger,3.2,3.21,0.009999999999999787,Maintain,0.47,False
ID04481,Male,18,Psychology,7.0,5.0,16,100.0,Excellent,3.46,3.57,0.10999999999999988,Other,0.71,False
ID04482,Male,19,Engineering,6.0,3.1,7,85.3,Normal,2.85,3.27,0.41999999999999993,Other,1.05,False
ID04483,Female,22,Economics,7.1,3.1,8,93.5,Excellent,3.27,3.39,0.1200000000000001,Other,1.09,False
ID04484,Female,23,Business,6.6,3.9,9,100.0,Excellent,3.75,4.0,0.25,Other,1.03,True
ID04485,Male,18,Computer Science,4.0,6.2,8,49.6,Danger,2.92,2.67,-0.25,Other,0.43,False
ID04486,Female,21,Psychology,8.5,3.9,7,100.0,Excellent,3.16,3.6,0.43999999999999995,Other,0.92,False
ID04487,Male,18,Computer Science,7.4,3.6,6,85.8,Normal,2.42,2.64,0.2200000000000002,Other,0.73,False
ID04488,Male,23,Computer Science,7.0,7.3,10,91.5,Excellent,2.72,3.36,0.6399999999999997,Improve,0.46,False
ID04489,Female,21,Business,7.8,4.5,9,72.6,Danger,2.93,2.86,-0.07000000000000028,Maintain,0.64,False
ID04490,Female,23,Psychology,5.9,1.7,10,73.7,Danger,2.57,2.59,0.020000000000000018,Maintain,1.52,False
ID04491,Male,21,Computer Science,9.0,2.1,3,92.3,Excellent,3.76,3.84,0.08000000000000007,Maintain,1.83,False
ID04492,Female,20,Business,8.8,1.9,7,100.0,Excellent,2.68,2.68,0.0,Maintain,1.41,False
ID04493,Female,24,Engineering,5.3,4.0,6,100.0,Excellent,3.49,3.69,0.19999999999999973,Other,0.92,False
ID04494,Female,20,Business,6.1,2.2,5,100.0,Excellent,3.19,3.26,0.06999999999999984,Maintain,1.48,False
ID04495,Female,19,Mathematics,8.0,3.6,10,82.1,Normal,3.12,3.29,0.16999999999999993,Other,0.91,False
ID04496,Female,19,Economics,7.4,2.9,10,76.0,Normal,3.84,3.83,-0.009999999999999787,Maintain,1.32,False
ID04497,Male,21,Business,7.0,1.5,6,73.3,Danger,1.97,2.07,0.09999999999999987,Maintain,1.38,False
ID04498,Male,18,Business,7.7,2.1,7,77.7,Normal,3.0,2.93,-0.06999999999999984,Maintain,1.4,False
ID04499,Male,24,Business,4.2,9.5,10,54.2,Danger,2.56,2.55,-0.010000000000000231,Maintain,0.27,False
ID04500,Male,22,Computer Science,5.6,3.3,10,74.1,Danger,2.12,2.12,0.0,Maintain,0.64,False
ID04501,Female,22,Psychology,6.1,3.2,12,76.6,Normal,2.5,2.32,-0.18000000000000016,Other,0.72,False
ID04502,Male,18,Business,8.1,3.1,4,82.4,Normal,3.11,3.24,0.13000000000000034,Other,1.05,False
ID04503,Male,18,Business,4.0,4.7,8,87.0,Normal,2.74,3.22,0.48,Other,0.69,False
ID04504,Male,20,Mathematics,7.3,4.1,9,90.4,Excellent,3.55,3.71,0.16000000000000014,Other,0.9,False
ID04505,Male,22,Mathematics,6.4,10.7,11,84.8,Normal,2.99,3.66,0.6699999999999999,Improve,0.34,False
ID04506,Male,21,Engineering,8.0,7.6,10,76.3,Normal,2.94,3.3,0.3599999999999999,Other,0.43,False
ID04507,Female,23,Engineering,8.2,10.5,7,55.5,Danger,2.94,2.83,-0.10999999999999988,Other,0.27,False
ID04508,Male,19,Mathematics,9.5,6.2,7,76.4,Normal,3.05,3.31,0.26000000000000023,Other,0.53,False
ID04509,Female,23,Psychology,5.2,5.7,8,70.4,Danger,2.89,2.92,0.029999999999999805,Maintain,0.51,False
ID04510,Female,20,Engineering,5.8,2.0,8,92.0,Excellent,2.67,2.99,0.3200000000000003,Other,1.5,False
ID04511,Male,22,Economics,7.1,1.0,8,98.6,Excellent,3.59,3.8,0.20999999999999996,Other,3.8,False
ID04512,Male,24,Economics,9.1,1.7,7,99.1,Excellent,2.79,2.88,0.08999999999999986,Maintain,1.69,False
ID04513,Male,18,Psychology,7.7,1.5,4,96.4,Excellent,2.91,3.22,0.31000000000000005,Other,2.15,False
ID04514,Female,24,Mathematics,7.2,3.7,12,83.0,Normal,3.31,3.83,0.52,Improve,1.04,False
ID04515,Female,24,Engineering,8.8,6.8,6,77.2,Normal,3.26,3.3,0.040000000000000036,Maintain,0.49,False
ID04516,Male,22,Business,6.4,2.7,7,73.8,Danger,2.65,2.78,0.1299999999999999,Other,1.03,False
ID04517,Male,21,Mathematics,8.8,2.3,4,62.4,Danger,3.48,3.41,-0.06999999999999984,Maintain,1.48,False
ID04518,Female,20,Engineering,9.6,6.5,9,99.9,Excellent,3.37,3.7,0.33000000000000007,Other,0.57,False
ID04519,Male,18,Psychology,6.8,2.3,9,82.4,Normal,3.19,3.28,0.08999999999999986,Maintain,1.43,False
ID04520,Male,23,Economics,4.7,9.2,7,66.3,Danger,2.88,3.01,0.1299999999999999,Other,0.33,False
ID04521,Female,21,Psychology,7.2,2.1,12,72.6,Danger,2.9,2.99,0.0900000000000003,Maintain,1.42,False
ID04522,Female,23,Engineering,9.5,6.8,8,72.0,Danger,3.0,2.93,-0.06999999999999984,Maintain,0.43,False
ID04523,Female,19,Psychology,7.7,4.8,11,85.6,Normal,2.48,2.9,0.41999999999999993,Other,0.6,False
ID04524,Female,20,Engineering,4.9,0.7,13,100.0,Excellent,3.08,3.17,0.08999999999999986,Maintain,4.53,False
ID04525,Female,21,Engineering,8.9,2.5,10,79.8,Normal,3.55,3.49,-0.05999999999999961,Maintain,1.4,False
ID04526,Male,21,Psychology,8.2,7.0,10,51.2,Danger,3.54,3.52,-0.020000000000000018,Maintain,0.5,False
ID04527,Female,23,Computer Science,8.5,1.5,6,82.2,Normal,2.91,3.14,0.22999999999999998,Other,2.09,False
ID04528,Female,18,Business,8.7,3.2,6,82.7,Normal,3.63,3.84,0.20999999999999996,Other,1.2,False
ID04529,Female,19,Mathematics,6.2,1.5,8,81.6,Normal,4.0,4.0,0.0,Maintain,2.67,True
ID04530,Male,23,Economics,8.6,3.7,7,75.6,Normal,2.94,2.96,0.020000000000000018,Maintain,0.8,False
ID04531,Male,21,Business,6.0,5.1,7,88.3,Normal,3.45,4.0,0.5499999999999998,Improve,0.78,True
ID04532,Male,20,Mathematics,5.2,4.3,10,86.0,Normal,1.97,2.32,0.34999999999999987,Other,0.54,False
ID04533,Male,21,Mathematics,5.8,4.6,13,84.6,Normal,2.47,2.85,0.3799999999999999,Other,0.62,False
ID04534,Male,22,Economics,8.0,4.3,9,91.2,Excellent,3.15,3.35,0.20000000000000018,Other,0.78,False
ID04535,Female,20,Business,6.4,3.5,11,78.6,Normal,2.6,2.43,-0.16999999999999993,Other,0.69,False
ID04536,Female,20,Economics,9.2,6.3,13,77.7,Normal,4.0,4.0,0.0,Maintain,0.63,True
ID04537,Male,21,Engineering,8.7,1.5,9,100.0,Excellent,3.4,3.43,0.03000000000000025,Maintain,2.29,False
ID04538,Female,18,Economics,8.0,8.9,6,93.4,Excellent,3.58,4.0,0.41999999999999993,Other,0.45,True
ID04539,Male,20,Psychology,9.1,4.4,8,97.4,Excellent,3.09,3.22,0.13000000000000034,Other,0.73,False
ID04540,Male,22,Computer Science,5.2,1.6,6,100.0,Excellent,2.6,2.83,0.22999999999999998,Other,1.77,False
ID04541,Male,23,Computer Science,8.4,8.2,5,92.9,Excellent,2.84,3.12,0.28000000000000025,Other,0.38,False
ID04542,Male,18,Computer Science,7.9,3.6,6,98.9,Excellent,3.23,3.62,0.3900000000000001,Other,1.01,False
ID04543,Male,18,Business,5.1,2.9,8,61.3,Danger,2.78,2.7,-0.07999999999999963,Maintain,0.93,False
ID04544,Male,18,Business,5.9,1.6,9,88.1,Normal,3.44,3.43,-0.009999999999999787,Maintain,2.14,False
ID04545,Male,20,Engineering,6.8,2.7,8,82.3,Normal,3.46,3.6,0.14000000000000012,Other,1.33,False
ID04546,Female,18,Computer Science,6.7,6.5,6,100.0,Excellent,3.1,3.43,0.33000000000000007,Other,0.53,False
ID04547,Male,21,Engineering,6.9,2.2,11,98.9,Excellent,2.19,2.35,0.16000000000000014,Other,1.07,False
ID04548,Female,18,Computer Science,6.1,6.6,7,75.5,Normal,3.96,4.0,0.040000000000000036,Maintain,0.61,True
ID04549,Female,22,Business,9.2,3.2,6,90.6,Excellent,2.99,3.08,0.08999999999999986,Maintain,0.96,False
ID04550,Female,19,Psychology,5.1,2.1,5,87.5,Normal,4.0,4.0,0.0,Maintain,1.9,True
ID04551,Female,22,Psychology,5.2,2.8,6,91.8,Excellent,3.43,3.81,0.3799999999999999,Other,1.36,False
ID04552,Male,20,Psychology,5.6,5.3,7,69.7,Danger,3.0,3.16,0.16000000000000014,Other,0.6,False
ID04553,Male,18,Economics,6.0,4.6,9,90.4,Excellent,3.32,3.82,0.5,Improve,0.83,False
ID04554,Female,18,Psychology,5.9,9.5,10,81.6,Normal,2.09,2.79,0.7000000000000002,Improve,0.29,False
ID04555,Male,21,Mathematics,9.5,3.3,7,89.2,Normal,3.61,3.87,0.26000000000000023,Other,1.17,True
ID04556,Female,23,Computer Science,6.0,6.7,9,74.1,Danger,4.0,4.0,0.0,Maintain,0.6,True
ID04557,Female,18,Psychology,6.8,3.7,7,76.2,Normal,2.06,2.2,0.14000000000000012,Other,0.59,False
ID04558,Female,24,Mathematics,5.1,2.4,8,100.0,Excellent,2.96,3.32,0.3599999999999999,Other,1.38,False
ID04559,Female,22,Mathematics,6.3,1.8,4,69.2,Danger,3.05,3.05,0.0,Maintain,1.69,False
ID04560,Female,20,Mathematics,7.9,3.3,8,70.3,Danger,3.54,3.46,-0.08000000000000007,Maintain,1.05,False
ID04561,Female,19,Engineering,8.0,4.0,4,84.2,Normal,4.0,4.0,0.0,Maintain,1.0,True
ID04562,Male,18,Engineering,8.5,8.1,5,73.4,Danger,3.29,3.37,0.08000000000000007,Maintain,0.42,False
ID04563,Female,19,Mathematics,5.5,9.4,8,71.7,Danger,4.0,4.0,0.0,Maintain,0.43,True
ID04564,Male,18,Economics,6.0,9.4,9,86.6,Normal,3.19,3.87,0.6800000000000002,Improve,0.41,True
ID04565,Male,20,Psychology,8.2,2.6,9,62.4,Danger,3.33,3.1,-0.22999999999999998,Other,1.19,False
ID04566,Female,23,Computer Science,7.0,2.2,4,69.9,Danger,3.26,3.36,0.10000000000000009,Other,1.53,False
ID04567,Male,22,Economics,6.9,2.7,9,100.0,Excellent,3.71,4.0,0.29000000000000004,Other,1.48,True
ID04568,Male,20,Business,7.9,3.6,12,91.9,Excellent,2.89,3.32,0.4299999999999997,Other,0.92,False
ID04569,Male,19,Engineering,8.5,1.2,6,73.8,Danger,3.51,3.14,-0.36999999999999966,Other,2.62,False
ID04570,Female,18,Psychology,6.0,2.1,9,91.3,Excellent,2.48,2.79,0.31000000000000005,Other,1.33,False
ID04571,Male,19,Psychology,6.8,7.8,7,93.5,Excellent,2.96,3.68,0.7200000000000002,Improve,0.47,False
ID04572,Female,22,Business,6.8,4.7,7,99.9,Excellent,2.78,3.09,0.31000000000000005,Other,0.66,False
ID04573,Male,24,Business,5.5,2.8,3,83.1,Normal,3.14,3.36,0.21999999999999975,Other,1.2,False
ID04574,Female,20,Psychology,7.4,1.3,6,99.6,Excellent,2.94,3.05,0.10999999999999988,Other,2.35,False
ID04575,Female,19,Business,6.2,4.7,10,54.4,Danger,3.67,3.61,-0.06000000000000005,Maintain,0.77,False
ID04576,Male,19,Psychology,7.0,4.1,8,69.2,Danger,2.66,2.86,0.19999999999999973,Other,0.7,False
ID04577,Male,22,Economics,8.0,2.1,4,87.5,Normal,2.23,2.43,0.20000000000000018,Other,1.16,False
ID04578,Male,24,Business,7.4,5.9,10,89.9,Normal,2.42,2.8,0.3799999999999999,Other,0.47,False
ID04579,Female,18,Economics,5.7,2.9,7,71.3,Danger,3.6,3.3,-0.30000000000000027,Other,1.14,False
ID04580,Female,24,Economics,7.3,4.4,11,88.9,Normal,2.62,2.92,0.2999999999999998,Other,0.66,False
ID04581,Female,19,Business,7.2,9.3,8,75.6,Normal,3.3,3.73,0.43000000000000016,Other,0.4,False
ID04582,Male,22,Psychology,6.2,5.8,9,80.8,Normal,2.95,3.2,0.25,Other,0.55,False
ID04583,Female,18,Mathematics,5.7,1.6,7,100.0,Excellent,3.51,3.52,0.010000000000000231,Maintain,2.2,False
ID04584,Female,24,Psychology,7.2,5.8,11,98.6,Excellent,2.98,3.51,0.5299999999999998,Improve,0.61,False
ID04585,Female,24,Computer Science,4.9,2.6,4,70.0,Danger,4.0,3.94,-0.06000000000000005,Maintain,1.52,True
ID04586,Female,24,Business,5.4,5.3,11,69.1,Danger,4.0,4.0,0.0,Maintain,0.75,True
ID04587,Male,23,Engineering,5.1,6.7,8,78.8,Normal,2.94,2.98,0.040000000000000036,Maintain,0.44,False
ID04588,Male,18,Business,5.2,4.4,10,84.6,Normal,2.87,2.99,0.1200000000000001,Other,0.68,False
ID04589,Female,24,Computer Science,6.3,1.7,5,75.1,Normal,4.0,4.0,0.0,Maintain,2.35,True
ID04590,Female,23,Economics,8.6,0.9,8,100.0,Excellent,2.56,2.49,-0.06999999999999984,Maintain,2.77,False
ID04591,Female,20,Engineering,7.9,7.4,11,90.2,Excellent,3.07,3.44,0.3700000000000001,Other,0.46,False
ID04592,Male,22,Engineering,8.7,8.7,9,91.1,Excellent,3.11,3.62,0.5100000000000002,Improve,0.42,False
ID04593,Male,24,Psychology,6.1,2.5,7,66.0,Danger,3.1,3.06,-0.040000000000000036,Maintain,1.22,False
ID04594,Male,18,Mathematics,4.0,0.8,8,100.0,Excellent,2.23,2.23,0.0,Maintain,2.79,False
ID04595,Male,23,Psychology,6.1,1.5,9,42.7,Danger,3.35,2.97,-0.3799999999999999,Other,1.98,False
ID04596,Female,23,Engineering,8.7,3.0,6,97.5,Excellent,2.61,2.96,0.3500000000000001,Other,0.99,False
ID04597,Female,20,Engineering,6.4,6.6,9,99.0,Excellent,3.82,4.0,0.18000000000000016,Other,0.61,True
ID04598,Male,21,Mathematics,7.0,0.8,10,78.5,Normal,2.37,2.24,-0.1299999999999999,Other,2.8,False
ID04599,Male,22,Business,6.7,8.0,11,100.0,Excellent,3.13,3.6,0.4700000000000002,Other,0.45,False
ID04600,Male,21,Mathematics,8.0,7.5,10,84.1,Normal,1.99,2.55,0.5599999999999998,Improve,0.34,False
ID04601,Male,18,Economics,8.2,7.9,7,85.9,Normal,2.02,2.27,0.25,Other,0.29,False
ID04602,Female,22,Psychology,4.7,2.0,2,90.1,Excellent,2.68,2.92,0.23999999999999977,Other,1.46,False
ID04603,Female,20,Business,4.0,6.9,9,100.0,Excellent,2.75,3.27,0.52,Improve,0.47,False
ID04604,Male,18,Psychology,8.0,4.1,8,100.0,Excellent,3.83,4.0,0.16999999999999993,Other,0.98,True
ID04605,Female,22,Mathematics,6.7,1.9,9,95.5,Excellent,3.08,3.29,0.20999999999999996,Other,1.73,False
ID04606,Female,22,Business,8.0,4.4,6,71.3,Danger,3.75,3.68,-0.06999999999999984,Maintain,0.84,False
ID04607,Female,21,Mathematics,6.6,4.0,5,87.2,Normal,2.91,3.44,0.5299999999999998,Improve,0.86,False
ID04608,Male,18,Economics,7.8,1.5,6,72.8,Danger,3.4,3.46,0.06000000000000005,Maintain,2.31,False
ID04609,Female,20,Computer Science,6.8,5.6,6,97.3,Excellent,2.74,2.98,0.23999999999999977,Other,0.53,False
ID04610,Male,20,Engineering,5.9,3.9,8,87.1,Normal,2.7,3.13,0.4299999999999997,Other,0.8,False
ID04611,Male,18,Business,6.4,3.1,6,68.1,Danger,2.19,2.05,-0.14000000000000012,Other,0.66,False
ID04612,Male,18,Engineering,6.7,3.1,4,86.2,Normal,3.27,3.41,0.14000000000000012,Other,1.1,False
ID04613,Male,23,Computer Science,7.9,4.8,12,72.3,Danger,3.23,3.13,-0.10000000000000009,Other,0.65,False
ID04614,Male,19,Business,6.7,2.9,6,87.3,Normal,3.49,3.9,0.4099999999999997,Other,1.34,True
ID04615,Male,21,Engineering,5.4,1.0,6,72.1,Danger,3.21,3.18,-0.029999999999999805,Maintain,3.18,False
ID04616,Male,18,Engineering,9.5,1.9,10,85.4,Normal,4.0,3.98,-0.020000000000000018,Maintain,2.09,True
ID04617,Female,18,Business,7.5,3.9,13,96.3,Excellent,3.19,3.73,0.54,Improve,0.96,False
ID04618,Female,19,Engineering,9.0,2.8,7,84.2,Normal,3.6,3.72,0.1200000000000001,Other,1.33,False
ID04619,Male,19,Engineering,5.4,3.1,7,79.1,Normal,2.94,2.92,-0.020000000000000018,Maintain,0.94,False
ID04620,Female,22,Business,6.6,2.1,10,88.0,Normal,2.65,3.1,0.4500000000000002,Other,1.48,False
ID04621,Female,24,Engineering,7.3,2.1,6,95.5,Excellent,3.46,3.52,0.06000000000000005,Maintain,1.68,False
ID04622,Female,20,Engineering,8.0,5.3,16,68.4,Danger,3.06,2.89,-0.16999999999999993,Other,0.55,False
ID04623,Male,21,Psychology,4.2,4.3,7,88.9,Normal,3.52,3.85,0.33000000000000007,Other,0.9,False
ID04624,Female,22,Economics,4.2,2.3,4,100.0,Excellent,3.28,3.39,0.11000000000000032,Other,1.47,False
ID04625,Female,18,Psychology,6.0,3.0,12,93.6,Excellent,2.7,2.84,0.13999999999999968,Other,0.95,False
ID04626,Female,19,Computer Science,7.8,6.1,6,85.9,Normal,3.64,4.0,0.3599999999999999,Other,0.66,True
ID04627,Male,23,Psychology,6.0,1.8,15,94.6,Excellent,2.66,2.72,0.06000000000000005,Maintain,1.51,False
ID04628,Male,20,Psychology,6.8,6.5,9,91.8,Excellent,3.41,4.0,0.5899999999999999,Improve,0.62,True
ID04629,Female,22,Computer Science,7.1,3.5,10,96.3,Excellent,3.74,4.0,0.2599999999999998,Other,1.14,True
ID04630,Male,23,Engineering,5.8,3.1,5,54.6,Danger,2.91,2.68,-0.22999999999999998,Other,0.86,False
ID04631,Male,20,Engineering,9.2,1.6,7,61.7,Danger,3.68,3.64,-0.040000000000000036,Maintain,2.28,False
ID04632,Male,24,Psychology,5.8,14.0,7,100.0,Excellent,3.3,3.85,0.5500000000000003,Improve,0.28,False
ID04633,Female,24,Computer Science,4.0,5.0,10,62.4,Danger,3.53,3.51,-0.020000000000000018,Maintain,0.7,False
ID04634,Female,23,Engineering,5.5,0.9,4,91.0,Excellent,2.68,2.93,0.25,Other,3.26,False
ID04635,Male,19,Mathematics,5.7,4.4,9,79.7,Normal,3.21,3.13,-0.08000000000000007,Maintain,0.71,False
ID04636,Female,22,Business,7.3,7.4,6,70.1,Danger,2.4,2.55,0.1499999999999999,Other,0.34,False
ID04637,Male,22,Business,7.3,4.6,5,90.2,Excellent,3.96,4.0,0.040000000000000036,Maintain,0.87,True
ID04638,Female,24,Economics,7.9,6.2,3,88.0,Normal,2.09,2.63,0.54,Improve,0.42,False
ID04639,Female,20,Business,9.8,2.7,9,100.0,Excellent,2.92,3.16,0.2400000000000002,Other,1.17,False
ID04640,Female,23,Psychology,7.0,2.5,6,75.6,Normal,2.63,2.55,-0.08000000000000007,Maintain,1.02,False
ID04641,Female,19,Business,8.3,3.3,9,100.0,Excellent,3.44,3.48,0.040000000000000036,Maintain,1.05,False
ID04642,Male,18,Business,6.3,4.0,9,90.3,Excellent,4.0,4.0,0.0,Maintain,1.0,True
ID04643,Female,22,Mathematics,7.4,2.8,7,75.1,Normal,3.43,3.35,-0.08000000000000007,Maintain,1.2,False
ID04644,Male,18,Engineering,6.5,3.5,13,97.0,Excellent,4.0,4.0,0.0,Maintain,1.14,True
ID04645,Female,19,Mathematics,6.8,1.9,8,93.5,Excellent,2.41,2.6,0.18999999999999995,Other,1.37,False
ID04646,Female,24,Psychology,7.2,1.2,10,85.5,Normal,2.45,2.66,0.20999999999999996,Other,2.22,False
ID04647,Female,22,Business,8.5,2.3,7,89.0,Normal,2.65,2.76,0.10999999999999988,Other,1.2,False
ID04648,Male,22,Engineering,6.9,10.1,8,76.0,Normal,3.16,3.35,0.18999999999999995,Other,0.33,False
ID04649,Female,23,Economics,6.9,7.7,5,72.6,Danger,2.59,2.76,0.16999999999999993,Other,0.36,False
ID04650,Male,18,Economics,7.5,4.5,8,96.4,Excellent,2.72,3.28,0.5599999999999996,Improve,0.73,False
ID04651,Male,24,Business,8.3,1.4,9,81.6,Normal,3.41,3.37,-0.040000000000000036,Maintain,2.41,False
ID04652,Female,23,Business,4.9,3.7,10,83.8,Normal,2.48,2.74,0.26000000000000023,Other,0.74,False
ID04653,Male,21,Economics,7.4,4.2,11,89.2,Normal,2.53,3.08,0.5500000000000003,Improve,0.73,False
ID04654,Female,18,Economics,5.0,2.7,8,89.0,Normal,2.9,2.89,-0.009999999999999787,Maintain,1.07,False
ID04655,Male,18,Psychology,9.0,8.0,9,63.6,Danger,2.95,2.93,-0.020000000000000018,Maintain,0.37,False
ID04656,Male,21,Business,7.5,1.8,6,100.0,Excellent,3.61,4.0,0.3900000000000001,Other,2.22,True
ID04657,Female,19,Economics,8.8,5.3,8,86.8,Normal,2.65,3.06,0.41000000000000014,Other,0.58,False
ID04658,Male,19,Computer Science,4.5,1.8,8,82.0,Normal,2.74,2.9,0.1599999999999997,Other,1.61,False
ID04659,Male,22,Economics,6.7,1.9,8,91.5,Excellent,3.39,3.65,0.2599999999999998,Other,1.92,False
ID04660,Female,20,Engineering,8.3,3.7,6,88.5,Normal,3.5,3.92,0.41999999999999993,Other,1.06,True
ID04661,Male,23,Engineering,9.1,0.7,8,96.5,Excellent,3.81,3.7,-0.10999999999999988,Other,5.29,False
ID04662,Female,20,Computer Science,7.5,4.4,5,93.1,Excellent,3.33,3.61,0.2799999999999998,Other,0.82,False
ID04663,Male,22,Psychology,6.4,2.9,12,95.8,Excellent,3.17,3.39,0.2200000000000002,Other,1.17,False
ID04664,Female,20,Business,6.6,3.5,2,100.0,Excellent,3.39,3.56,0.16999999999999993,Other,1.02,False
ID04665,Female,18,Business,5.4,2.5,13,98.3,Excellent,2.97,3.09,0.11999999999999966,Other,1.24,False
ID04666,Female,18,Economics,9.2,7.9,15,82.6,Normal,2.96,3.35,0.3900000000000001,Other,0.42,False
ID04667,Male,21,Engineering,8.0,6.4,7,68.2,Danger,2.21,2.56,0.3500000000000001,Other,0.4,False
ID04668,Female,21,Psychology,6.7,5.3,17,100.0,Excellent,3.55,3.64,0.0900000000000003,Maintain,0.69,False
ID04669,Female,22,Psychology,7.8,2.0,10,81.4,Normal,3.21,3.63,0.41999999999999993,Other,1.82,False
ID04670,Female,22,Psychology,6.8,5.7,12,77.9,Normal,3.49,3.75,0.2599999999999998,Other,0.66,False
ID04671,Male,24,Economics,6.5,4.7,11,58.9,Danger,1.69,1.57,-0.11999999999999988,Other,0.33,False
ID04672,Female,22,Business,5.9,13.1,6,90.1,Excellent,3.08,3.72,0.6400000000000001,Improve,0.28,False
ID04673,Female,18,Psychology,5.9,1.4,13,87.2,Normal,2.67,2.76,0.08999999999999986,Maintain,1.97,False
ID04674,Male,20,Economics,7.6,3.4,9,62.3,Danger,3.85,3.69,-0.16000000000000014,Other,1.09,False
ID04675,Male,23,Economics,8.6,2.5,12,91.8,Excellent,3.41,3.54,0.1299999999999999,Other,1.42,False
ID04676,Female,24,Computer Science,6.5,4.8,6,77.5,Normal,3.22,3.46,0.23999999999999977,Other,0.72,False
ID04677,Male,24,Mathematics,5.8,1.3,3,100.0,Excellent,2.88,3.11,0.22999999999999998,Other,2.39,False
ID04678,Female,24,Psychology,8.4,5.9,8,76.5,Normal,3.3,3.47,0.17000000000000037,Other,0.59,False
ID04679,Female,22,Mathematics,7.1,1.3,8,78.5,Normal,2.64,2.44,-0.20000000000000018,Other,1.88,False
ID04680,Female,22,Business,4.0,4.8,8,71.9,Danger,3.05,2.92,-0.1299999999999999,Other,0.61,False
ID04681,Male,18,Economics,5.9,3.1,9,100.0,Excellent,2.81,3.08,0.27,Other,0.99,False
ID04682,Male,23,Psychology,7.7,2.2,10,79.4,Normal,4.0,4.0,0.0,Maintain,1.82,True
ID04683,Female,18,Engineering,5.8,1.8,8,74.1,Danger,3.83,3.55,-0.28000000000000025,Other,1.97,False
ID04684,Male,23,Business,7.1,2.5,11,95.6,Excellent,3.63,3.99,0.3600000000000003,Other,1.6,True
ID04685,Female,18,Computer Science,5.1,3.1,8,64.3,Danger,2.35,2.21,-0.14000000000000012,Other,0.71,False
ID04686,Male,20,Computer Science,6.4,3.8,6,94.4,Excellent,3.53,4.0,0.4700000000000002,Other,1.05,True
ID04687,Male,22,Mathematics,5.4,4.1,10,100.0,Excellent,3.19,3.39,0.20000000000000018,Other,0.83,False
ID04688,Male,19,Economics,5.2,3.4,6,93.5,Excellent,3.71,3.82,0.10999999999999988,Other,1.12,False
ID04689,Male,19,Mathematics,5.9,3.0,5,94.6,Excellent,3.26,3.34,0.08000000000000007,Maintain,1.11,False
ID04690,Female,22,Engineering,8.3,9.1,12,98.1,Excellent,3.1,3.76,0.6599999999999997,Improve,0.41,False
ID04691,Male,24,Engineering,7.6,5.7,8,100.0,Excellent,3.22,3.8,0.5799999999999996,Improve,0.67,False
ID04692,Male,22,Computer Science,10.0,1.4,9,100.0,Excellent,2.2,2.29,0.08999999999999986,Maintain,1.64,False
ID04693,Male,22,Psychology,6.1,2.7,12,91.6,Excellent,2.72,2.9,0.17999999999999972,Other,1.07,False
ID04694,Male,22,Computer Science,8.5,3.6,11,98.6,Excellent,3.29,3.43,0.14000000000000012,Other,0.95,False
ID04695,Male,24,Computer Science,9.8,2.2,9,71.7,Danger,3.67,3.48,-0.18999999999999995,Other,1.58,False
ID04696,Female,23,Engineering,8.7,3.1,6,96.6,Excellent,2.82,2.84,0.020000000000000018,Maintain,0.92,False
ID04697,Male,20,Mathematics,8.7,1.5,8,69.9,Danger,3.08,2.73,-0.3500000000000001,Other,1.82,False
ID04698,Male,19,Engineering,7.2,4.0,7,79.5,Normal,2.3,2.52,0.2200000000000002,Other,0.63,False
ID04699,Male,21,Economics,7.3,10.9,6,38.8,Danger,3.83,4.0,0.16999999999999993,Other,0.37,True
ID04700,Female,19,Engineering,5.6,4.2,6,91.0,Excellent,3.66,4.0,0.33999999999999986,Other,0.95,True
ID04701,Male,19,Engineering,4.0,4.1,4,75.3,Normal,3.43,3.38,-0.050000000000000266,Maintain,0.82,False
ID04702,Male,24,Computer Science,7.3,3.4,8,100.0,Excellent,3.3,3.57,0.27,Other,1.05,False
ID04703,Female,18,Psychology,5.6,1.7,10,90.9,Excellent,3.88,3.85,-0.029999999999999805,Maintain,2.26,False
ID04704,Female,22,Computer Science,6.4,9.6,11,100.0,Excellent,2.7,3.35,0.6499999999999999,Improve,0.35,False
ID04705,Male,22,Business,5.8,4.4,7,68.7,Danger,2.64,2.71,0.06999999999999984,Maintain,0.62,False
ID04706,Male,22,Engineering,7.5,5.3,7,100.0,Excellent,3.63,3.92,0.29000000000000004,Other,0.74,True
ID04707,Female,18,Engineering,6.7,3.0,8,100.0,Excellent,3.6,3.86,0.2599999999999998,Other,1.29,False
ID04708,Male,24,Business,8.9,5.4,18,96.5,Excellent,2.5,2.69,0.18999999999999995,Other,0.5,False
ID04709,Female,20,Engineering,5.9,9.6,12,96.9,Excellent,2.83,3.5,0.6699999999999999,Improve,0.36,False
ID04710,Female,20,Engineering,7.3,7.8,6,87.5,Normal,3.94,4.0,0.06000000000000005,Maintain,0.51,True
ID04711,Male,24,Economics,6.7,0.1,7,77.1,Normal,3.31,2.98,-0.33000000000000007,Other,29.8,False
ID04712,Male,21,Engineering,6.6,7.6,9,96.4,Excellent,3.49,3.89,0.3999999999999999,Other,0.51,True
ID04713,Male,20,Business,6.9,2.0,11,62.4,Danger,2.52,2.39,-0.1299999999999999,Other,1.2,False
ID04714,Female,24,Computer Science,9.3,2.1,9,78.7,Normal,3.43,3.21,-0.2200000000000002,Other,1.53,False
ID04715,Male,20,Engineering,8.3,1.5,4,58.4,Danger,2.39,1.77,-0.6200000000000001,Decline,1.18,False
ID04716,Male,22,Psychology,6.3,2.0,10,74.4,Danger,2.11,1.98,-0.1299999999999999,Other,0.99,False
ID04717,Female,23,Business,6.1,4.8,9,94.6,Excellent,3.46,3.82,0.3599999999999999,Other,0.8,False
ID04718,Female,24,Mathematics,5.8,4.1,8,92.6,Excellent,3.82,3.89,0.07000000000000028,Maintain,0.95,True
ID04719,Male,19,Economics,7.2,5.5,3,85.8,Normal,2.97,3.36,0.3899999999999997,Other,0.61,False
ID04720,Female,20,Business,4.7,3.8,11,87.6,Normal,2.83,3.07,0.23999999999999977,Other,0.81,False
ID04721,Male,20,Computer Science,6.7,2.0,7,56.7,Danger,3.96,3.43,-0.5299999999999998,Decline,1.72,False
ID04722,Male,18,Business,7.6,5.8,6,79.4,Normal,3.0,3.21,0.20999999999999996,Other,0.55,False
ID04723,Male,21,Mathematics,5.9,3.2,8,74.8,Danger,3.07,2.81,-0.2599999999999998,Other,0.88,False
ID04724,Male,23,Economics,7.1,5.9,11,75.1,Normal,3.95,4.0,0.04999999999999982,Maintain,0.68,True
ID04725,Male,18,Psychology,7.4,4.4,10,94.0,Excellent,2.92,3.49,0.5700000000000003,Improve,0.79,False
ID04726,Male,22,Mathematics,4.4,4.0,7,72.1,Danger,2.77,2.54,-0.22999999999999998,Other,0.64,False
ID04727,Female,19,Business,7.3,10.6,9,75.9,Normal,3.51,3.8,0.29000000000000004,Other,0.36,False
ID04728,Female,21,Mathematics,6.3,1.0,4,53.7,Danger,2.74,2.19,-0.5500000000000003,Decline,2.19,False
ID04729,Female,18,Business,9.8,1.0,5,80.6,Normal,3.03,3.08,0.050000000000000266,Maintain,3.08,False
ID04730,Male,24,Psychology,7.3,2.5,10,68.7,Danger,2.44,2.55,0.10999999999999988,Other,1.02,False
ID04731,Male,20,Psychology,5.6,5.9,9,86.2,Normal,3.19,3.71,0.52,Improve,0.63,False
ID04732,Male,20,Computer Science,4.3,2.7,10,70.7,Danger,3.13,3.15,0.020000000000000018,Maintain,1.17,False
ID04733,Female,21,Psychology,6.9,3.2,9,86.6,Normal,3.58,3.97,0.3900000000000001,Other,1.24,True
ID04734,Female,20,Engineering,9.0,1.1,8,82.8,Normal,3.53,3.72,0.1900000000000004,Other,3.38,False
ID04735,Male,24,Mathematics,6.1,5.8,6,100.0,Excellent,3.38,3.67,0.29000000000000004,Other,0.63,False
ID04736,Male,18,Mathematics,7.5,1.1,5,92.5,Excellent,3.3,3.4,0.10000000000000009,Other,3.09,False
ID04737,Male,18,Business,8.1,3.0,9,57.4,Danger,3.06,2.61,-0.4500000000000002,Other,0.87,False
ID04738,Male,20,Psychology,8.0,0.7,4,66.0,Danger,3.4,3.11,-0.29000000000000004,Other,4.44,False
ID04739,Male,20,Computer Science,7.0,6.5,5,85.8,Normal,2.54,3.14,0.6000000000000001,Improve,0.48,False
ID04740,Female,22,Computer Science,6.0,1.1,7,71.1,Danger,1.93,1.74,-0.18999999999999995,Other,1.58,False
ID04741,Female,19,Computer Science,6.6,2.9,7,40.5,Danger,3.68,3.2,-0.48,Other,1.1,False
ID04742,Male,21,Economics,5.4,2.5,8,100.0,Excellent,3.44,3.44,0.0,Maintain,1.38,False
ID04743,Male,18,Engineering,5.6,5.3,10,95.8,Excellent,3.04,3.54,0.5,Improve,0.67,False
ID04744,Female,21,Psychology,8.5,4.2,5,92.8,Excellent,3.64,4.0,0.3599999999999999,Other,0.95,True
ID04745,Male,22,Computer Science,7.5,10.3,13,75.9,Normal,2.73,3.28,0.5499999999999998,Improve,0.32,False
ID04746,Male,18,Engineering,7.4,1.4,7,91.4,Excellent,2.75,3.15,0.3999999999999999,Other,2.25,False
ID04747,Male,22,Mathematics,5.9,7.5,7,74.4,Danger,2.68,2.92,0.23999999999999977,Other,0.39,False
ID04748,Male,22,Business,8.8,8.5,10,88.1,Normal,3.38,3.77,0.3900000000000001,Other,0.44,False
ID04749,Male,23,Psychology,6.7,10.1,10,71.2,Danger,2.31,2.59,0.2799999999999998,Other,0.26,False
ID04750,Female,20,Psychology,7.2,3.8,8,100.0,Excellent,2.72,3.02,0.2999999999999998,Other,0.79,False
ID04751,Male,24,Economics,8.7,1.6,9,61.4,Danger,3.24,3.18,-0.06000000000000005,Maintain,1.99,False
ID04752,Male,23,Mathematics,5.9,5.0,3,100.0,Excellent,2.5,2.97,0.4700000000000002,Other,0.59,False
ID04753,Female,21,Psychology,6.0,1.2,5,85.6,Normal,2.77,2.96,0.18999999999999995,Other,2.47,False
ID04754,Male,24,Economics,8.6,7.1,9,77.7,Normal,1.99,2.02,0.030000000000000027,Maintain,0.28,False
ID04755,Female,21,Economics,8.2,3.6,15,87.5,Normal,3.4,3.53,0.1299999999999999,Other,0.98,False
ID04756,Female,20,Economics,7.5,4.6,8,96.0,Excellent,2.76,3.04,0.28000000000000025,Other,0.66,False
ID04757,Male,24,Psychology,4.0,10.0,7,100.0,Excellent,2.55,2.9,0.3500000000000001,Other,0.29,False
ID04758,Female,23,Psychology,8.9,4.2,9,89.7,Normal,2.45,2.6,0.1499999999999999,Other,0.62,False
ID04759,Male,21,Psychology,6.1,1.6,6,71.6,Danger,2.89,2.74,-0.1499999999999999,Other,1.71,False
ID04760,Female,23,Engineering,6.1,3.6,8,85.8,Normal,2.31,2.75,0.43999999999999995,Other,0.76,False
ID04761,Male,20,Economics,6.7,2.6,12,100.0,Excellent,4.0,4.0,0.0,Maintain,1.54,True
ID04762,Female,24,Engineering,5.2,4.4,4,100.0,Excellent,1.91,2.11,0.19999999999999996,Other,0.48,False
ID04763,Female,24,Business,8.8,3.0,8,98.6,Excellent,2.87,3.11,0.23999999999999977,Other,1.04,False
ID04764,Male,18,Psychology,7.3,2.4,13,96.9,Excellent,3.15,3.54,0.3900000000000001,Other,1.48,False
ID04765,Male,22,Mathematics,8.0,3.7,7,95.5,Excellent,2.71,3.09,0.3799999999999999,Other,0.84,False
ID04766,Female,22,Computer Science,5.8,1.5,9,100.0,Excellent,3.21,3.16,-0.04999999999999982,Maintain,2.11,False
ID04767,Female,23,Business,8.5,3.5,7,78.2,Normal,2.7,2.52,-0.18000000000000016,Other,0.72,False
ID04768,Male,24,Computer Science,9.1,5.2,2,64.7,Danger,3.87,3.79,-0.08000000000000007,Maintain,0.73,False
ID04769,Female,21,Computer Science,5.1,8.7,10,86.0,Normal,2.54,2.97,0.43000000000000016,Other,0.34,False
ID04770,Male,23,Psychology,5.3,2.6,8,72.7,Danger,1.92,1.61,-0.30999999999999983,Other,0.62,False
ID04771,Male,23,Mathematics,5.8,11.3,8,69.2,Danger,2.45,2.86,0.4099999999999997,Other,0.25,False
ID04772,Male,19,Computer Science,8.4,4.7,7,74.2,Danger,3.29,3.26,-0.03000000000000025,Maintain,0.69,False
ID04773,Male,24,Economics,7.3,3.1,18,100.0,Excellent,3.04,3.2,0.16000000000000014,Other,1.03,False
ID04774,Female,22,Computer Science,6.9,3.3,9,87.0,Normal,3.48,3.8,0.31999999999999984,Other,1.15,False
ID04775,Male,24,Business,7.6,3.8,11,90.4,Excellent,3.35,3.89,0.54,Improve,1.02,True
ID04776,Female,20,Mathematics,9.9,2.9,5,66.7,Danger,2.78,2.76,-0.020000000000000018,Maintain,0.95,False
ID04777,Male,23,Mathematics,4.4,2.4,8,57.3,Danger,2.86,2.58,-0.2799999999999998,Other,1.08,False
ID04778,Male,19,Computer Science,6.5,4.4,12,72.7,Danger,2.91,3.17,0.2599999999999998,Other,0.72,False
ID04779,Male,19,Mathematics,4.0,1.0,15,100.0,Excellent,4.0,4.0,0.0,Maintain,4.0,True
ID04780,Male,22,Business,7.8,2.1,4,90.0,Normal,3.45,3.76,0.3099999999999996,Other,1.79,False
ID04781,Male,22,Business,8.6,5.8,9,94.0,Excellent,4.0,4.0,0.0,Maintain,0.69,True
ID04782,Male,22,Business,6.5,0.8,7,96.1,Excellent,3.52,3.74,0.2200000000000002,Other,4.68,False
ID04783,Female,20,Economics,8.0,4.8,6,76.1,Normal,3.07,2.98,-0.08999999999999986,Maintain,0.62,False
ID04784,Male,19,Psychology,4.7,4.0,6,100.0,Excellent,2.59,2.92,0.33000000000000007,Other,0.73,False
ID04785,Male,21,Computer Science,7.7,2.5,8,75.5,Normal,3.2,3.35,0.1499999999999999,Other,1.34,False
ID04786,Male,20,Mathematics,10.0,2.9,11,100.0,Excellent,3.07,3.38,0.31000000000000005,Other,1.17,False
ID04787,Female,18,Business,6.4,3.7,7,91.6,Excellent,3.05,3.5,0.4500000000000002,Other,0.95,False
ID04788,Female,23,Computer Science,7.6,4.9,4,58.2,Danger,3.0,2.63,-0.3700000000000001,Other,0.54,False
ID04789,Male,22,Computer Science,6.1,4.7,8,73.8,Danger,2.07,2.25,0.18000000000000016,Other,0.48,False
ID04790,Male,19,Psychology,7.3,7.3,10,58.2,Danger,3.73,3.46,-0.27,Other,0.47,False
ID04791,Male,23,Economics,8.7,4.5,5,100.0,Excellent,3.07,3.52,0.4500000000000002,Other,0.78,False
ID04792,Female,24,Mathematics,7.9,8.1,9,84.6,Normal,2.39,3.11,0.7199999999999998,Improve,0.38,False
ID04793,Male,20,Economics,6.8,0.9,14,51.6,Danger,3.34,3.13,-0.20999999999999996,Other,3.48,False
ID04794,Male,18,Mathematics,6.8,7.2,12,90.6,Excellent,2.67,3.1,0.43000000000000016,Other,0.43,False
ID04795,Male,24,Business,5.2,3.1,7,76.9,Normal,3.38,3.3,-0.08000000000000007,Maintain,1.06,False
ID04796,Male,20,Business,8.5,4.2,7,62.7,Danger,3.54,3.53,-0.010000000000000231,Maintain,0.84,False
ID04797,Male,20,Computer Science,8.1,5.5,12,100.0,Excellent,3.61,3.96,0.3500000000000001,Other,0.72,True
ID04798,Female,21,Mathematics,5.1,1.9,6,86.6,Normal,3.02,3.13,0.10999999999999988,Other,1.65,False
ID04799,Male,23,Mathematics,7.3,3.3,5,80.6,Normal,2.89,3.4,0.5099999999999998,Improve,1.03,False
ID04800,Female,21,Economics,5.6,7.6,11,79.0,Normal,2.79,3.07,0.2799999999999998,Other,0.4,False
ID04801,Male,20,Business,6.3,8.7,11,62.3,Danger,2.74,3.07,0.3299999999999996,Other,0.35,False
ID04802,Male,18,Engineering,8.2,2.5,6,65.4,Danger,3.09,3.02,-0.06999999999999984,Maintain,1.21,False
ID04803,Female,19,Computer Science,8.5,5.3,9,100.0,Excellent,3.0,3.4,0.3999999999999999,Other,0.64,False
ID04804,Male,19,Mathematics,8.1,2.9,7,77.9,Normal,2.69,2.63,-0.06000000000000005,Maintain,0.91,False
ID04805,Female,24,Psychology,6.6,1.3,7,85.3,Normal,2.53,2.83,0.30000000000000027,Other,2.18,False
ID04806,Male,23,Psychology,7.7,8.4,9,54.3,Danger,3.05,3.15,0.10000000000000009,Other,0.38,False
ID04807,Male,22,Engineering,5.8,1.9,6,65.2,Danger,2.88,2.92,0.040000000000000036,Maintain,1.54,False
ID04808,Female,22,Business,8.1,13.5,10,94.1,Excellent,2.53,3.39,0.8600000000000003,Improve,0.25,False
ID04809,Male,19,Business,7.0,1.5,7,90.7,Excellent,3.52,3.6,0.08000000000000007,Maintain,2.4,False
ID04810,Female,20,Business,6.3,7.1,9,100.0,Excellent,3.99,4.0,0.009999999999999787,Maintain,0.56,True
ID04811,Male,20,Economics,5.9,6.9,7,100.0,Excellent,3.58,4.0,0.41999999999999993,Other,0.58,True
ID04812,Female,21,Psychology,8.0,2.9,9,81.5,Normal,2.74,2.94,0.19999999999999973,Other,1.01,False
ID04813,Male,23,Business,6.8,4.6,11,92.1,Excellent,3.07,3.44,0.3700000000000001,Other,0.75,False
ID04814,Male,21,Psychology,6.3,3.0,10,80.3,Normal,3.87,4.0,0.1299999999999999,Other,1.33,True
ID04815,Female,22,Engineering,6.3,2.2,9,100.0,Excellent,2.51,2.67,0.16000000000000014,Other,1.21,False
ID04816,Female,19,Computer Science,5.1,5.0,14,100.0,Excellent,3.49,3.72,0.22999999999999998,Other,0.74,False
ID04817,Female,24,Economics,7.2,6.3,10,87.5,Normal,2.38,3.01,0.6299999999999999,Improve,0.48,False
ID04818,Female,20,Mathematics,7.4,2.4,8,88.0,Normal,3.94,4.0,0.06000000000000005,Maintain,1.67,True
ID04819,Female,19,Engineering,4.8,8.4,7,100.0,Excellent,2.88,3.5,0.6200000000000001,Improve,0.42,False
ID04820,Male,18,Psychology,5.4,4.5,3,93.7,Excellent,4.0,4.0,0.0,Maintain,0.89,True
ID04821,Male,19,Engineering,4.5,3.8,3,100.0,Excellent,3.96,4.0,0.040000000000000036,Maintain,1.05,True
ID04822,Male,18,Mathematics,8.8,3.9,3,52.1,Danger,3.05,2.75,-0.2999999999999998,Other,0.71,False
ID04823,Male,21,Economics,7.9,8.3,6,91.9,Excellent,2.74,3.36,0.6199999999999997,Improve,0.4,False
ID04824,Male,21,Computer Science,8.7,3.2,12,77.3,Normal,3.2,3.3,0.09999999999999964,Maintain,1.03,False
ID04825,Male,22,Mathematics,9.4,3.3,2,100.0,Excellent,3.01,3.04,0.03000000000000025,Maintain,0.92,False
ID04826,Male,19,Economics,7.7,8.2,9,100.0,Excellent,2.9,3.54,0.6400000000000001,Improve,0.43,False
ID04827,Female,19,Psychology,6.9,8.5,8,85.5,Normal,2.27,2.98,0.71,Improve,0.35,False
ID04828,Male,18,Mathematics,7.3,6.8,6,100.0,Excellent,2.84,3.37,0.5300000000000002,Improve,0.5,False
ID04829,Male,21,Engineering,6.0,1.6,8,100.0,Excellent,2.54,2.96,0.41999999999999993,Other,1.85,False
ID04830,Male,18,Business,5.8,11.1,3,86.1,Normal,3.38,3.95,0.5700000000000003,Improve,0.36,True
ID04831,Female,21,Engineering,6.4,4.2,8,100.0,Excellent,3.6,4.0,0.3999999999999999,Other,0.95,True
ID04832,Female,18,Psychology,6.6,3.7,9,84.5,Normal,3.47,3.88,0.4099999999999997,Other,1.05,True
ID04833,Female,21,Computer Science,4.5,6.8,9,81.8,Normal,3.27,3.47,0.20000000000000018,Other,0.51,False
ID04834,Male,18,Mathematics,5.1,4.8,2,98.0,Excellent,2.67,2.98,0.31000000000000005,Other,0.62,False
ID04835,Male,24,Computer Science,5.1,3.0,9,79.7,Normal,3.2,3.0,-0.20000000000000018,Other,1.0,False
ID04836,Male,21,Psychology,5.0,9.2,8,86.3,Normal,3.5,4.0,0.5,Improve,0.43,True
ID04837,Male,23,Mathematics,8.0,3.7,13,100.0,Excellent,2.81,3.3,0.48999999999999977,Other,0.89,False
ID04838,Male,18,Economics,6.5,4.2,8,85.3,Normal,3.16,3.57,0.4099999999999997,Other,0.85,False
ID04839,Male,19,Economics,6.7,9.2,3,59.6,Danger,3.03,3.08,0.050000000000000266,Maintain,0.33,False
ID04840,Male,22,Engineering,7.6,6.6,9,90.5,Excellent,3.93,4.0,0.06999999999999984,Maintain,0.61,True
ID04841,Female,23,Engineering,8.2,5.6,10,74.6,Danger,3.53,3.57,0.040000000000000036,Maintain,0.64,False
ID04842,Female,23,Psychology,7.7,2.9,11,98.0,Excellent,3.4,3.67,0.27,Other,1.27,False
ID04843,Male,18,Economics,9.5,5.0,10,95.4,Excellent,2.24,2.49,0.25,Other,0.5,False
ID04844,Male,22,Mathematics,7.1,5.2,12,100.0,Excellent,3.19,3.68,0.4900000000000002,Other,0.71,False
ID04845,Male,19,Economics,7.3,5.1,6,98.6,Excellent,3.02,3.54,0.52,Improve,0.69,False
ID04846,Male,23,Engineering,6.1,3.8,6,100.0,Excellent,3.02,3.33,0.31000000000000005,Other,0.88,False
ID04847,Female,19,Psychology,4.2,2.4,7,75.0,Danger,2.32,2.01,-0.31000000000000005,Other,0.84,False
ID04848,Male,21,Economics,7.1,7.1,6,97.1,Excellent,2.56,3.08,0.52,Improve,0.43,False
ID04849,Female,24,Psychology,8.3,2.8,7,100.0,Excellent,3.07,3.29,0.2200000000000002,Other,1.18,False
ID04850,Male,22,Economics,5.9,4.0,6,74.7,Danger,3.66,3.6,-0.06000000000000005,Maintain,0.9,False
ID04851,Female,24,Computer Science,6.2,0.6,7,100.0,Excellent,2.8,2.92,0.1200000000000001,Other,4.87,False
ID04852,Male,20,Economics,8.4,6.5,10,76.8,Normal,2.9,3.13,0.22999999999999998,Other,0.48,False
ID04853,Female,21,Engineering,6.9,2.1,7,72.2,Danger,3.99,3.94,-0.050000000000000266,Maintain,1.88,True
ID04854,Male,22,Mathematics,5.6,5.2,12,89.4,Normal,2.95,3.38,0.4299999999999997,Other,0.65,False
ID04855,Female,18,Engineering,5.6,1.7,11,95.7,Excellent,3.04,3.23,0.18999999999999995,Other,1.9,False
ID04856,Male,24,Engineering,8.0,3.5,9,98.7,Excellent,3.04,3.48,0.43999999999999995,Other,0.99,False
ID04857,Male,18,Engineering,6.8,3.3,10,70.6,Danger,2.43,2.6,0.16999999999999993,Other,0.79,False
ID04858,Female,19,Psychology,6.8,2.1,11,91.5,Excellent,3.39,3.54,0.1499999999999999,Other,1.69,False
ID04859,Female,23,Business,4.9,4.6,6,74.7,Danger,2.77,2.88,0.10999999999999988,Other,0.63,False
ID04860,Female,24,Business,7.7,1.4,6,62.7,Danger,3.08,3.09,0.009999999999999787,Maintain,2.21,False
ID04861,Female,20,Computer Science,8.5,6.0,4,71.1,Danger,3.32,3.39,0.07000000000000028,Maintain,0.57,False
ID04862,Female,18,Engineering,6.5,6.2,3,73.7,Danger,4.0,4.0,0.0,Maintain,0.65,True
ID04863,Male,22,Business,7.6,2.3,18,92.8,Excellent,2.44,2.33,-0.10999999999999988,Other,1.01,False
ID04864,Male,24,Computer Science,6.4,8.2,4,100.0,Excellent,3.53,4.0,0.4700000000000002,Other,0.49,True
ID04865,Male,24,Psychology,7.9,3.6,5,62.9,Danger,3.53,3.51,-0.020000000000000018,Maintain,0.97,False
ID04866,Female,23,Engineering,7.7,2.0,2,90.3,Excellent,2.78,3.19,0.41000000000000014,Other,1.6,False
ID04867,Male,23,Mathematics,6.4,1.1,6,67.3,Danger,3.4,3.34,-0.06000000000000005,Maintain,3.04,False
ID04868,Male,22,Psychology,4.0,0.3,10,94.4,Excellent,3.92,3.9,-0.020000000000000018,Maintain,13.0,True
ID04869,Female,23,Computer Science,5.8,7.9,11,75.7,Normal,2.72,2.72,0.0,Maintain,0.34,False
ID04870,Female,18,Psychology,7.5,2.5,6,69.2,Danger,3.22,3.27,0.04999999999999982,Maintain,1.31,False
ID04871,Male,22,Mathematics,8.3,3.2,7,97.0,Excellent,3.3,3.58,0.28000000000000025,Other,1.12,False
ID04872,Male,22,Psychology,6.1,3.0,9,76.2,Normal,3.37,3.31,-0.06000000000000005,Maintain,1.1,False
ID04873,Male,19,Computer Science,9.0,6.9,13,80.3,Normal,3.48,3.74,0.26000000000000023,Other,0.54,False
ID04874,Male,20,Mathematics,9.2,5.4,7,51.7,Danger,3.18,2.99,-0.18999999999999995,Other,0.55,False
ID04875,Male,24,Mathematics,8.0,4.3,10,99.2,Excellent,3.36,3.63,0.27,Other,0.84,False
ID04876,Female,19,Psychology,5.3,1.5,10,97.3,Excellent,2.64,2.91,0.27,Other,1.94,False
ID04877,Female,20,Mathematics,8.1,9.4,11,85.1,Normal,3.18,3.79,0.6099999999999999,Improve,0.4,False
ID04878,Female,22,Psychology,6.2,5.4,8,62.1,Danger,2.86,3.14,0.28000000000000025,Other,0.58,False
ID04879,Male,24,Engineering,6.1,5.5,6,100.0,Excellent,2.49,3.11,0.6199999999999997,Improve,0.57,False
ID04880,Female,23,Mathematics,7.7,1.7,10,75.0,Danger,2.85,2.72,-0.1299999999999999,Other,1.6,False
ID04881,Male,20,Psychology,7.6,1.9,7,78.2,Normal,3.23,3.18,-0.04999999999999982,Maintain,1.67,False
ID04882,Male,22,Engineering,7.7,4.2,6,100.0,Excellent,3.32,3.64,0.3200000000000003,Other,0.87,False
ID04883,Female,22,Mathematics,8.0,4.2,4,74.4,Danger,2.47,2.36,-0.11000000000000032,Other,0.56,False
ID04884,Male,19,Engineering,6.9,2.1,6,96.1,Excellent,2.63,2.85,0.2200000000000002,Other,1.36,False
ID04885,Male,19,Economics,4.8,1.7,6,93.4,Excellent,3.46,3.57,0.10999999999999988,Other,2.1,False
ID04886,Female,23,Mathematics,10.0,2.8,4,90.9,Excellent,3.35,3.41,0.06000000000000005,Maintain,1.22,False
ID04887,Male,21,Economics,6.4,3.3,9,89.2,Normal,3.54,4.0,0.45999999999999996,Other,1.21,True
ID04888,Female,18,Computer Science,5.9,1.5,3,90.6,Excellent,3.78,3.82,0.040000000000000036,Maintain,2.55,False
ID04889,Male,21,Computer Science,5.2,5.5,6,89.1,Normal,3.37,3.8,0.4299999999999997,Other,0.69,False
ID04890,Female,21,Psychology,7.2,5.7,2,84.2,Normal,2.89,3.16,0.27,Other,0.55,False
ID04891,Male,24,Business,7.1,5.2,5,100.0,Excellent,3.16,3.38,0.21999999999999975,Other,0.65,False
ID04892,Male,24,Economics,6.8,1.6,10,65.3,Danger,3.93,4.0,0.06999999999999984,Maintain,2.5,True
ID04893,Female,23,Economics,9.2,2.7,13,100.0,Excellent,4.0,4.0,0.0,Maintain,1.48,True
ID04894,Male,24,Computer Science,8.0,6.2,12,97.3,Excellent,3.33,3.9,0.5699999999999998,Improve,0.63,True
ID04895,Male,20,Economics,5.5,4.4,13,95.5,Excellent,3.37,3.68,0.31000000000000005,Other,0.84,False
ID04896,Male,23,Business,10.0,8.3,6,100.0,Excellent,3.46,3.91,0.4500000000000002,Other,0.47,True
ID04897,Male,23,Engineering,4.7,7.6,11,83.6,Normal,3.11,3.35,0.2400000000000002,Other,0.44,False
ID04898,Male,22,Engineering,6.8,3.9,10,57.0,Danger,3.68,3.36,-0.3200000000000003,Other,0.86,False
ID04899,Male,22,Business,5.9,2.7,8,83.9,Normal,3.6,3.95,0.3500000000000001,Other,1.46,True
ID04900,Female,22,Economics,7.6,6.0,8,70.1,Danger,3.28,3.59,0.31000000000000005,Other,0.6,False
ID04901,Male,18,Economics,8.0,6.3,9,74.0,Danger,2.94,3.14,0.20000000000000018,Other,0.5,False
ID04902,Male,20,Economics,6.4,6.8,9,66.4,Danger,2.34,2.56,0.2200000000000002,Other,0.38,False
ID04903,Male,20,Psychology,8.6,4.4,6,77.8,Normal,3.47,3.41,-0.06000000000000005,Maintain,0.78,False
ID04904,Male,22,Mathematics,7.3,2.5,12,76.1,Normal,3.21,3.3,0.08999999999999986,Maintain,1.32,False
ID04905,Female,21,Business,9.2,5.2,2,49.3,Danger,2.73,2.59,-0.14000000000000012,Other,0.5,False
ID04906,Male,18,Business,8.4,5.3,7,95.5,Excellent,2.54,2.95,0.41000000000000014,Other,0.56,False
ID04907,Female,21,Business,6.3,5.9,10,100.0,Excellent,3.43,3.89,0.45999999999999996,Other,0.66,True
ID04908,Male,19,Business,8.6,2.9,7,94.1,Excellent,2.3,2.55,0.25,Other,0.88,False
ID04909,Female,20,Business,6.0,0.9,10,82.0,Normal,3.25,3.33,0.08000000000000007,Maintain,3.7,False
ID04910,Male,20,Economics,7.9,5.2,6,84.2,Normal,3.52,4.0,0.48,Other,0.77,True
ID04911,Female,21,Psychology,7.8,1.4,10,78.7,Normal,3.37,3.46,0.08999999999999986,Maintain,2.47,False
ID04912,Female,18,Computer Science,6.2,6.2,5,86.4,Normal,2.9,3.54,0.6400000000000001,Improve,0.57,False
ID04913,Male,20,Economics,4.0,4.3,7,84.4,Normal,2.48,2.61,0.1299999999999999,Other,0.61,False
ID04914,Male,21,Economics,9.2,2.6,9,72.4,Danger,3.39,3.33,-0.06000000000000005,Maintain,1.28,False
ID04915,Male,23,Mathematics,7.6,8.1,7,100.0,Excellent,3.7,4.0,0.2999999999999998,Other,0.49,True
ID04916,Female,23,Computer Science,7.0,3.1,3,62.7,Danger,2.81,2.76,-0.050000000000000266,Maintain,0.89,False
ID04917,Male,24,Business,7.0,4.3,5,95.8,Excellent,3.35,3.86,0.5099999999999998,Improve,0.9,False
ID04918,Male,18,Computer Science,8.5,2.8,7,83.5,Normal,3.89,4.0,0.10999999999999988,Other,1.43,True
ID04919,Female,21,Psychology,10.0,4.1,7,100.0,Excellent,3.27,3.61,0.33999999999999986,Other,0.88,False
ID04920,Male,24,Engineering,8.4,5.4,9,90.1,Excellent,2.9,3.03,0.1299999999999999,Other,0.56,False
ID04921,Female,23,Economics,7.6,3.0,9,79.6,Normal,3.62,3.82,0.19999999999999973,Other,1.27,False
ID04922,Female,18,Computer Science,7.4,3.5,4,81.3,Normal,2.73,3.14,0.41000000000000014,Other,0.9,False
ID04923,Female,24,Mathematics,7.5,6.1,9,85.6,Normal,2.45,3.09,0.6399999999999997,Improve,0.51,False
ID04924,Female,22,Psychology,5.5,1.0,10,67.9,Danger,3.51,3.14,-0.36999999999999966,Other,3.14,False
ID04925,Male,18,Engineering,7.9,6.4,6,73.5,Danger,2.9,3.15,0.25,Other,0.49,False
ID04926,Male,19,Psychology,5.0,7.1,5,58.2,Danger,2.94,2.84,-0.10000000000000009,Other,0.4,False
ID04927,Male,22,Business,7.7,2.0,11,71.2,Danger,2.79,2.57,-0.2200000000000002,Other,1.28,False
ID04928,Male,24,Engineering,6.3,1.2,8,86.4,Normal,2.86,2.9,0.040000000000000036,Maintain,2.42,False
ID04929,Female,21,Mathematics,8.3,1.6,10,89.5,Normal,3.8,4.0,0.20000000000000018,Other,2.5,True
ID04930,Female,22,Engineering,7.6,2.2,8,55.3,Danger,3.93,3.71,-0.2200000000000002,Other,1.69,False
ID04931,Male,22,Mathematics,6.5,1.8,10,82.9,Normal,4.0,4.0,0.0,Maintain,2.22,True
ID04932,Male,24,Business,5.5,5.6,7,93.5,Excellent,3.65,4.0,0.3500000000000001,Other,0.71,True
ID04933,Female,21,Mathematics,9.2,3.7,8,82.6,Normal,3.33,3.46,0.1299999999999999,Other,0.94,False
ID04934,Male,21,Psychology,6.9,4.8,5,75.5,Normal,2.38,2.66,0.28000000000000025,Other,0.55,False
ID04935,Male,23,Computer Science,9.6,6.7,5,78.8,Normal,3.01,3.0,-0.009999999999999787,Maintain,0.45,False
ID04936,Male,19,Psychology,5.2,6.0,7,76.9,Normal,4.0,4.0,0.0,Maintain,0.67,True
ID04937,Female,21,Economics,6.6,9.1,9,75.4,Normal,2.88,3.2,0.3200000000000003,Other,0.35,False
ID04938,Female,20,Psychology,4.0,7.5,7,87.6,Normal,3.86,4.0,0.14000000000000012,Other,0.53,True
ID04939,Female,20,Engineering,8.1,0.4,10,100.0,Excellent,3.13,3.37,0.2400000000000002,Other,8.42,False
ID04940,Female,19,Business,8.3,3.4,6,73.8,Danger,1.76,1.72,-0.040000000000000036,Maintain,0.51,False
ID04941,Male,18,Economics,6.1,5.2,6,80.2,Normal,3.42,3.67,0.25,Other,0.71,False
ID04942,Male,24,Economics,6.0,9.3,10,84.2,Normal,3.73,4.0,0.27,Other,0.43,True
ID04943,Female,18,Economics,6.4,3.1,2,74.7,Danger,3.08,3.19,0.10999999999999988,Other,1.03,False
ID04944,Male,20,Computer Science,6.6,5.4,13,100.0,Excellent,3.72,4.0,0.2799999999999998,Other,0.74,True
ID04945,Female,21,Mathematics,6.2,10.8,12,49.4,Danger,2.27,2.25,-0.020000000000000018,Maintain,0.21,False
ID04946,Female,19,Engineering,8.6,5.8,9,77.0,Normal,2.41,2.48,0.06999999999999984,Maintain,0.43,False
ID04947,Female,18,Business,6.3,2.0,10,97.3,Excellent,3.2,3.37,0.16999999999999993,Other,1.68,False
ID04948,Female,18,Computer Science,4.2,1.2,11,80.6,Normal,3.34,3.46,0.1200000000000001,Other,2.88,False
ID04949,Female,24,Psychology,6.6,2.3,10,72.7,Danger,3.78,3.67,-0.10999999999999988,Other,1.6,False
ID04950,Female,22,Business,6.2,3.6,8,91.6,Excellent,3.42,3.75,0.33000000000000007,Other,1.04,False
ID04951,Male,20,Economics,5.0,10.3,12,98.6,Excellent,2.5,3.2,0.7000000000000002,Improve,0.31,False
ID04952,Male,21,Business,7.3,7.0,5,88.2,Normal,3.21,3.59,0.3799999999999999,Other,0.51,False
ID04953,Male,19,Business,4.1,3.1,8,73.0,Danger,3.4,3.11,-0.29000000000000004,Other,1.0,False
ID04954,Female,18,Psychology,7.6,2.1,4,91.8,Excellent,2.16,2.28,0.11999999999999966,Other,1.09,False
ID04955,Male,24,Mathematics,7.0,2.1,11,79.0,Normal,3.08,3.17,0.08999999999999986,Maintain,1.51,False
ID04956,Female,22,Engineering,6.2,12.0,10,96.2,Excellent,2.93,3.65,0.7199999999999998,Improve,0.3,False
ID04957,Male,20,Economics,5.3,1.9,5,100.0,Excellent,2.77,3.01,0.23999999999999977,Other,1.58,False
ID04958,Female,20,Mathematics,4.8,6.3,9,45.9,Danger,3.35,2.93,-0.41999999999999993,Other,0.47,False
ID04959,Male,24,Computer Science,8.3,6.1,10,86.7,Normal,2.53,2.74,0.2100000000000004,Other,0.45,False
ID04960,Female,19,Economics,6.6,3.4,9,59.0,Danger,3.31,3.06,-0.25,Other,0.9,False
ID04961,Male,18,Engineering,4.5,1.8,9,100.0,Excellent,3.38,3.61,0.22999999999999998,Other,2.01,False
ID04962,Male,19,Computer Science,7.0,5.2,10,78.0,Normal,3.64,3.87,0.22999999999999998,Other,0.74,True
ID04963,Male,24,Psychology,6.6,9.8,5,96.2,Excellent,2.54,3.24,0.7000000000000002,Improve,0.33,False
ID04964,Female,24,Mathematics,9.1,1.7,8,84.5,Normal,2.35,2.59,0.23999999999999977,Other,1.52,False
ID04965,Male,19,Economics,6.4,4.2,8,73.0,Danger,3.24,3.17,-0.07000000000000028,Maintain,0.75,False
ID04966,Male,23,Business,8.5,5.9,3,71.2,Danger,2.96,3.07,0.10999999999999988,Other,0.52,False
ID04967,Female,22,Engineering,6.7,9.5,8,100.0,Excellent,4.0,4.0,0.0,Maintain,0.42,True
ID04968,Female,20,Economics,5.2,1.0,12,99.3,Excellent,3.33,3.6,0.27,Other,3.6,False
ID04969,Female,23,Business,7.7,5.5,10,100.0,Excellent,3.13,3.6,0.4700000000000002,Other,0.65,False
ID04970,Male,21,Economics,8.8,9.4,3,85.8,Normal,3.01,3.55,0.54,Improve,0.38,False
ID04971,Male,20,Computer Science,8.4,6.3,8,89.3,Normal,2.49,2.89,0.3999999999999999,Other,0.46,False
ID04972,Female,20,Business,7.5,2.7,6,81.0,Normal,3.38,3.8,0.41999999999999993,Other,1.41,False
ID04973,Male,22,Business,8.5,4.3,8,80.7,Normal,3.06,3.13,0.06999999999999984,Maintain,0.73,False
ID04974,Female,21,Economics,7.3,6.9,3,69.4,Danger,3.06,3.4,0.33999999999999986,Other,0.49,False
ID04975,Male,18,Psychology,7.1,7.2,11,86.3,Normal,3.15,3.47,0.3200000000000003,Other,0.48,False
ID04976,Male,21,Psychology,4.8,6.3,9,73.2,Danger,3.21,3.31,0.10000000000000009,Other,0.53,False
ID04977,Male,18,Mathematics,7.3,4.5,9,91.6,Excellent,2.23,2.61,0.3799999999999999,Other,0.58,False
ID04978,Male,21,Computer Science,9.3,3.8,7,87.6,Normal,3.52,3.71,0.18999999999999995,Other,0.98,False
ID04979,Male,19,Psychology,4.5,7.5,6,89.3,Normal,2.68,2.96,0.2799999999999998,Other,0.39,False
ID04980,Male,24,Economics,5.0,5.3,13,100.0,Excellent,3.03,3.19,0.16000000000000014,Other,0.6,False
ID04981,Female,21,Psychology,6.5,4.4,11,84.4,Normal,3.74,4.0,0.2599999999999998,Other,0.91,True
ID04982,Male,23,Mathematics,5.0,2.5,7,96.4,Excellent,3.99,4.0,0.009999999999999787,Maintain,1.6,True
ID04983,Female,23,Engineering,8.0,2.4,7,100.0,Excellent,2.25,2.59,0.33999999999999986,Other,1.08,False
ID04984,Female,22,Mathematics,4.4,3.9,5,100.0,Excellent,3.12,3.56,0.43999999999999995,Other,0.91,False
ID04985,Female,24,Business,8.0,5.7,7,100.0,Excellent,3.24,3.75,0.5099999999999998,Improve,0.66,False
ID04986,Male,24,Business,8.5,5.5,7,80.4,Normal,2.35,2.51,0.1599999999999997,Other,0.46,False
ID04987,Female,18,Psychology,8.0,5.3,9,88.4,Normal,3.5,3.93,0.43000000000000016,Other,0.74,True
ID04988,Female,20,Psychology,7.0,4.2,6,65.2,Danger,3.16,3.35,0.18999999999999995,Other,0.8,False
ID04989,Female,22,Mathematics,7.8,7.1,9,92.5,Excellent,3.2,3.89,0.69,Improve,0.55,True
ID04990,Female,23,Mathematics,5.3,7.9,12,89.1,Normal,2.64,3.18,0.54,Improve,0.4,False
ID04991,Female,23,Economics,7.4,1.9,7,85.4,Normal,3.31,3.48,0.16999999999999993,Other,1.83,False
ID04992,Female,18,Computer Science,6.1,2.8,11,100.0,Excellent,3.52,3.71,0.18999999999999995,Other,1.33,False
ID04993,Male,23,Economics,8.3,11.8,7,66.9,Danger,3.16,3.61,0.44999999999999973,Other,0.31,False
ID04994,Female,23,Business,8.1,3.7,7,100.0,Excellent,2.84,3.18,0.3400000000000003,Other,0.86,False
ID04995,Male,18,Economics,5.8,3.8,7,98.5,Excellent,2.88,3.11,0.22999999999999998,Other,0.82,False
ID04996,Female,23,Mathematics,7.5,2.4,8,83.9,Normal,3.21,3.31,0.10000000000000009,Other,1.38,False
ID04997,Male,20,Economics,7.6,7.2,7,82.8,Normal,3.12,3.7,0.5800000000000001,Improve,0.51,False
ID04998,Male,19,Engineering,6.3,13.5,6,92.2,Excellent,3.55,4.0,0.4500000000000002,Other,0.3,True
ID04999,Female,22,Computer Science,7.0,2.4,6,100.0,Excellent,2.86,2.93,0.07000000000000028,Maintain,1.22,False
ID05000,Female,20,Mathematics,7.8,7.4,4,86.5,Normal,2.49,3.07,0.5799999999999996,Improve,0.41,False
